corpus,file,preset,backend,container,original_bytes,compressed_bytes,ratio,saved_percent,byte_equal,sha256_equal,compression_ms,decompression_ms
canterbury-text-subset-4of11,alice29.txt,fast,C++ native,AFC2,152089,71077,2.139778,53.2662,True,True,30.7025,1.9025
canterbury-text-subset-4of11,alice29.txt,balanced,C++ native,AFC2,152089,61562,2.470501,59.5224,True,True,201.1179,1.8629
canterbury-text-subset-4of11,alice29.txt,maximum,C++ native,AFC2,152089,61562,2.470501,59.5224,True,True,364.2352,1.4244
canterbury-text-subset-4of11,asyoulik.txt,fast,C++ native,AFC2,125179,62952,1.988483,49.7104,True,True,15.4358,0.8206
canterbury-text-subset-4of11,asyoulik.txt,balanced,C++ native,AFC2,125179,54741,2.28675,56.2698,True,True,136.1336,1.2585
canterbury-text-subset-4of11,asyoulik.txt,maximum,C++ native,AFC2,125179,54741,2.28675,56.2698,True,True,302.5084,1.1216
canterbury-text-subset-4of11,lcet10.txt,fast,C++ native,AFC2,426754,181326,2.353518,57.5104,True,True,45.2924,2.5868
canterbury-text-subset-4of11,lcet10.txt,balanced,C++ native,AFC2,426754,152451,2.799286,64.2766,True,True,381.9066,2.7803
canterbury-text-subset-4of11,lcet10.txt,maximum,C++ native,AFC2,426754,152451,2.799286,64.2766,True,True,858.9577,2.994
canterbury-text-subset-4of11,plrabn12.txt,fast,C++ native,AFC2,481861,218928,2.201002,54.5662,True,True,56.5232,2.954
canterbury-text-subset-4of11,plrabn12.txt,balanced,C++ native,AFC2,481861,193855,2.485677,59.7695,True,True,428.4984,3.7628
canterbury-text-subset-4of11,plrabn12.txt,maximum,C++ native,AFC2,481861,193466,2.490675,59.8502,True,True,1040.8854,3.7325
silesia,dickens,fast,C++ native,AFC2,10192446,4157846,2.451377,59.2066,True,True,710.8729,73.144
silesia,dickens,balanced,C++ native,AFC2,10192446,3455917,2.949274,66.0933,True,True,4379.3812,68.9252
silesia,dickens,maximum,C++ native,AFC2,10192446,3416459,2.983336,66.4805,True,True,13440.8227,58.3434
silesia,mozilla,fast,C++ native,AFC2,51220480,33777834,1.516393,34.054,True,True,5053.5563,384.2027
silesia,mozilla,balanced,C++ native,AFC2,51220480,30459641,1.681585,40.5323,True,True,29352.7111,356.2247
silesia,mozilla,maximum,C++ native,AFC2,51220480,29401549,1.742101,42.5981,True,True,67706.8751,390.3687
silesia,mr,fast,C++ native,AFC2,9970564,4081165,2.443068,59.0679,True,True,514.2629,55.2878
silesia,mr,balanced,C++ native,AFC2,9970564,3868289,2.577513,61.2029,True,True,2338.7702,53.8505
silesia,mr,maximum,C++ native,AFC2,9970564,3863149,2.580942,61.2545,True,True,9158.5707,57.0779
silesia,nci,fast,C++ native,AFC2,33553445,5283557,6.350541,84.2533,True,True,936.106,119.8064
silesia,nci,balanced,C++ native,AFC2,33553445,3893724,8.617315,88.3955,True,True,10025.2257,94.4694
silesia,nci,maximum,C++ native,AFC2,33553445,3552588,9.444789,89.4122,True,True,24121.169,81.9655
silesia,ooffice,fast,C++ native,AFC2,6152192,4158668,1.479366,32.4035,True,True,567.7888,56.8057
silesia,ooffice,balanced,C++ native,AFC2,6152192,3897605,1.578454,36.6469,True,True,3816.9237,51.0543
silesia,ooffice,maximum,C++ native,AFC2,6152192,3856134,1.59543,37.321,True,True,9313.2797,39.569
silesia,osdb,fast,C++ native,AFC2,10085684,4658106,2.16519,53.8147,True,True,522.7627,56.4586
silesia,osdb,balanced,C++ native,AFC2,10085684,3846937,2.621744,61.8575,True,True,1977.6455,40.4924
silesia,osdb,maximum,C++ native,AFC2,10085684,3590705,2.808831,64.398,True,True,5900.3438,35.804
silesia,reymont,fast,C++ native,AFC2,6627202,2268904,2.920883,65.7638,True,True,735.9034,28.2715
silesia,reymont,balanced,C++ native,AFC2,6627202,1869961,3.544032,71.7836,True,True,4714.0638,29.6349
silesia,reymont,maximum,C++ native,AFC2,6627202,1809465,3.66252,72.6964,True,True,11946.027,30.0597
silesia,samba,fast,C++ native,AFC2,21606400,11120096,1.943005,48.5333,True,True,1095.3862,124.7435
silesia,samba,balanced,C++ native,AFC2,21606400,9723969,2.221973,54.995,True,True,5582.4703,138.6352
silesia,samba,maximum,C++ native,AFC2,21606400,9512546,2.271358,55.9735,True,True,15753.5009,119.1403
silesia,sao,fast,C++ native,AFC2,7251944,5340449,1.357928,26.3584,True,True,648.317,55.3263
silesia,sao,balanced,C++ native,AFC2,7251944,5185587,1.398481,28.4938,True,True,3975.9958,45.9546
silesia,sao,maximum,C++ native,AFC2,7251944,5166691,1.403595,28.7544,True,True,9631.6204,48.3033
silesia,webster,fast,C++ native,AFC2,41458703,15903798,2.606843,61.6394,True,True,2150.2178,248.6988
silesia,webster,balanced,C++ native,AFC2,41458703,13237773,3.131849,68.07,True,True,23592.8496,224.1144
silesia,webster,maximum,C++ native,AFC2,41458703,12772400,3.24596,69.1925,True,True,67160.4104,236.2729
silesia,x-ray,fast,C++ native,AFC2,8474240,6423384,1.31928,24.2011,True,True,610.2111,58.4535
silesia,x-ray,balanced,C++ native,AFC2,8474240,6178167,1.371643,27.0947,True,True,2468.4608,64.5145
silesia,x-ray,maximum,C++ native,AFC2,8474240,6156636,1.37644,27.3488,True,True,7491.6843,59.7211
silesia,xml,fast,C++ native,AFC2,5345280,1967360,2.716981,63.1944,True,True,198.6771,24.9845
silesia,xml,balanced,C++ native,AFC2,5345280,1515722,3.526557,71.6437,True,True,1432.2465,21.2701
silesia,xml,maximum,C++ native,AFC2,5345280,1406689,3.799902,73.6835,True,True,4008.0244,19.6854
govdocs1-thread000,000000.swf,fast,C++ native,AFC2,80468,76746,1.048498,4.6254,True,True,19.6611,0.5728
govdocs1-thread000,000000.swf,balanced,C++ native,AFC2,80468,76021,1.058497,5.5264,True,True,110.0698,0.8108
govdocs1-thread000,000000.swf,maximum,C++ native,AFC2,80468,76021,1.058497,5.5264,True,True,194.7193,0.7682
govdocs1-thread000,000001.doc,fast,C++ native,AFC2,40960,13357,3.066557,67.3901,True,True,7.1911,0.3488
govdocs1-thread000,000001.doc,balanced,C++ native,AFC2,40960,11902,3.441438,70.9424,True,True,58.6657,0.3463
govdocs1-thread000,000001.doc,maximum,C++ native,AFC2,40960,11902,3.441438,70.9424,True,True,105.2637,0.3509
govdocs1-thread000,000002.doc,fast,C++ native,AFC2,57856,37021,1.562789,36.0118,True,True,16.7759,0.3968
govdocs1-thread000,000002.doc,balanced,C++ native,AFC2,57856,34569,1.673638,40.2499,True,True,97.7739,0.4226
govdocs1-thread000,000002.doc,maximum,C++ native,AFC2,57856,34525,1.675771,40.326,True,True,203.6515,0.5226
govdocs1-thread000,000003.doc,fast,C++ native,AFC2,55808,35826,1.557751,35.8049,True,True,10.3362,0.4003
govdocs1-thread000,000003.doc,balanced,C++ native,AFC2,55808,33612,1.660359,39.7721,True,True,77.9271,0.417
govdocs1-thread000,000003.doc,maximum,C++ native,AFC2,55808,33495,1.666159,39.9817,True,True,168.8088,0.3873
govdocs1-thread000,000004.doc,fast,C++ native,AFC2,175616,111746,1.571564,36.3691,True,True,26.5732,1.1631
govdocs1-thread000,000004.doc,balanced,C++ native,AFC2,175616,108183,1.623323,38.398,True,True,160.6518,1.2389
govdocs1-thread000,000004.doc,maximum,C++ native,AFC2,175616,107893,1.627687,38.5631,True,True,352.4521,1.364
govdocs1-thread000,000005.doc,fast,C++ native,AFC2,180736,144153,1.253779,20.2411,True,True,30.9836,1.5594
govdocs1-thread000,000005.doc,balanced,C++ native,AFC2,180736,139936,1.291562,22.5744,True,True,192.6082,1.4615
govdocs1-thread000,000005.doc,maximum,C++ native,AFC2,180736,139162,1.298745,23.0026,True,True,396.2204,1.5198
govdocs1-thread000,000006.doc,fast,C++ native,AFC2,67584,25299,2.67141,62.5666,True,True,7.9237,0.3513
govdocs1-thread000,000006.doc,balanced,C++ native,AFC2,67584,20853,3.240973,69.1451,True,True,51.0466,0.4017
govdocs1-thread000,000006.doc,maximum,C++ native,AFC2,67584,20853,3.240973,69.1451,True,True,93.9868,0.5084
govdocs1-thread000,000007.doc,fast,C++ native,AFC2,179200,51184,3.501094,71.4375,True,True,10.6842,0.6403
govdocs1-thread000,000007.doc,balanced,C++ native,AFC2,179200,40833,4.388607,77.2137,True,True,87.2794,0.7948
govdocs1-thread000,000007.doc,maximum,C++ native,AFC2,179200,39676,4.516584,77.8594,True,True,180.746,0.6397
govdocs1-thread000,000008.ppt,fast,C++ native,AFC2,304640,223625,1.362281,26.5937,True,True,48.0216,2.0069
govdocs1-thread000,000008.ppt,balanced,C++ native,AFC2,304640,214612,1.419492,29.5523,True,True,253.6942,1.9856
govdocs1-thread000,000008.ppt,maximum,C++ native,AFC2,304640,213351,1.427882,29.9662,True,True,555.3235,2.3629
govdocs1-thread000,000009.pdf,fast,C++ native,AFC3,39586,34936,1.133101,11.7466,True,True,251.7423,0.2311
govdocs1-thread000,000009.pdf,balanced,C++ native,AFC3,39586,34011,1.163918,14.0833,True,True,462.4805,0.3165
govdocs1-thread000,000009.pdf,maximum,C++ native,AFC3,39586,33969,1.165357,14.1894,True,True,703.661,0.2389
govdocs1-thread000,000010.pdf,fast,C++ native,AFC3,120441,116017,1.038132,3.6732,True,True,758.7346,0.2104
govdocs1-thread000,000010.pdf,balanced,C++ native,AFC3,120441,115285,1.044724,4.2809,True,True,740.2926,0.2061
govdocs1-thread000,000010.pdf,maximum,C++ native,AFC3,120441,115285,1.044724,4.2809,True,True,1080.9611,0.2698
govdocs1-thread000,000011.pdf,fast,C++ native,AFC3,31367,23106,1.357526,26.3366,True,True,101.4232,0.1712
govdocs1-thread000,000011.pdf,balanced,C++ native,AFC3,31367,22215,1.411974,29.1772,True,True,215.1181,0.2405
govdocs1-thread000,000011.pdf,maximum,C++ native,AFC3,31367,22194,1.41331,29.2441,True,True,364.7749,0.2176
govdocs1-thread000,000012.pdf,fast,C++ native,AFC3,22857,18080,1.264215,20.8995,True,True,75.5999,0.1248
govdocs1-thread000,000012.pdf,balanced,C++ native,AFC3,22857,17615,1.297587,22.9339,True,True,135.6876,0.2311
govdocs1-thread000,000012.pdf,maximum,C++ native,AFC3,22857,17615,1.297587,22.9339,True,True,185.2415,0.1772
govdocs1-thread000,000013.pdf,fast,C++ native,AFC3,38638,35179,1.098326,8.9523,True,True,105.5796,0.1369
govdocs1-thread000,000013.pdf,balanced,C++ native,AFC3,38638,34505,1.11978,10.6967,True,True,273.9146,0.1624
govdocs1-thread000,000013.pdf,maximum,C++ native,AFC3,38638,34505,1.11978,10.6967,True,True,430.3449,0.1596
govdocs1-thread000,000014.html,fast,C++ native,AFC2,38053,15924,2.389663,58.1531,True,True,7.4131,0.292
govdocs1-thread000,000014.html,balanced,C++ native,AFC2,38053,12624,3.014338,66.8252,True,True,55.1749,0.2214
govdocs1-thread000,000014.html,maximum,C++ native,AFC2,38053,12624,3.014338,66.8252,True,True,102.8574,0.254
govdocs1-thread000,000015.pdf,fast,C++ native,AFC3,55964,49797,1.123843,11.0196,True,True,115.633,0.1626
govdocs1-thread000,000015.pdf,balanced,C++ native,AFC3,55964,48238,1.160164,13.8053,True,True,360.864,0.2431
govdocs1-thread000,000015.pdf,maximum,C++ native,AFC3,55964,48238,1.160164,13.8053,True,True,656.4169,0.3016
govdocs1-thread000,000016.pdf,fast,C++ native,AFC3,150586,144818,1.039829,3.8304,True,True,917.27,0.3802
govdocs1-thread000,000016.pdf,balanced,C++ native,AFC3,150586,143916,1.046346,4.4294,True,True,1106.1537,0.2706
govdocs1-thread000,000016.pdf,maximum,C++ native,AFC3,150586,143893,1.046514,4.4446,True,True,1227.2837,0.2396
govdocs1-thread000,000017.swf,fast,C++ native,AFC1,7690,7697,0.999091,-0.091,True,True,2.3265,0.013
govdocs1-thread000,000017.swf,balanced,C++ native,AFC1,7690,7697,0.999091,-0.091,True,True,14.4737,0.0246
govdocs1-thread000,000017.swf,maximum,C++ native,AFC1,7690,7697,0.999091,-0.091,True,True,21.3219,0.0308
govdocs1-thread000,000018.pdf,fast,C++ native,AFC3,94424,62392,1.513399,33.9236,True,True,52.1657,0.5143
govdocs1-thread000,000018.pdf,balanced,C++ native,AFC3,94424,57862,1.631883,38.7211,True,True,181.6438,0.5672
govdocs1-thread000,000018.pdf,maximum,C++ native,AFC3,94424,57855,1.63208,38.7285,True,True,365.8173,0.5786
govdocs1-thread000,000019.pdf,fast,C++ native,AFC3,124152,119099,1.042427,4.07,True,True,90.048,0.2698
govdocs1-thread000,000019.pdf,balanced,C++ native,AFC3,124152,118543,1.047316,4.5178,True,True,111.0197,0.2766
govdocs1-thread000,000019.pdf,maximum,C++ native,AFC3,124152,118536,1.047378,4.5235,True,True,137.6011,0.2664
govdocs1-thread000,000020.pdf,fast,C++ native,AFC2,4755,3550,1.339437,25.3417,True,True,17.1249,0.0684
govdocs1-thread000,000020.pdf,balanced,C++ native,AFC2,4755,3412,1.393611,28.244,True,True,52.8659,0.0953
govdocs1-thread000,000020.pdf,maximum,C++ native,AFC2,4755,3412,1.393611,28.244,True,True,75.6515,0.1191
govdocs1-thread000,000021.pdf,fast,C++ native,AFC2,4521,3302,1.36917,26.9631,True,True,19.2895,0.2008
govdocs1-thread000,000021.pdf,balanced,C++ native,AFC2,4521,3153,1.433873,30.2588,True,True,45.2197,0.1164
govdocs1-thread000,000021.pdf,maximum,C++ native,AFC2,4521,3153,1.433873,30.2588,True,True,73.2878,0.0973
govdocs1-thread000,000022.pdf,fast,C++ native,AFC3,21235,17577,1.208113,17.2263,True,True,13.3278,0.1256
govdocs1-thread000,000022.pdf,balanced,C++ native,AFC3,21235,17080,1.243267,19.5668,True,True,73.2506,0.1542
govdocs1-thread000,000022.pdf,maximum,C++ native,AFC3,21235,17078,1.243413,19.5762,True,True,112.9065,0.1465
govdocs1-thread000,000024.pdf,fast,C++ native,AFC3,44121,41992,1.0507,4.8254,True,True,429.6568,0.1449
govdocs1-thread000,000024.pdf,balanced,C++ native,AFC3,44121,41566,1.061469,5.7909,True,True,681.442,0.141
govdocs1-thread000,000024.pdf,maximum,C++ native,AFC3,44121,41566,1.061469,5.7909,True,True,1100.0754,0.186
govdocs1-thread000,000025.pdf,fast,C++ native,AFC3,197832,191834,1.031267,3.0319,True,True,1039.4446,0.3156
govdocs1-thread000,000025.pdf,balanced,C++ native,AFC3,197832,190728,1.037247,3.5909,True,True,995.0842,0.3667
govdocs1-thread000,000025.pdf,maximum,C++ native,AFC3,197832,190725,1.037263,3.5924,True,True,1417.1753,0.3103
govdocs1-thread000,000026.pdf,fast,C++ native,AFC3,97475,92588,1.052782,5.0136,True,True,536.0918,0.1586
govdocs1-thread000,000026.pdf,balanced,C++ native,AFC3,97475,92341,1.055598,5.267,True,True,616.7049,0.1642
govdocs1-thread000,000026.pdf,maximum,C++ native,AFC3,97475,92320,1.055838,5.2885,True,True,637.9938,0.1769
govdocs1-thread000,000027.csv,fast,C++ native,AFC2,38637,18281,2.113506,52.6852,True,True,10.2259,0.361
govdocs1-thread000,000027.csv,balanced,C++ native,AFC2,38637,15941,2.42375,58.7416,True,True,76.5427,0.3098
govdocs1-thread000,000027.csv,maximum,C++ native,AFC2,38637,15941,2.42375,58.7416,True,True,147.3166,0.3086
govdocs1-thread000,000028.pdf,fast,C++ native,AFC3,205925,165800,1.242008,19.4852,True,True,1048.8882,0.5481
govdocs1-thread000,000028.pdf,balanced,C++ native,AFC3,205925,162316,1.268667,21.1771,True,True,1626.0303,0.5865
govdocs1-thread000,000028.pdf,maximum,C++ native,AFC3,205925,162124,1.27017,21.2704,True,True,2090.9172,0.4653
govdocs1-thread000,000029.pdf,fast,C++ native,AFC3,3727214,3717662,1.002569,0.2563,True,True,182.2045,2.3686
govdocs1-thread000,000029.pdf,balanced,C++ native,AFC3,3727214,3716144,1.002979,0.297,True,True,221.6026,2.0474
govdocs1-thread000,000029.pdf,maximum,C++ native,AFC3,3727214,3716099,1.002991,0.2982,True,True,225.9261,1.6745
govdocs1-thread000,000030.xls,fast,C++ native,AFC2,7883264,2501278,3.151694,68.271,True,True,259.3509,18.2381
govdocs1-thread000,000030.xls,balanced,C++ native,AFC2,7883264,2229897,3.535259,71.7135,True,True,2232.3718,24.9709
govdocs1-thread000,000030.xls,maximum,C++ native,AFC2,7883264,2219070,3.552508,71.8509,True,True,6282.2878,22.578
govdocs1-thread000,000031.xls,fast,C++ native,AFC2,2374656,881870,2.692751,62.8633,True,True,140.2156,9.4985
govdocs1-thread000,000031.xls,balanced,C++ native,AFC2,2374656,783118,3.032309,67.0218,True,True,1119.5142,9.9355
govdocs1-thread000,000031.xls,maximum,C++ native,AFC2,2374656,744706,3.188716,68.6394,True,True,2716.1045,7.947
govdocs1-thread000,000032.xls,fast,C++ native,AFC2,28598784,8031779,3.560704,71.9157,True,True,773.4527,95.0931
govdocs1-thread000,000032.xls,balanced,C++ native,AFC2,28598784,7379042,3.875677,74.1981,True,True,9037.8044,76.9085
govdocs1-thread000,000032.xls,maximum,C++ native,AFC2,28598784,7027471,4.06957,75.4274,True,True,20833.5967,101.1274
govdocs1-thread000,000033.xls,fast,C++ native,AFC2,5580288,2730746,2.043503,51.0644,True,True,307.0905,27.1178
govdocs1-thread000,000033.xls,balanced,C++ native,AFC2,5580288,2404118,2.321137,56.9177,True,True,2059.954,23.5176
govdocs1-thread000,000033.xls,maximum,C++ native,AFC2,5580288,2299231,2.427024,58.7973,True,True,4718.837,21.8107
govdocs1-thread000,000034.xls,fast,C++ native,AFC2,14257664,5302477,2.688869,62.8096,True,True,527.048,58.6033
govdocs1-thread000,000034.xls,balanced,C++ native,AFC2,14257664,4794741,2.973605,66.3708,True,True,2278.488,50.6113
govdocs1-thread000,000034.xls,maximum,C++ native,AFC2,14257664,4696062,3.036089,67.0629,True,True,9809.4569,55.1952
govdocs1-thread000,000035.xls,fast,C++ native,AFC2,34304,9907,3.462602,71.12,True,True,5.7534,0.1975
govdocs1-thread000,000035.xls,balanced,C++ native,AFC2,34304,9559,3.58866,72.1344,True,True,48.0189,0.2202
govdocs1-thread000,000035.xls,maximum,C++ native,AFC2,34304,9494,3.613229,72.3239,True,True,85.5677,0.2368
govdocs1-thread000,000036.xls,fast,C++ native,AFC2,81920,22098,3.707123,73.0249,True,True,7.5936,0.4194
govdocs1-thread000,000036.xls,balanced,C++ native,AFC2,81920,16851,4.861433,79.4299,True,True,54.1354,0.3316
govdocs1-thread000,000036.xls,maximum,C++ native,AFC2,81920,16851,4.861433,79.4299,True,True,100.9958,0.3852
govdocs1-thread000,000037.xls,fast,C++ native,AFC2,3795968,1430050,2.65443,62.3271,True,True,183.0916,12.4767
govdocs1-thread000,000037.xls,balanced,C++ native,AFC2,3795968,1267633,2.994532,66.6058,True,True,1437.7315,12.3042
govdocs1-thread000,000037.xls,maximum,C++ native,AFC2,3795968,1232814,3.079108,67.5231,True,True,3626.0938,12.3188
govdocs1-thread000,000038.xls,fast,C++ native,AFC2,71680,23698,3.024728,66.9392,True,True,7.5067,0.3189
govdocs1-thread000,000038.xls,balanced,C++ native,AFC2,71680,22045,3.251531,69.2453,True,True,52.9949,0.5752
govdocs1-thread000,000038.xls,maximum,C++ native,AFC2,71680,22045,3.251531,69.2453,True,True,102.1844,0.4146
govdocs1-thread000,000039.xml,fast,C++ native,AFC2,3480,1857,1.87399,46.6379,True,True,1.2264,0.042
govdocs1-thread000,000039.xml,balanced,C++ native,AFC2,3480,1739,2.00115,50.0287,True,True,8.4866,0.0649
govdocs1-thread000,000039.xml,maximum,C++ native,AFC2,3480,1739,2.00115,50.0287,True,True,13.3686,0.0599
govdocs1-thread000,000040.xls,fast,C++ native,AFC2,52224,22621,2.308651,56.6847,True,True,8.2431,0.3067
govdocs1-thread000,000040.xls,balanced,C++ native,AFC2,52224,21559,2.422376,58.7182,True,True,64.6742,0.3615
govdocs1-thread000,000040.xls,maximum,C++ native,AFC2,52224,21555,2.422825,58.7259,True,True,121.3457,0.3132
govdocs1-thread000,000041.xls,fast,C++ native,AFC2,101376,35865,2.8266,64.6218,True,True,31.1185,0.5461
govdocs1-thread000,000041.xls,balanced,C++ native,AFC2,101376,32745,3.095923,67.6995,True,True,78.5911,0.4931
govdocs1-thread000,000041.xls,maximum,C++ native,AFC2,101376,32745,3.095923,67.6995,True,True,165.1141,0.5431
govdocs1-thread000,000042.xls,fast,C++ native,AFC2,92160,31208,2.953089,66.1372,True,True,8.712,0.4801
govdocs1-thread000,000042.xls,balanced,C++ native,AFC2,92160,27315,3.37397,70.3613,True,True,67.186,0.459
govdocs1-thread000,000042.xls,maximum,C++ native,AFC2,92160,27315,3.37397,70.3613,True,True,118.0371,0.5795
govdocs1-thread000,000043.xls,fast,C++ native,AFC2,14646272,5489998,2.66781,62.5161,True,True,595.3553,71.3972
govdocs1-thread000,000043.xls,balanced,C++ native,AFC2,14646272,5026682,2.913706,65.6794,True,True,2321.6491,61.3033
govdocs1-thread000,000043.xls,maximum,C++ native,AFC2,14646272,4896181,2.991367,66.5705,True,True,9769.4471,54.7626
govdocs1-thread000,000044.xls,fast,C++ native,AFC2,167424,63888,2.620586,61.8406,True,True,15.7339,0.8436
govdocs1-thread000,000044.xls,balanced,C++ native,AFC2,167424,55236,3.031067,67.0083,True,True,105.0749,0.8193
govdocs1-thread000,000044.xls,maximum,C++ native,AFC2,167424,54953,3.046676,67.1773,True,True,263.8503,1.1221
govdocs1-thread000,000045.xls,fast,C++ native,AFC2,2823168,1390224,2.030729,50.7566,True,True,160.8783,10.9961
govdocs1-thread000,000045.xls,balanced,C++ native,AFC2,2823168,1189991,2.372428,57.8491,True,True,1120.1502,10.2876
govdocs1-thread000,000045.xls,maximum,C++ native,AFC2,2823168,1111302,2.540415,60.6363,True,True,2689.5857,10.9265
govdocs1-thread000,000046.xls,fast,C++ native,AFC2,74240,26613,2.789614,64.1527,True,True,8.4035,0.405
govdocs1-thread000,000046.xls,balanced,C++ native,AFC2,74240,21466,3.458492,71.0857,True,True,73.5523,0.4079
govdocs1-thread000,000046.xls,maximum,C++ native,AFC2,74240,21466,3.458492,71.0857,True,True,99.4254,0.3977
govdocs1-thread000,000047.xls,fast,C++ native,AFC2,2742784,1002155,2.736886,63.4621,True,True,151.898,10.1629
govdocs1-thread000,000047.xls,balanced,C++ native,AFC2,2742784,919926,2.981527,66.4601,True,True,1218.6651,10.3181
govdocs1-thread000,000047.xls,maximum,C++ native,AFC2,2742784,899884,3.047931,67.1909,True,True,3161.891,10.3418
govdocs1-thread000,000048.xls,fast,C++ native,AFC2,2856960,1064224,2.684548,62.7498,True,True,168.437,12.3881
govdocs1-thread000,000048.xls,balanced,C++ native,AFC2,2856960,980671,2.913271,65.6743,True,True,1238.3981,9.5091
govdocs1-thread000,000048.xls,maximum,C++ native,AFC2,2856960,943103,3.029319,66.9893,True,True,2965.24,11.727
govdocs1-thread000,000049.xls,fast,C++ native,AFC2,3138560,1261540,2.48788,59.8051,True,True,197.486,14.3709
govdocs1-thread000,000049.xls,balanced,C++ native,AFC2,3138560,1075276,2.918841,65.7398,True,True,1285.5122,10.401
govdocs1-thread000,000049.xls,maximum,C++ native,AFC2,3138560,1033176,3.037779,67.0812,True,True,2806.1728,12.0442
govdocs1-thread000,000050.xls,fast,C++ native,AFC2,9473536,4051857,2.338073,57.2297,True,True,449.646,44.3398
govdocs1-thread000,000050.xls,balanced,C++ native,AFC2,9473536,2819144,3.36043,70.2419,True,True,1555.4812,43.0255
govdocs1-thread000,000050.xls,maximum,C++ native,AFC2,9473536,2472315,3.831848,73.9029,True,True,5383.0412,24.5131
govdocs1-thread000,000051.xls,fast,C++ native,AFC2,3769856,1192823,3.160449,68.3589,True,True,179.9616,12.5509
govdocs1-thread000,000051.xls,balanced,C++ native,AFC2,3769856,1096294,3.438727,70.9195,True,True,1445.99,12.6696
govdocs1-thread000,000051.xls,maximum,C++ native,AFC2,3769856,1092388,3.451023,71.0231,True,True,3478.9584,12.8836
govdocs1-thread000,000052.xls,fast,C++ native,AFC2,2434048,1013417,2.401823,58.365,True,True,165.0248,10.1272
govdocs1-thread000,000052.xls,balanced,C++ native,AFC2,2434048,917210,2.653752,62.3175,True,True,1177.0617,10.3771
govdocs1-thread000,000052.xls,maximum,C++ native,AFC2,2434048,897403,2.712324,63.1313,True,True,3082.826,8.0352
govdocs1-thread000,000053.xls,fast,C++ native,AFC2,6325248,1820603,3.47426,71.2169,True,True,179.7347,18.5854
govdocs1-thread000,000053.xls,balanced,C++ native,AFC2,6325248,1415279,4.469259,77.6249,True,True,1775.277,17.788
govdocs1-thread000,000053.xls,maximum,C++ native,AFC2,6325248,1324137,4.776883,79.0658,True,True,4517.2911,20.1182
govdocs1-thread000,000054.xls,fast,C++ native,AFC2,169472,76042,2.228663,55.1301,True,True,22.0294,1.0521
govdocs1-thread000,000054.xls,balanced,C++ native,AFC2,169472,67639,2.505537,60.0884,True,True,148.4055,1.0922
govdocs1-thread000,000054.xls,maximum,C++ native,AFC2,169472,67639,2.505537,60.0884,True,True,295.6892,0.9036
govdocs1-thread000,000055.xls,fast,C++ native,AFC2,14073344,5315904,2.647404,62.2271,True,True,609.1489,69.987
govdocs1-thread000,000055.xls,balanced,C++ native,AFC2,14073344,4790585,2.937709,65.9599,True,True,2297.4013,58.235
govdocs1-thread000,000055.xls,maximum,C++ native,AFC2,14073344,4664680,3.017001,66.8545,True,True,9919.6846,47.2111
govdocs1-thread000,000056.html,fast,C++ native,AFC2,6664,3749,1.777541,43.7425,True,True,2.1057,0.0778
govdocs1-thread000,000056.html,balanced,C++ native,AFC2,6664,3429,1.943424,48.5444,True,True,14.4238,0.1353
govdocs1-thread000,000056.html,maximum,C++ native,AFC2,6664,3414,1.951963,48.7695,True,True,28.2021,0.1468
govdocs1-thread000,000057.html,fast,C++ native,AFC2,15893,8912,1.783326,43.925,True,True,3.7663,0.1345
govdocs1-thread000,000057.html,balanced,C++ native,AFC2,15893,7651,2.077245,51.8593,True,True,28.7617,0.1886
govdocs1-thread000,000057.html,maximum,C++ native,AFC2,15893,7651,2.077245,51.8593,True,True,57.7344,0.2038
govdocs1-thread000,000058.html,fast,C++ native,AFC2,734,529,1.387524,27.9292,True,True,0.5565,0.034
govdocs1-thread000,000058.html,balanced,C++ native,AFC2,734,508,1.444882,30.7902,True,True,4.0172,0.0535
govdocs1-thread000,000058.html,maximum,C++ native,AFC2,734,508,1.444882,30.7902,True,True,5.6916,0.0363
govdocs1-thread000,000059.html,fast,C++ native,AFC2,30388,17359,1.750562,42.8755,True,True,7.3394,0.2937
govdocs1-thread000,000059.html,balanced,C++ native,AFC2,30388,14393,2.111304,52.6359,True,True,62.4768,0.2889
govdocs1-thread000,000059.html,maximum,C++ native,AFC2,30388,14112,2.153345,53.5606,True,True,109.497,0.2823
govdocs1-thread000,000060.html,fast,C++ native,AFC2,32414,16220,1.998397,49.9599,True,True,6.725,0.2813
govdocs1-thread000,000060.html,balanced,C++ native,AFC2,32414,13121,2.470391,59.5206,True,True,58.6808,0.3186
govdocs1-thread000,000060.html,maximum,C++ native,AFC2,32414,12667,2.558933,60.9212,True,True,109.5238,0.312
govdocs1-thread000,000061.html,fast,C++ native,AFC2,2788,1783,1.563657,36.0473,True,True,1.0434,0.0418
govdocs1-thread000,000061.html,balanced,C++ native,AFC2,2788,1622,1.718866,41.8221,True,True,7.9538,0.0657
govdocs1-thread000,000061.html,maximum,C++ native,AFC2,2788,1622,1.718866,41.8221,True,True,13.0628,0.0682
govdocs1-thread000,000062.html,fast,C++ native,AFC2,3576,2124,1.683616,40.604,True,True,1.2184,0.0456
govdocs1-thread000,000062.html,balanced,C++ native,AFC2,3576,1994,1.79338,44.2394,True,True,9.644,0.0727
govdocs1-thread000,000062.html,maximum,C++ native,AFC2,3576,1994,1.79338,44.2394,True,True,16.7398,0.0838
govdocs1-thread000,000063.html,fast,C++ native,AFC2,37251,16799,2.217453,54.9032,True,True,7.3119,0.2829
govdocs1-thread000,000063.html,balanced,C++ native,AFC2,37251,13557,2.747732,63.6063,True,True,57.5735,0.2844
govdocs1-thread000,000063.html,maximum,C++ native,AFC2,37251,12976,2.870761,65.166,True,True,122.418,0.315
govdocs1-thread000,000064.html,fast,C++ native,AFC2,4125,2618,1.57563,36.5333,True,True,1.2658,0.0567
govdocs1-thread000,000064.html,balanced,C++ native,AFC2,4125,2548,1.618917,38.2303,True,True,11.8318,0.098
govdocs1-thread000,000064.html,maximum,C++ native,AFC2,4125,2548,1.618917,38.2303,True,True,15.4194,0.1147
govdocs1-thread000,000065.html,fast,C++ native,AFC2,5883,3383,1.738989,42.4953,True,True,2.0119,0.059
govdocs1-thread000,000065.html,balanced,C++ native,AFC2,5883,3042,1.933925,48.2917,True,True,15.9301,0.092
govdocs1-thread000,000065.html,maximum,C++ native,AFC2,5883,3042,1.933925,48.2917,True,True,30.2707,0.1076
govdocs1-thread000,000066.html,fast,C++ native,AFC2,14998,9001,1.666259,39.9853,True,True,3.7971,0.1529
govdocs1-thread000,000066.html,balanced,C++ native,AFC2,14998,7796,1.923807,48.0197,True,True,29.047,0.1561
govdocs1-thread000,000066.html,maximum,C++ native,AFC2,14998,7796,1.923807,48.0197,True,True,46.0799,0.1555
govdocs1-thread000,000067.xml,fast,C++ native,AFC2,3483,1861,1.871574,46.569,True,True,1.0459,0.0768
govdocs1-thread000,000067.xml,balanced,C++ native,AFC2,3483,1740,2.001724,50.0431,True,True,7.9224,0.0788
govdocs1-thread000,000067.xml,maximum,C++ native,AFC2,3483,1740,2.001724,50.0431,True,True,14.932,0.061
govdocs1-thread000,000068.html,fast,C++ native,AFC2,2758,1666,1.655462,39.5939,True,True,0.8783,0.0422
govdocs1-thread000,000068.html,balanced,C++ native,AFC2,2758,1666,1.655462,39.5939,True,True,7.087,0.0522
govdocs1-thread000,000068.html,maximum,C++ native,AFC2,2758,1666,1.655462,39.5939,True,True,15.1871,0.0749
govdocs1-thread000,000069.html,fast,C++ native,AFC2,9750,5037,1.935676,48.3385,True,True,2.957,0.0853
govdocs1-thread000,000069.html,balanced,C++ native,AFC2,9750,4702,2.073586,51.7744,True,True,22.828,0.1097
govdocs1-thread000,000069.html,maximum,C++ native,AFC2,9750,4697,2.075793,51.8256,True,True,41.0789,0.1632
govdocs1-thread000,000070.html,fast,C++ native,AFC2,29327,10556,2.77823,64.0059,True,True,4.6037,0.2085
govdocs1-thread000,000070.html,balanced,C++ native,AFC2,29327,7931,3.697768,72.9567,True,True,45.4887,0.2034
govdocs1-thread000,000070.html,maximum,C++ native,AFC2,29327,7931,3.697768,72.9567,True,True,95.9873,0.3004
govdocs1-thread000,000071.html,fast,C++ native,AFC2,47111,21467,2.194578,54.4331,True,True,8.0112,0.2601
govdocs1-thread000,000071.html,balanced,C++ native,AFC2,47111,16483,2.858157,65.0124,True,True,73.6165,0.3544
govdocs1-thread000,000071.html,maximum,C++ native,AFC2,47111,15629,3.014332,66.8252,True,True,125.0443,0.3348
govdocs1-thread000,000072.html,fast,C++ native,AFC2,19192,10464,1.834098,45.4773,True,True,4.8318,0.1861
govdocs1-thread000,000072.html,balanced,C++ native,AFC2,19192,8718,2.201422,54.5748,True,True,41.1173,0.2827
govdocs1-thread000,000072.html,maximum,C++ native,AFC2,19192,8582,2.236309,55.2835,True,True,80.067,0.1952
govdocs1-thread000,000073.html,fast,C++ native,AFC2,16919,9461,1.788289,44.0806,True,True,4.3237,0.1382
govdocs1-thread000,000073.html,balanced,C++ native,AFC2,16919,7534,2.245686,55.4702,True,True,35.951,0.176
govdocs1-thread000,000073.html,maximum,C++ native,AFC2,16919,7495,2.257372,55.7007,True,True,78.0723,0.1973
govdocs1-thread000,000074.html,fast,C++ native,AFC2,16807,9429,1.78248,43.8984,True,True,4.6127,0.1663
govdocs1-thread000,000074.html,balanced,C++ native,AFC2,16807,7503,2.240037,55.3579,True,True,34.9829,0.2033
govdocs1-thread000,000074.html,maximum,C++ native,AFC2,16807,7468,2.250536,55.5661,True,True,82.4924,0.2504
govdocs1-thread000,000075.html,fast,C++ native,AFC2,3809,2027,1.879132,46.7839,True,True,1.2628,0.0545
govdocs1-thread000,000075.html,balanced,C++ native,AFC2,3809,2027,1.879132,46.7839,True,True,9.1986,0.0915
govdocs1-thread000,000075.html,maximum,C++ native,AFC2,3809,2027,1.879132,46.7839,True,True,17.1439,0.1276
govdocs1-thread000,000076.html,fast,C++ native,AFC2,2384,1589,1.500315,33.3473,True,True,1.0433,0.0458
govdocs1-thread000,000076.html,balanced,C++ native,AFC2,2384,1589,1.500315,33.3473,True,True,6.4244,0.0604
govdocs1-thread000,000076.html,maximum,C++ native,AFC2,2384,1589,1.500315,33.3473,True,True,11.5013,0.0573
govdocs1-thread000,000077.html,fast,C++ native,AFC2,32681,11323,2.886249,65.353,True,True,4.7076,0.1781
govdocs1-thread000,000077.html,balanced,C++ native,AFC2,32681,9021,3.622769,72.3968,True,True,42.3948,0.2358
govdocs1-thread000,000077.html,maximum,C++ native,AFC2,32681,8995,3.633241,72.4764,True,True,85.6719,0.3082
govdocs1-thread000,000078.html,fast,C++ native,AFC2,2989,1857,1.609585,37.8722,True,True,1.1511,0.0417
govdocs1-thread000,000078.html,balanced,C++ native,AFC2,2989,1726,1.73175,42.2549,True,True,10.3725,0.0672
govdocs1-thread000,000078.html,maximum,C++ native,AFC2,2989,1726,1.73175,42.2549,True,True,12.6389,0.0662
govdocs1-thread000,000079.html,fast,C++ native,AFC2,15084,8373,1.801505,44.4909,True,True,3.65,0.1478
govdocs1-thread000,000079.html,balanced,C++ native,AFC2,15084,7130,2.115568,52.7314,True,True,32.3602,0.2277
govdocs1-thread000,000079.html,maximum,C++ native,AFC2,15084,7103,2.12361,52.9104,True,True,55.1822,0.1885
govdocs1-thread000,000080.html,fast,C++ native,AFC2,635,452,1.404867,28.8189,True,True,0.5093,0.0191
govdocs1-thread000,000080.html,balanced,C++ native,AFC2,635,432,1.469907,31.9685,True,True,3.6125,0.0357
govdocs1-thread000,000080.html,maximum,C++ native,AFC2,635,432,1.469907,31.9685,True,True,5.9804,0.0419
govdocs1-thread000,000081.txt,fast,C++ native,AFC2,13150,6731,1.953647,48.8137,True,True,3.1278,0.136
govdocs1-thread000,000081.txt,balanced,C++ native,AFC2,13150,6041,2.176792,54.0608,True,True,25.7271,0.1614
govdocs1-thread000,000081.txt,maximum,C++ native,AFC2,13150,6041,2.176792,54.0608,True,True,42.3515,0.1488
govdocs1-thread000,000082.txt,fast,C++ native,AFC2,2687,1601,1.678326,40.4168,True,True,1.0079,0.0505
govdocs1-thread000,000082.txt,balanced,C++ native,AFC2,2687,1549,1.734668,42.3521,True,True,6.6702,0.061
govdocs1-thread000,000082.txt,maximum,C++ native,AFC2,2687,1549,1.734668,42.3521,True,True,11.7413,0.0685
govdocs1-thread000,000083.unk,fast,C++ native,AFC2,7671,4302,1.783124,43.9187,True,True,2.1688,0.0861
govdocs1-thread000,000083.unk,balanced,C++ native,AFC2,7671,3994,1.920631,47.9338,True,True,15.3874,0.1136
govdocs1-thread000,000083.unk,maximum,C++ native,AFC2,7671,3994,1.920631,47.9338,True,True,25.8858,0.0884
govdocs1-thread000,000084.txt,fast,C++ native,AFC2,512,418,1.22488,18.3594,True,True,0.4921,0.0375
govdocs1-thread000,000084.txt,balanced,C++ native,AFC2,512,408,1.254902,20.3125,True,True,2.5542,0.0337
govdocs1-thread000,000084.txt,maximum,C++ native,AFC2,512,408,1.254902,20.3125,True,True,4.9492,0.034
govdocs1-thread000,000085.txt,fast,C++ native,AFC2,3508,2011,1.744406,42.6739,True,True,1.0575,0.0435
govdocs1-thread000,000085.txt,balanced,C++ native,AFC2,3508,1903,1.843405,45.7526,True,True,7.8724,0.0666
govdocs1-thread000,000085.txt,maximum,C++ native,AFC2,3508,1903,1.843405,45.7526,True,True,14.5707,0.0852
govdocs1-thread000,000086.txt,fast,C++ native,AFC2,26270,15319,1.714864,41.6863,True,True,6.1693,0.2354
govdocs1-thread000,000086.txt,balanced,C++ native,AFC2,26270,13307,1.974149,49.3453,True,True,51.6055,0.3196
govdocs1-thread000,000086.txt,maximum,C++ native,AFC2,26270,13303,1.974743,49.3605,True,True,99.4992,0.2716
govdocs1-thread000,000087.txt,fast,C++ native,AFC2,23494,11781,1.994228,49.8553,True,True,5.1172,0.2162
govdocs1-thread000,000087.txt,balanced,C++ native,AFC2,23494,9750,2.409641,58.5,True,True,42.7776,0.2357
govdocs1-thread000,000087.txt,maximum,C++ native,AFC2,23494,9748,2.410135,58.5086,True,True,93.3795,0.293
govdocs1-thread000,000088.txt,fast,C++ native,AFC2,4139,2356,1.756791,43.078,True,True,1.4047,0.0665
govdocs1-thread000,000088.txt,balanced,C++ native,AFC2,4139,2244,1.844474,45.784,True,True,9.4366,0.0825
govdocs1-thread000,000088.txt,maximum,C++ native,AFC2,4139,2244,1.844474,45.784,True,True,18.8553,0.0824
govdocs1-thread000,000089.txt,fast,C++ native,AFC2,36176,4196,8.621544,88.4011,True,True,3.3208,0.1319
govdocs1-thread000,000089.txt,balanced,C++ native,AFC2,36176,3129,11.561521,91.3506,True,True,31.1887,0.1305
govdocs1-thread000,000089.txt,maximum,C++ native,AFC2,36176,3129,11.561521,91.3506,True,True,57.5251,0.1673
govdocs1-thread000,000090.txt,fast,C++ native,AFC2,17522,4693,3.733646,73.2165,True,True,3.1445,0.0971
govdocs1-thread000,000090.txt,balanced,C++ native,AFC2,17522,4091,4.28306,76.6522,True,True,28.2199,0.1119
govdocs1-thread000,000090.txt,maximum,C++ native,AFC2,17522,4061,4.314701,76.8234,True,True,47.6429,0.1193
govdocs1-thread000,000092.txt,fast,C++ native,AFC2,7421,4229,1.754788,43.0131,True,True,2.1821,0.0875
govdocs1-thread000,000092.txt,balanced,C++ native,AFC2,7421,3411,2.175608,54.0358,True,True,13.9029,0.0906
govdocs1-thread000,000092.txt,maximum,C++ native,AFC2,7421,3405,2.179442,54.1167,True,True,29.9649,0.082
govdocs1-thread000,000093.txt,fast,C++ native,AFC2,32010,10822,2.957864,66.1918,True,True,4.6059,0.2016
govdocs1-thread000,000093.txt,balanced,C++ native,AFC2,32010,7273,4.40121,77.279,True,True,39.3926,0.186
govdocs1-thread000,000093.txt,maximum,C++ native,AFC2,32010,7139,4.483821,77.6976,True,True,74.7547,0.2027
govdocs1-thread000,000094.txt,fast,C++ native,AFC2,109756,28948,3.791488,73.6251,True,True,8.1093,0.4383
govdocs1-thread000,000094.txt,balanced,C++ native,AFC2,109756,21747,5.046949,80.186,True,True,60.2167,0.5597
govdocs1-thread000,000094.txt,maximum,C++ native,AFC2,109756,21747,5.046949,80.186,True,True,116.764,0.5775
govdocs1-thread000,000095.txt,fast,C++ native,AFC2,127325,53748,2.368925,57.7868,True,True,14.341,1.0696
govdocs1-thread000,000095.txt,balanced,C++ native,AFC2,127325,41433,3.073034,67.4589,True,True,96.0435,0.7347
govdocs1-thread000,000095.txt,maximum,C++ native,AFC2,127325,41051,3.10163,67.7589,True,True,191.3543,0.9146
govdocs1-thread000,000096.txt,fast,C++ native,AFC2,232697,83814,2.77635,63.9815,True,True,20.8117,1.771
govdocs1-thread000,000096.txt,balanced,C++ native,AFC2,232697,68901,3.377266,70.3902,True,True,146.4457,1.654
govdocs1-thread000,000096.txt,maximum,C++ native,AFC2,232697,68901,3.377266,70.3902,True,True,377.9508,1.1663
govdocs1-thread000,000097.ps,fast,C++ native,AFC2,47365,22296,2.124372,52.9273,True,True,7.5439,0.3723
govdocs1-thread000,000097.ps,balanced,C++ native,AFC2,47365,19789,2.393501,58.2202,True,True,66.5453,0.589
govdocs1-thread000,000097.ps,maximum,C++ native,AFC2,47365,19789,2.393501,58.2202,True,True,144.8878,0.5195
govdocs1-thread000,000098.txt,fast,C++ native,AFC2,2232089,697462,3.200302,68.7529,True,True,156.6321,10.6944
govdocs1-thread000,000098.txt,balanced,C++ native,AFC2,2232089,624048,3.576791,72.042,True,True,1169.7014,10.2495
govdocs1-thread000,000098.txt,maximum,C++ native,AFC2,2232089,607308,3.675382,72.7919,True,True,2711.8414,11.9305
govdocs1-thread000,000099.ps,fast,C++ native,AFC2,309235,142287,2.173319,53.9874,True,True,36.9266,2.041
govdocs1-thread000,000099.ps,balanced,C++ native,AFC2,309235,123663,2.500627,60.01,True,True,272.7847,1.9937
govdocs1-thread000,000099.ps,maximum,C++ native,AFC2,309235,123573,2.502448,60.0391,True,True,587.8359,1.7195
govdocs1-thread000,000100.doc,fast,C++ native,AFC2,58368,21660,2.694737,62.8906,True,True,8.3703,0.2831
govdocs1-thread000,000100.doc,balanced,C++ native,AFC2,58368,18554,3.145845,68.212,True,True,80.7815,0.31
govdocs1-thread000,000100.doc,maximum,C++ native,AFC2,58368,16449,3.548422,71.8185,True,True,137.2359,0.2819
govdocs1-thread000,000101.doc,fast,C++ native,AFC2,107520,46132,2.330703,57.0945,True,True,11.8754,0.6111
govdocs1-thread000,000101.doc,balanced,C++ native,AFC2,107520,39560,2.717897,63.2068,True,True,89.0786,0.5982
govdocs1-thread000,000101.doc,maximum,C++ native,AFC2,107520,39121,2.748396,63.6151,True,True,163.2045,0.7923
govdocs1-thread000,000102.txt,fast,C++ native,AFC2,106079,34120,3.108998,67.8353,True,True,11.4147,0.7026
govdocs1-thread000,000102.txt,balanced,C++ native,AFC2,106079,29398,3.608375,72.2867,True,True,82.8272,0.6337
govdocs1-thread000,000102.txt,maximum,C++ native,AFC2,106079,29302,3.620197,72.3772,True,True,184.7695,0.7748
govdocs1-thread000,000103.txt,fast,C++ native,AFC2,109907,47703,2.303985,56.5969,True,True,12.9579,0.8692
govdocs1-thread000,000103.txt,balanced,C++ native,AFC2,109907,41622,2.640599,62.1298,True,True,94.8657,0.8859
govdocs1-thread000,000103.txt,maximum,C++ native,AFC2,109907,41320,2.659898,62.4046,True,True,182.3478,0.7892
govdocs1-thread000,000104.txt,fast,C++ native,AFC2,118732,38567,3.078591,67.5176,True,True,10.6023,0.6298
govdocs1-thread000,000104.txt,balanced,C++ native,AFC2,118732,32845,3.614919,72.3369,True,True,82.8459,0.8058
govdocs1-thread000,000104.txt,maximum,C++ native,AFC2,118732,32768,3.623413,72.4017,True,True,206.8432,0.6133
govdocs1-thread000,000105.txt,fast,C++ native,AFC2,164599,86453,1.903913,47.4766,True,True,27.3481,1.7415
govdocs1-thread000,000105.txt,balanced,C++ native,AFC2,164599,77350,2.127977,53.007,True,True,180.8896,1.3749
govdocs1-thread000,000105.txt,maximum,C++ native,AFC2,164599,77132,2.133991,53.1394,True,True,374.4354,1.4579
govdocs1-thread000,000106.txt,fast,C++ native,AFC2,119522,49550,2.412149,58.5432,True,True,15.0972,0.822
govdocs1-thread000,000106.txt,balanced,C++ native,AFC2,119522,43379,2.755296,63.7063,True,True,116.8682,1.1263
govdocs1-thread000,000106.txt,maximum,C++ native,AFC2,119522,43001,2.779517,64.0225,True,True,203.1139,0.9187
govdocs1-thread000,000107.jpg,fast,C++ native,AFC2,41572,36424,1.141335,12.3833,True,True,8.2488,0.2681
govdocs1-thread000,000107.jpg,balanced,C++ native,AFC2,41572,35824,1.160451,13.8266,True,True,60.1969,0.3028
govdocs1-thread000,000107.jpg,maximum,C++ native,AFC2,41572,35824,1.160451,13.8266,True,True,98.4042,0.3798
govdocs1-thread000,000108.jpg,fast,C++ native,AFC2,137413,136921,1.003593,0.358,True,True,28.0875,1.2208
govdocs1-thread000,000108.jpg,balanced,C++ native,AFC2,137413,136654,1.005554,0.5523,True,True,128.4875,1.2243
govdocs1-thread000,000108.jpg,maximum,C++ native,AFC2,137413,136654,1.005554,0.5523,True,True,186.4272,1.328
govdocs1-thread000,000109.jpg,fast,C++ native,AFC2,31046,25931,1.197254,16.4756,True,True,6.6527,0.2251
govdocs1-thread000,000109.jpg,balanced,C++ native,AFC2,31046,25232,1.230422,18.7271,True,True,55.596,0.2768
govdocs1-thread000,000109.jpg,maximum,C++ native,AFC2,31046,25232,1.230422,18.7271,True,True,95.4895,0.2731
govdocs1-thread000,000110.jpg,fast,C++ native,AFC2,92856,86579,1.0725,6.7599,True,True,19.3048,0.7677
govdocs1-thread000,000110.jpg,balanced,C++ native,AFC2,92856,85680,1.083754,7.7281,True,True,95.211,0.8446
govdocs1-thread000,000110.jpg,maximum,C++ native,AFC2,92856,85680,1.083754,7.7281,True,True,179.3488,0.8593
govdocs1-thread000,000111.doc,fast,C++ native,AFC2,176640,80477,2.194913,54.4401,True,True,15.6076,0.8742
govdocs1-thread000,000111.doc,balanced,C++ native,AFC2,176640,70763,2.49622,59.9394,True,True,132.0682,1.2502
govdocs1-thread000,000111.doc,maximum,C++ native,AFC2,176640,70163,2.517566,60.2791,True,True,275.7217,1.1917
govdocs1-thread000,000112.wp,fast,C++ native,AFC2,296370,124296,2.384389,58.0605,True,True,33.208,1.9695
govdocs1-thread000,000112.wp,balanced,C++ native,AFC2,296370,105919,2.798082,64.2612,True,True,231.8583,1.8773
govdocs1-thread000,000112.wp,maximum,C++ native,AFC2,296370,104640,2.832282,64.6928,True,True,553.5791,1.9962
govdocs1-thread000,000113.doc,fast,C++ native,AFC2,14170112,13416808,1.056146,5.3161,True,True,1174.7289,123.8998
govdocs1-thread000,000113.doc,balanced,C++ native,AFC2,14170112,13350967,1.061355,5.7808,True,True,3700.888,140.1991
govdocs1-thread000,000113.doc,maximum,C++ native,AFC2,14170112,13318035,1.063979,6.0132,True,True,10389.8401,122.1819
govdocs1-thread000,000114.doc,fast,C++ native,AFC2,19968,8109,2.462449,59.39,True,True,4.4268,0.1815
govdocs1-thread000,000114.doc,balanced,C++ native,AFC2,19968,7496,2.663821,62.4599,True,True,36.0117,0.1971
govdocs1-thread000,000114.doc,maximum,C++ native,AFC2,19968,7496,2.663821,62.4599,True,True,70.2453,0.2143
govdocs1-thread000,000115.wp,fast,C++ native,AFC2,411294,174955,2.350856,57.4623,True,True,39.3269,2.82
govdocs1-thread000,000115.wp,balanced,C++ native,AFC2,411294,149892,2.743936,63.556,True,True,280.3447,2.5619
govdocs1-thread000,000115.wp,maximum,C++ native,AFC2,411294,143382,2.868519,65.1388,True,True,582.5782,2.6777
govdocs1-thread000,000116.doc,fast,C++ native,AFC2,1330176,1207041,1.102014,9.257,True,True,202.7135,10.8072
govdocs1-thread000,000116.doc,balanced,C++ native,AFC2,1330176,1191893,1.11602,10.3958,True,True,1200.6845,11.5788
govdocs1-thread000,000116.doc,maximum,C++ native,AFC2,1330176,1190414,1.117406,10.507,True,True,2430.4761,16.5965
govdocs1-thread000,000117.rtf,fast,C++ native,AFC2,33970,11464,2.963189,66.2526,True,True,7.575,0.2944
govdocs1-thread000,000117.rtf,balanced,C++ native,AFC2,33970,8907,3.813854,73.7798,True,True,54.3132,0.2208
govdocs1-thread000,000117.rtf,maximum,C++ native,AFC2,33970,8907,3.813854,73.7798,True,True,92.491,0.1876
govdocs1-thread000,000118.doc,fast,C++ native,AFC2,141312,59789,2.363512,57.6901,True,True,14.9918,0.8944
govdocs1-thread000,000118.doc,balanced,C++ native,AFC2,141312,51405,2.748993,63.623,True,True,108.8748,1.2909
govdocs1-thread000,000118.doc,maximum,C++ native,AFC2,141312,49664,2.845361,64.8551,True,True,217.8042,1.288
govdocs1-thread000,000119.doc,fast,C++ native,AFC2,96768,46029,2.102327,52.4337,True,True,11.6403,0.5584
govdocs1-thread000,000119.doc,balanced,C++ native,AFC2,96768,40557,2.385975,58.0884,True,True,99.8802,1.0997
govdocs1-thread000,000119.doc,maximum,C++ native,AFC2,96768,40348,2.398334,58.3044,True,True,178.3399,0.7682
govdocs1-thread000,000120.doc,fast,C++ native,AFC2,114176,44949,2.540123,60.6318,True,True,12.8036,0.7432
govdocs1-thread000,000120.doc,balanced,C++ native,AFC2,114176,39381,2.899266,65.5085,True,True,84.0612,0.7061
govdocs1-thread000,000120.doc,maximum,C++ native,AFC2,114176,38792,2.943287,66.0244,True,True,180.3081,0.6903
govdocs1-thread000,000121.doc,fast,C++ native,AFC2,30720,9652,3.18276,68.5807,True,True,4.7185,0.1919
govdocs1-thread000,000121.doc,balanced,C++ native,AFC2,30720,8517,3.606904,72.2754,True,True,42.2064,0.2518
govdocs1-thread000,000121.doc,maximum,C++ native,AFC2,30720,8488,3.619227,72.3698,True,True,77.4249,0.2314
govdocs1-thread000,000122.doc,fast,C++ native,AFC2,139264,76965,1.809446,44.7345,True,True,17.151,1.0003
govdocs1-thread000,000122.doc,balanced,C++ native,AFC2,139264,69193,2.012689,50.3152,True,True,133.0421,1.0421
govdocs1-thread000,000122.doc,maximum,C++ native,AFC2,139264,68727,2.026336,50.6498,True,True,270.8605,1.1179
govdocs1-thread000,000123.html,fast,C++ native,AFC2,41230,20873,1.975279,49.3742,True,True,8.6955,0.3844
govdocs1-thread000,000123.html,balanced,C++ native,AFC2,41230,17393,2.370494,57.8147,True,True,71.5109,0.3701
govdocs1-thread000,000123.html,maximum,C++ native,AFC2,41230,17075,2.414641,58.586,True,True,136.0626,0.3815
govdocs1-thread000,000124.doc,fast,C++ native,AFC2,6564352,6036078,1.087519,8.0476,True,True,514.7437,41.5833
govdocs1-thread000,000124.doc,balanced,C++ native,AFC2,6564352,5954449,1.102428,9.2911,True,True,3066.0634,54.5679
govdocs1-thread000,000124.doc,maximum,C++ native,AFC2,6564352,5929159,1.10713,9.6764,True,True,6891.8777,39.4586
govdocs1-thread000,000125.doc,fast,C++ native,AFC2,28160,9282,3.033829,67.0384,True,True,4.2997,0.2006
govdocs1-thread000,000125.doc,balanced,C++ native,AFC2,28160,7448,3.780881,73.5511,True,True,36.5903,0.1691
govdocs1-thread000,000125.doc,maximum,C++ native,AFC2,28160,7275,3.87079,74.1655,True,True,79.9861,0.1809
govdocs1-thread000,000126.doc,fast,C++ native,AFC2,557568,295011,1.889991,47.0897,True,True,63.8721,3.4885
govdocs1-thread000,000126.doc,balanced,C++ native,AFC2,557568,264747,2.106041,52.5175,True,True,425.5043,3.155
govdocs1-thread000,000126.doc,maximum,C++ native,AFC2,557568,260854,2.137472,53.2158,True,True,940.3359,3.1989
govdocs1-thread000,000127.doc,fast,C++ native,AFC2,32768,10643,3.078831,67.5201,True,True,6.466,0.254
govdocs1-thread000,000127.doc,balanced,C++ native,AFC2,32768,9976,3.284683,69.5557,True,True,47.0857,0.2572
govdocs1-thread000,000127.doc,maximum,C++ native,AFC2,32768,9891,3.312911,69.8151,True,True,127.9848,0.3954
govdocs1-thread000,000128.doc,fast,C++ native,AFC2,25600,7253,3.529574,71.668,True,True,4.3242,0.1824
govdocs1-thread000,000128.doc,balanced,C++ native,AFC2,25600,7044,3.634299,72.4844,True,True,48.6587,0.1637
govdocs1-thread000,000128.doc,maximum,C++ native,AFC2,25600,7008,3.652968,72.625,True,True,72.1074,0.2012
govdocs1-thread000,000129.html,fast,C++ native,AFC2,38057,19175,1.98472,49.6151,True,True,9.089,0.344
govdocs1-thread000,000129.html,balanced,C++ native,AFC2,38057,15883,2.396084,58.2652,True,True,69.8873,0.3637
govdocs1-thread000,000129.html,maximum,C++ native,AFC2,38057,15714,2.421853,58.7093,True,True,146.3796,0.3235
govdocs1-thread000,000130.doc,fast,C++ native,AFC2,1156608,1106759,1.045041,4.3099,True,True,194.9668,8.9596
govdocs1-thread000,000130.doc,balanced,C++ native,AFC2,1156608,1101379,1.050145,4.7751,True,True,1101.6554,11.821
govdocs1-thread000,000130.doc,maximum,C++ native,AFC2,1156608,1099901,1.051556,4.9029,True,True,2284.7153,10.4257
govdocs1-thread000,000131.doc,fast,C++ native,AFC2,566784,296450,1.911904,47.6961,True,True,66.8253,3.6715
govdocs1-thread000,000131.doc,balanced,C++ native,AFC2,566784,268816,2.108446,52.5717,True,True,419.7428,3.5348
govdocs1-thread000,000131.doc,maximum,C++ native,AFC2,566784,265506,2.134731,53.1557,True,True,1075.3293,4.6823
govdocs1-thread000,000132.doc,fast,C++ native,AFC2,29184,7925,3.682524,72.8447,True,True,4.5458,0.1904
govdocs1-thread000,000132.doc,balanced,C++ native,AFC2,29184,7459,3.912589,74.4415,True,True,39.3724,0.1691
govdocs1-thread000,000132.doc,maximum,C++ native,AFC2,29184,7445,3.919946,74.4894,True,True,72.2235,0.2099
govdocs1-thread000,000133.ppt,fast,C++ native,AFC2,932352,872848,1.068172,6.3821,True,True,182.5749,8.2263
govdocs1-thread000,000133.ppt,balanced,C++ native,AFC2,932352,866127,1.076461,7.103,True,True,1021.7908,10.8547
govdocs1-thread000,000133.ppt,maximum,C++ native,AFC2,932352,865157,1.077668,7.207,True,True,1911.9051,8.9468
govdocs1-thread000,000134.ppt,fast,C++ native,AFC2,8657920,8602116,1.006487,0.6445,True,True,729.4473,72.4937
govdocs1-thread000,000134.ppt,balanced,C++ native,AFC2,8657920,8595592,1.007251,0.7199,True,True,2235.6541,71.9286
govdocs1-thread000,000134.ppt,maximum,C++ native,AFC2,8657920,8594637,1.007363,0.7309,True,True,7029.1711,62.6511
govdocs1-thread000,000135.pdf,fast,C++ native,AFC3,80961,72054,1.123616,11.0016,True,True,404.3139,0.3578
govdocs1-thread000,000135.pdf,balanced,C++ native,AFC3,80961,69747,1.160781,13.8511,True,True,776.2527,0.3677
govdocs1-thread000,000135.pdf,maximum,C++ native,AFC3,80961,69610,1.163066,14.0203,True,True,1250.1487,0.4063
govdocs1-thread000,000136.html,fast,C++ native,AFC2,36111,16701,2.162206,53.7509,True,True,8.1184,0.2627
govdocs1-thread000,000136.html,balanced,C++ native,AFC2,36111,13863,2.604847,61.61,True,True,55.3706,0.2986
govdocs1-thread000,000136.html,maximum,C++ native,AFC2,36111,13849,2.607481,61.6488,True,True,122.1621,0.3465
govdocs1-thread000,000137.pdf,fast,C++ native,AFC3,201776,195928,1.029848,2.8983,True,True,155.2355,0.2862
govdocs1-thread000,000137.pdf,balanced,C++ native,AFC3,201776,195445,1.032393,3.1376,True,True,274.1009,0.2133
govdocs1-thread000,000137.pdf,maximum,C++ native,AFC3,201776,195380,1.032736,3.1699,True,True,354.4341,0.2248
govdocs1-thread000,000138.html,fast,C++ native,AFC2,912,712,1.280899,21.9298,True,True,0.7137,0.0237
govdocs1-thread000,000138.html,balanced,C++ native,AFC2,912,712,1.280899,21.9298,True,True,4.1465,0.0451
govdocs1-thread000,000138.html,maximum,C++ native,AFC2,912,712,1.280899,21.9298,True,True,6.7854,0.0497
govdocs1-thread000,000139.doc,fast,C++ native,AFC2,50176,19409,2.585192,61.3182,True,True,9.4383,0.3805
govdocs1-thread000,000139.doc,balanced,C++ native,AFC2,50176,17134,2.928446,65.8522,True,True,73.8467,0.4798
govdocs1-thread000,000139.doc,maximum,C++ native,AFC2,50176,17134,2.928446,65.8522,True,True,146.7135,0.3704
govdocs1-thread000,000140.pdf,fast,C++ native,AFC3,89719,70701,1.268992,21.1973,True,True,340.2497,0.4539
govdocs1-thread000,000140.pdf,balanced,C++ native,AFC3,89719,67700,1.325244,24.5422,True,True,602.5476,0.4467
govdocs1-thread000,000140.pdf,maximum,C++ native,AFC3,89719,67300,1.33312,24.988,True,True,902.4873,0.4673
govdocs1-thread000,000141.pdf,fast,C++ native,AFC3,458941,262275,1.749847,42.8521,True,True,3548.1481,1.4085
govdocs1-thread000,000141.pdf,balanced,C++ native,AFC3,458941,243498,1.884783,46.9435,True,True,5256.0963,1.6762
govdocs1-thread000,000141.pdf,maximum,C++ native,AFC3,458941,243498,1.884783,46.9435,True,True,6041.786,1.3194
govdocs1-thread000,000142.pdf,fast,C++ native,AFC3,445338,411919,1.08113,7.5042,True,True,642.736,0.8064
govdocs1-thread000,000142.pdf,balanced,C++ native,AFC3,445338,407525,1.092787,8.4909,True,True,1292.1969,0.8573
govdocs1-thread000,000142.pdf,maximum,C++ native,AFC3,445338,407525,1.092787,8.4909,True,True,2160.2728,0.8587
govdocs1-thread000,000143.pdf,fast,C++ native,AFC2,5189989,5055955,1.02651,2.5825,True,True,1157.8386,46.9194
govdocs1-thread000,000143.pdf,balanced,C++ native,AFC2,5189989,5039360,1.029891,2.9023,True,True,4718.5469,42.333
govdocs1-thread000,000143.pdf,maximum,C++ native,AFC2,5189989,5036204,1.030536,2.9631,True,True,9428.0538,55.8415
govdocs1-thread000,000144.doc,fast,C++ native,AFC2,36352,10060,3.613519,72.3261,True,True,5.4012,0.1802
govdocs1-thread000,000144.doc,balanced,C++ native,AFC2,36352,9400,3.867234,74.1417,True,True,44.4081,0.2155
govdocs1-thread000,000144.doc,maximum,C++ native,AFC2,36352,9400,3.867234,74.1417,True,True,95.7938,0.2132
govdocs1-thread000,000145.pdf,fast,C++ native,AFC3,45234,39256,1.152282,13.2157,True,True,182.3499,0.2639
govdocs1-thread000,000145.pdf,balanced,C++ native,AFC3,45234,38532,1.173933,14.8163,True,True,278.7332,0.2576
govdocs1-thread000,000145.pdf,maximum,C++ native,AFC3,45234,38513,1.174513,14.8583,True,True,367.9623,0.2291
govdocs1-thread000,000146.pdf,fast,C++ native,AFC3,3652867,3186549,1.14634,12.7658,True,True,4478.6612,4.3604
govdocs1-thread000,000146.pdf,balanced,C++ native,AFC3,3652867,3160723,1.155706,13.4728,True,True,6593.2732,5.311
govdocs1-thread000,000146.pdf,maximum,C++ native,AFC3,3652867,3154744,1.157896,13.6365,True,True,8965.4088,5.5281
govdocs1-thread000,000147.pdf,fast,C++ native,AFC3,622082,586318,1.060998,5.7491,True,True,700.2903,1.1295
govdocs1-thread000,000147.pdf,balanced,C++ native,AFC3,622082,582199,1.068504,6.4112,True,True,1033.8068,0.7963
govdocs1-thread000,000147.pdf,maximum,C++ native,AFC3,622082,582199,1.068504,6.4112,True,True,1560.5688,0.8879
govdocs1-thread000,000148.doc,fast,C++ native,AFC2,565248,214862,2.630749,61.988,True,True,40.832,2.0525
govdocs1-thread000,000148.doc,balanced,C++ native,AFC2,565248,196492,2.876697,65.2379,True,True,291.4548,3.2967
govdocs1-thread000,000148.doc,maximum,C++ native,AFC2,565248,192723,2.932956,65.9047,True,True,701.8351,3.0104
govdocs1-thread000,000149.pdf,fast,C++ native,AFC3,972022,958720,1.013875,1.3685,True,True,3312.2471,1.1387
govdocs1-thread000,000149.pdf,balanced,C++ native,AFC3,972022,955471,1.017322,1.7027,True,True,3649.3065,0.9787
govdocs1-thread000,000149.pdf,maximum,C++ native,AFC3,972022,955422,1.017375,1.7078,True,True,5493.2016,1.0216
govdocs1-thread000,000150.pdf,fast,C++ native,AFC3,665275,634640,1.048271,4.6049,True,True,2106.2782,1.0628
govdocs1-thread000,000150.pdf,balanced,C++ native,AFC3,665275,630678,1.054857,5.2004,True,True,2494.3103,1.1325
govdocs1-thread000,000150.pdf,maximum,C++ native,AFC3,665275,630413,1.0553,5.2402,True,True,3166.6976,1.1619
govdocs1-thread000,000151.doc,fast,C++ native,AFC2,19968,4159,4.801154,79.1717,True,True,3.8615,0.0971
govdocs1-thread000,000151.doc,balanced,C++ native,AFC2,19968,3915,5.100383,80.3936,True,True,31.3994,0.1889
govdocs1-thread000,000151.doc,maximum,C++ native,AFC2,19968,3831,5.212216,80.8143,True,True,43.1686,0.1558
govdocs1-thread000,000152.pdf,fast,C++ native,AFC3,4406954,4321783,1.019707,1.9327,True,True,9351.1783,4.3107
govdocs1-thread000,000152.pdf,balanced,C++ native,AFC3,4406954,4311126,1.022228,2.1745,True,True,8912.132,4.2577
govdocs1-thread000,000152.pdf,maximum,C++ native,AFC3,4406954,4309332,1.022654,2.2152,True,True,7968.6912,4.4091
govdocs1-thread000,000153.pdf,fast,C++ native,AFC2,2189678,1909276,1.146863,12.8056,True,True,3801.1373,15.0153
govdocs1-thread000,000153.pdf,balanced,C++ native,AFC2,2189678,1860233,1.177099,15.0454,True,True,5886.1386,15.2974
govdocs1-thread000,000153.pdf,maximum,C++ native,AFC2,2189678,1854295,1.180868,15.3165,True,True,8223.9641,14.1526
govdocs1-thread000,000154.doc,fast,C++ native,AFC2,918016,61923,14.825122,93.2547,True,True,21.7334,1.1981
govdocs1-thread000,000154.doc,balanced,C++ native,AFC2,918016,48979,18.743053,94.6647,True,True,248.5138,1.2086
govdocs1-thread000,000154.doc,maximum,C++ native,AFC2,918016,48979,18.743053,94.6647,True,True,599.1713,1.0667
govdocs1-thread000,000155.pdf,fast,C++ native,AFC3,1339527,1311601,1.021292,2.0848,True,True,1231.3303,1.5564
govdocs1-thread000,000155.pdf,balanced,C++ native,AFC3,1339527,1307094,1.024813,2.4212,True,True,1604.5103,1.6599
govdocs1-thread000,000155.pdf,maximum,C++ native,AFC3,1339527,1306618,1.025186,2.4568,True,True,1877.7956,1.524
govdocs1-thread000,000156.doc,fast,C++ native,AFC2,46080,20230,2.277805,56.0981,True,True,6.9187,0.2764
govdocs1-thread000,000156.doc,balanced,C++ native,AFC2,46080,19038,2.420422,58.6849,True,True,56.9926,0.3132
govdocs1-thread000,000156.doc,maximum,C++ native,AFC2,46080,19038,2.420422,58.6849,True,True,124.6143,0.357
govdocs1-thread000,000157.pdf,fast,C++ native,AFC2,1656438,1408104,1.176361,14.992,True,True,547.2965,13.1746
govdocs1-thread000,000157.pdf,balanced,C++ native,AFC2,1656438,1375412,1.204321,16.9657,True,True,1781.9482,14.0034
govdocs1-thread000,000157.pdf,maximum,C++ native,AFC2,1656438,1375412,1.204321,16.9657,True,True,3448.6025,13.0964
govdocs1-thread000,000158.doc,fast,C++ native,AFC2,61952,25676,2.412837,58.555,True,True,9.1368,0.4448
govdocs1-thread000,000158.doc,balanced,C++ native,AFC2,61952,21830,2.837929,64.763,True,True,80.2511,0.3919
govdocs1-thread000,000158.doc,maximum,C++ native,AFC2,61952,21705,2.854273,64.9648,True,True,167.8876,0.4021
govdocs1-thread000,000159.pdf,fast,C++ native,AFC2,4051537,3509610,1.154412,13.3758,True,True,8176.9589,23.3417
govdocs1-thread000,000159.pdf,balanced,C++ native,AFC2,4051537,3407730,1.188925,15.8904,True,True,10696.1614,35.2312
govdocs1-thread000,000159.pdf,maximum,C++ native,AFC2,4051537,3380627,1.198457,16.5594,True,True,14742.4722,29.8086
govdocs1-thread000,000160.ppt,fast,C++ native,AFC2,1496064,1453987,1.028939,2.8125,True,True,198.5221,10.9605
govdocs1-thread000,000160.ppt,balanced,C++ native,AFC2,1496064,1435998,1.041829,4.0149,True,True,1248.2092,13.9091
govdocs1-thread000,000160.ppt,maximum,C++ native,AFC2,1496064,1430875,1.045559,4.3574,True,True,2596.9816,10.5335
govdocs1-thread000,000161.pdf,fast,C++ native,AFC3,26603,22050,1.206485,17.1146,True,True,199.7263,0.2276
govdocs1-thread000,000161.pdf,balanced,C++ native,AFC3,26603,21209,1.254326,20.2759,True,True,385.1236,0.2418
govdocs1-thread000,000161.pdf,maximum,C++ native,AFC3,26603,21209,1.254326,20.2759,True,True,533.5504,0.2452
govdocs1-thread000,000162.pdf,fast,C++ native,AFC3,244584,174027,1.405437,28.8478,True,True,962.1948,1.1589
govdocs1-thread000,000162.pdf,balanced,C++ native,AFC3,244584,166101,1.472502,32.0884,True,True,1413.0726,1.3224
govdocs1-thread000,000162.pdf,maximum,C++ native,AFC3,244584,166101,1.472502,32.0884,True,True,2059.1958,1.1256
govdocs1-thread000,000163.pdf,fast,C++ native,AFC3,1048821,926645,1.131848,11.6489,True,True,2432.4426,2.8359
govdocs1-thread000,000163.pdf,balanced,C++ native,AFC3,1048821,913915,1.147613,12.8626,True,True,3984.783,2.955
govdocs1-thread000,000163.pdf,maximum,C++ native,AFC3,1048821,912822,1.148987,12.9668,True,True,6195.3462,2.9997
govdocs1-thread000,000164.pdf,fast,C++ native,AFC3,2590299,2584494,1.002246,0.2241,True,True,147.1902,2.4634
govdocs1-thread000,000164.pdf,balanced,C++ native,AFC3,2590299,2583748,1.002535,0.2529,True,True,163.1485,2.3211
govdocs1-thread000,000164.pdf,maximum,C++ native,AFC3,2590299,2583748,1.002535,0.2529,True,True,180.669,2.3554
govdocs1-thread000,000165.ppt,fast,C++ native,AFC2,1919488,1796141,1.068673,6.426,True,True,244.2522,15.8798
govdocs1-thread000,000165.ppt,balanced,C++ native,AFC2,1919488,1776310,1.080604,7.4592,True,True,1374.3834,15.8467
govdocs1-thread000,000165.ppt,maximum,C++ native,AFC2,1919488,1770954,1.083872,7.7382,True,True,2461.6609,12.5418
govdocs1-thread000,000166.pdf,fast,C++ native,AFC3,238693,152354,1.5667,36.1716,True,True,830.9031,0.9508
govdocs1-thread000,000166.pdf,balanced,C++ native,AFC3,238693,139916,1.705974,41.3824,True,True,1313.6963,0.925
govdocs1-thread000,000166.pdf,maximum,C++ native,AFC3,238693,139786,1.70756,41.4369,True,True,1637.5709,0.9488
govdocs1-thread000,000167.ppt,fast,C++ native,AFC2,911872,864591,1.054686,5.185,True,True,168.5151,7.2943
govdocs1-thread000,000167.ppt,balanced,C++ native,AFC2,911872,855510,1.065881,6.1809,True,True,922.3149,8.1648
govdocs1-thread000,000167.ppt,maximum,C++ native,AFC2,911872,855197,1.066271,6.2152,True,True,1782.9565,6.1326
govdocs1-thread000,000168.pdf,fast,C++ native,AFC3,552417,507542,1.088416,8.1234,True,True,2346.6419,0.9509
govdocs1-thread000,000168.pdf,balanced,C++ native,AFC3,552417,502894,1.098476,8.9648,True,True,3412.538,1.3164
govdocs1-thread000,000168.pdf,maximum,C++ native,AFC3,552417,502426,1.099499,9.0495,True,True,4540.3212,1.1473
govdocs1-thread000,000169.ppt,fast,C++ native,AFC2,676352,639441,1.057724,5.4574,True,True,128.7915,5.3789
govdocs1-thread000,000169.ppt,balanced,C++ native,AFC2,676352,633072,1.068365,6.399,True,True,626.3008,4.3418
govdocs1-thread000,000169.ppt,maximum,C++ native,AFC2,676352,632640,1.069095,6.4629,True,True,1212.9013,5.4262
govdocs1-thread000,000170.xls,fast,C++ native,AFC2,105984,44677,2.372227,57.8455,True,True,20.4285,0.7098
govdocs1-thread000,000170.xls,balanced,C++ native,AFC2,105984,39287,2.697686,62.9312,True,True,95.6074,0.7534
govdocs1-thread000,000170.xls,maximum,C++ native,AFC2,105984,39119,2.709272,63.0897,True,True,200.5986,0.6237
govdocs1-thread000,000171.xls,fast,C++ native,AFC2,163328,74862,2.181721,54.1646,True,True,19.7897,1.1914
govdocs1-thread000,000171.xls,balanced,C++ native,AFC2,163328,68120,2.397651,58.2925,True,True,169.9054,1.1625
govdocs1-thread000,000171.xls,maximum,C++ native,AFC2,163328,67764,2.410247,58.5105,True,True,362.6634,1.0415
govdocs1-thread000,000173.html,fast,C++ native,AFC2,51027,25899,1.970231,49.2445,True,True,11.2469,0.4683
govdocs1-thread000,000173.html,balanced,C++ native,AFC2,51027,21268,2.399238,58.3201,True,True,80.744,0.4201
govdocs1-thread000,000173.html,maximum,C++ native,AFC2,51027,20672,2.468411,59.4881,True,True,168.6696,0.408
govdocs1-thread000,000174.ppt,fast,C++ native,AFC2,448000,339388,1.320023,24.2437,True,True,74.5528,3.1046
govdocs1-thread000,000174.ppt,balanced,C++ native,AFC2,448000,326396,1.372566,27.1438,True,True,408.2615,3.2064
govdocs1-thread000,000174.ppt,maximum,C++ native,AFC2,448000,324176,1.381965,27.6393,True,True,869.3709,2.8437
govdocs1-thread000,000175.ppt,fast,C++ native,AFC2,178176,129853,1.372136,27.1209,True,True,28.8357,1.6017
govdocs1-thread000,000175.ppt,balanced,C++ native,AFC2,178176,123124,1.447126,30.8975,True,True,178.6266,1.412
govdocs1-thread000,000175.ppt,maximum,C++ native,AFC2,178176,122108,1.459167,31.4678,True,True,353.2423,1.5322
govdocs1-thread000,000176.pdf,fast,C++ native,AFC3,74481,42024,1.772344,43.5776,True,True,374.0632,0.2446
govdocs1-thread000,000176.pdf,balanced,C++ native,AFC3,74481,40837,1.823861,45.1713,True,True,540.203,0.2912
govdocs1-thread000,000176.pdf,maximum,C++ native,AFC3,74481,40740,1.828203,45.3015,True,True,750.8324,0.275
govdocs1-thread000,000177.pdf,fast,C++ native,AFC3,300856,288946,1.041219,3.9587,True,True,1218.251,0.6101
govdocs1-thread000,000177.pdf,balanced,C++ native,AFC3,300856,286754,1.049178,4.6873,True,True,1287.9757,0.6584
govdocs1-thread000,000177.pdf,maximum,C++ native,AFC3,300856,286608,1.049712,4.7358,True,True,1234.9798,0.6317
govdocs1-thread000,000178.html,fast,C++ native,AFC2,90511,42108,2.149497,53.4775,True,True,12.6377,0.5563
govdocs1-thread000,000178.html,balanced,C++ native,AFC2,90511,33700,2.685786,62.767,True,True,90.7223,0.5953
govdocs1-thread000,000178.html,maximum,C++ native,AFC2,90511,33700,2.685786,62.767,True,True,160.941,0.602
govdocs1-thread000,000179.html,fast,C++ native,AFC2,17150,10012,1.712944,41.621,True,True,4.9542,0.2229
govdocs1-thread000,000179.html,balanced,C++ native,AFC2,17150,8906,1.925668,48.07,True,True,39.8644,0.1822
govdocs1-thread000,000179.html,maximum,C++ native,AFC2,17150,8906,1.925668,48.07,True,True,66.7602,0.2307
govdocs1-thread000,000180.html,fast,C++ native,AFC2,10810,5418,1.995201,49.8797,True,True,2.549,0.082
govdocs1-thread000,000180.html,balanced,C++ native,AFC2,10810,4674,2.312794,56.7623,True,True,20.9675,0.1221
govdocs1-thread000,000180.html,maximum,C++ native,AFC2,10810,4674,2.312794,56.7623,True,True,34.9338,0.1039
govdocs1-thread000,000181.ppt,fast,C++ native,AFC2,2183680,2158068,1.011868,1.1729,True,True,244.5299,18.3507
govdocs1-thread000,000181.ppt,balanced,C++ native,AFC2,2183680,2153087,1.014209,1.401,True,True,1423.2589,18.3239
govdocs1-thread000,000181.ppt,maximum,C++ native,AFC2,2183680,2151563,1.014927,1.4708,True,True,2797.4658,18.6985
govdocs1-thread000,000182.html,fast,C++ native,AFC2,15842,8593,1.843594,45.7581,True,True,3.9121,0.1708
govdocs1-thread000,000182.html,balanced,C++ native,AFC2,15842,7626,2.077367,51.8621,True,True,32.9886,0.2012
govdocs1-thread000,000182.html,maximum,C++ native,AFC2,15842,7626,2.077367,51.8621,True,True,52.673,0.2909
govdocs1-thread000,000183.html,fast,C++ native,AFC2,36780,19005,1.93528,48.3279,True,True,8.1279,0.3539
govdocs1-thread000,000183.html,balanced,C++ native,AFC2,36780,15729,2.338356,57.2349,True,True,71.9256,0.3706
govdocs1-thread000,000183.html,maximum,C++ native,AFC2,36780,15557,2.364209,57.7026,True,True,129.1425,0.3703
govdocs1-thread000,000184.html,fast,C++ native,AFC2,13687,8014,1.707886,41.4481,True,True,3.6664,0.1343
govdocs1-thread000,000184.html,balanced,C++ native,AFC2,13687,7118,1.922872,47.9944,True,True,26.8618,0.1491
govdocs1-thread000,000184.html,maximum,C++ native,AFC2,13687,7118,1.922872,47.9944,True,True,49.405,0.1587
govdocs1-thread000,000185.html,fast,C++ native,AFC2,38194,20178,1.892854,47.1697,True,True,8.2297,0.3839
govdocs1-thread000,000185.html,balanced,C++ native,AFC2,38194,16612,2.299181,56.5063,True,True,68.7717,0.4551
govdocs1-thread000,000185.html,maximum,C++ native,AFC2,38194,16397,2.329329,57.0692,True,True,127.0977,0.4537
govdocs1-thread000,000186.html,fast,C++ native,AFC2,14417,6558,2.198384,54.512,True,True,3.1292,0.137
govdocs1-thread000,000186.html,balanced,C++ native,AFC2,14417,5666,2.544476,60.6992,True,True,25.9684,0.1927
govdocs1-thread000,000186.html,maximum,C++ native,AFC2,14417,5642,2.5553,60.8656,True,True,43.9815,0.1551
govdocs1-thread000,000187.pdf,fast,C++ native,AFC3,9122928,8987925,1.01502,1.4798,True,True,825.671,8.634
govdocs1-thread000,000187.pdf,balanced,C++ native,AFC3,9122928,8975141,1.016466,1.62,True,True,858.3225,8.9084
govdocs1-thread000,000187.pdf,maximum,C++ native,AFC3,9122928,8974555,1.016533,1.6264,True,True,1010.4135,9.2326
govdocs1-thread000,000188.html,fast,C++ native,AFC2,132748,49717,2.670073,62.5478,True,True,14.0547,0.8326
govdocs1-thread000,000188.html,balanced,C++ native,AFC2,132748,39883,3.328436,69.9559,True,True,95.3198,0.8416
govdocs1-thread000,000188.html,maximum,C++ native,AFC2,132748,38739,3.426728,70.8176,True,True,192.199,0.734
govdocs1-thread000,000189.pdf,fast,C++ native,AFC3,90222,84191,1.071635,6.6846,True,True,422.2469,0.2099
govdocs1-thread000,000189.pdf,balanced,C++ native,AFC3,90222,83324,1.082785,7.6456,True,True,466.0241,0.3108
govdocs1-thread000,000189.pdf,maximum,C++ native,AFC3,90222,83323,1.082798,7.6467,True,True,646.0886,0.2648
govdocs1-thread000,000190.html,fast,C++ native,AFC2,32527,10060,3.2333,69.0718,True,True,5.1576,0.2272
govdocs1-thread000,000190.html,balanced,C++ native,AFC2,32527,6654,4.888338,79.5431,True,True,39.4356,0.2082
govdocs1-thread000,000190.html,maximum,C++ native,AFC2,32527,6570,4.950837,79.8014,True,True,75.8915,0.2065
govdocs1-thread000,000191.html,fast,C++ native,AFC2,84550,22672,3.72927,73.1851,True,True,7.9135,0.3399
govdocs1-thread000,000191.html,balanced,C++ native,AFC2,84550,17232,4.906569,79.6192,True,True,58.3906,0.3871
govdocs1-thread000,000191.html,maximum,C++ native,AFC2,84550,16525,5.11649,80.4554,True,True,111.6027,0.3816
govdocs1-thread000,000192.html,fast,C++ native,AFC2,9854,4994,1.973168,49.3201,True,True,3.0419,0.1261
govdocs1-thread000,000192.html,balanced,C++ native,AFC2,9854,4646,2.120964,52.8516,True,True,19.5155,0.1219
govdocs1-thread000,000192.html,maximum,C++ native,AFC2,9854,4646,2.120964,52.8516,True,True,32.2774,0.1114
govdocs1-thread000,000193.html,fast,C++ native,AFC2,8540,4954,1.72386,41.9906,True,True,2.8698,0.0811
govdocs1-thread000,000193.html,balanced,C++ native,AFC2,8540,4074,2.09622,52.2951,True,True,17.2139,0.1249
govdocs1-thread000,000193.html,maximum,C++ native,AFC2,8540,4074,2.09622,52.2951,True,True,30.4532,0.1102
govdocs1-thread000,000194.html,fast,C++ native,AFC2,15602,8071,1.933094,48.2695,True,True,3.2637,0.1667
govdocs1-thread000,000194.html,balanced,C++ native,AFC2,15602,7225,2.159446,53.6918,True,True,26.8925,0.1651
govdocs1-thread000,000194.html,maximum,C++ native,AFC2,15602,7225,2.159446,53.6918,True,True,47.5482,0.1796
govdocs1-thread000,000195.html,fast,C++ native,AFC2,11745,6937,1.693095,40.9366,True,True,3.0391,0.1575
govdocs1-thread000,000195.html,balanced,C++ native,AFC2,11745,6211,1.891,47.1179,True,True,22.9048,0.1564
govdocs1-thread000,000195.html,maximum,C++ native,AFC2,11745,6211,1.891,47.1179,True,True,41.718,0.1771
govdocs1-thread000,000196.pdf,fast,C++ native,AFC3,40291,35933,1.121281,10.8163,True,True,124.667,0.1767
govdocs1-thread000,000196.pdf,balanced,C++ native,AFC3,40291,35220,1.143981,12.5859,True,True,296.0333,0.2859
govdocs1-thread000,000196.pdf,maximum,C++ native,AFC3,40291,35219,1.144013,12.5884,True,True,480.0408,0.2295
govdocs1-thread000,000197.html,fast,C++ native,AFC2,25594,12916,1.981573,49.535,True,True,5.711,0.2755
govdocs1-thread000,000197.html,balanced,C++ native,AFC2,25594,10449,2.449421,59.174,True,True,41.19,0.2622
govdocs1-thread000,000197.html,maximum,C++ native,AFC2,25594,10379,2.465941,59.4475,True,True,84.1826,0.3567
govdocs1-thread000,000198.html,fast,C++ native,AFC2,36088,19244,1.875286,46.6748,True,True,9.8447,0.3131
govdocs1-thread000,000198.html,balanced,C++ native,AFC2,36088,15770,2.288396,56.3013,True,True,85.9164,0.4145
govdocs1-thread000,000198.html,maximum,C++ native,AFC2,36088,15327,2.354538,57.5288,True,True,152.8492,0.4687
govdocs1-thread000,000199.html,fast,C++ native,AFC2,58983,27708,2.128735,53.0238,True,True,14.3398,0.5155
govdocs1-thread000,000199.html,balanced,C++ native,AFC2,58983,23228,2.539306,60.6192,True,True,95.4166,0.4965
govdocs1-thread000,000199.html,maximum,C++ native,AFC2,58983,22137,2.664453,62.4688,True,True,205.5766,0.4342
govdocs1-thread000,000200.html,fast,C++ native,AFC2,3706,2230,1.661883,39.8273,True,True,1.3577,0.0457
govdocs1-thread000,000200.html,balanced,C++ native,AFC2,3706,2028,1.827416,45.2779,True,True,10.345,0.0669
govdocs1-thread000,000200.html,maximum,C++ native,AFC2,3706,2028,1.827416,45.2779,True,True,18.3591,0.0712
govdocs1-thread000,000201.html,fast,C++ native,AFC2,19570,10239,1.911319,47.6801,True,True,5.0983,0.1496
govdocs1-thread000,000201.html,balanced,C++ native,AFC2,19570,8624,2.269249,55.9325,True,True,40.5243,0.217
govdocs1-thread000,000201.html,maximum,C++ native,AFC2,19570,8621,2.270038,55.9479,True,True,76.688,0.2297
govdocs1-thread000,000202.html,fast,C++ native,AFC2,25133,10683,2.352616,57.4941,True,True,6.2354,0.1824
govdocs1-thread000,000202.html,balanced,C++ native,AFC2,25133,8717,2.883217,65.3165,True,True,45.8364,0.2034
govdocs1-thread000,000202.html,maximum,C++ native,AFC2,25133,8697,2.889847,65.3961,True,True,75.4333,0.2092
govdocs1-thread000,000203.html,fast,C++ native,AFC2,9585,5318,1.802369,44.5175,True,True,2.8148,0.1134
govdocs1-thread000,000203.html,balanced,C++ native,AFC2,9585,4675,2.050267,51.2259,True,True,21.6758,0.1615
govdocs1-thread000,000203.html,maximum,C++ native,AFC2,9585,4673,2.051145,51.2467,True,True,36.3127,0.1621
govdocs1-thread000,000204.html,fast,C++ native,AFC2,63536,30615,2.075323,51.8147,True,True,15.5186,0.6817
govdocs1-thread000,000204.html,balanced,C++ native,AFC2,63536,25586,2.483233,59.7299,True,True,108.0392,0.6424
govdocs1-thread000,000204.html,maximum,C++ native,AFC2,63536,25586,2.483233,59.7299,True,True,251.0023,0.6306
govdocs1-thread000,000205.html,fast,C++ native,AFC2,2948,1856,1.588362,37.0421,True,True,1.1591,0.0496
govdocs1-thread000,000205.html,balanced,C++ native,AFC2,2948,1765,1.670255,40.1289,True,True,8.8701,0.0632
govdocs1-thread000,000205.html,maximum,C++ native,AFC2,2948,1765,1.670255,40.1289,True,True,15.3188,0.0641
govdocs1-thread000,000206.html,fast,C++ native,AFC2,27836,14870,1.871957,46.58,True,True,6.5653,0.2743
govdocs1-thread000,000206.html,balanced,C++ native,AFC2,27836,11908,2.337588,57.2209,True,True,57.5293,0.2932
govdocs1-thread000,000206.html,maximum,C++ native,AFC2,27836,11756,2.367812,57.7669,True,True,111.6203,0.273
govdocs1-thread000,000207.html,fast,C++ native,AFC2,5608,3256,1.722359,41.9401,True,True,1.9191,0.0721
govdocs1-thread000,000207.html,balanced,C++ native,AFC2,5608,2912,1.925824,48.0742,True,True,15.326,0.0755
govdocs1-thread000,000207.html,maximum,C++ native,AFC2,5608,2908,1.928473,48.1455,True,True,26.4087,0.0703
govdocs1-thread000,000208.pdf,fast,C++ native,AFC3,5582269,5458361,1.022701,2.2197,True,True,3047.8756,6.0318
govdocs1-thread000,000208.pdf,balanced,C++ native,AFC3,5582269,5444780,1.025252,2.463,True,True,3089.6991,6.3847
govdocs1-thread000,000208.pdf,maximum,C++ native,AFC3,5582269,5440235,1.026108,2.5444,True,True,3232.5032,5.9642
govdocs1-thread000,000209.html,fast,C++ native,AFC2,66135,30883,2.141469,53.3031,True,True,10.1195,0.5965
govdocs1-thread000,000209.html,balanced,C++ native,AFC2,66135,25230,2.621284,61.8508,True,True,64.0847,0.6366
govdocs1-thread000,000209.html,maximum,C++ native,AFC2,66135,24729,2.67439,62.6083,True,True,128.1792,0.5936
govdocs1-thread000,000210.html,fast,C++ native,AFC2,11693,6468,1.807823,44.6849,True,True,3.2395,0.1601
govdocs1-thread000,000210.html,balanced,C++ native,AFC2,11693,5300,2.206226,54.6737,True,True,24.0735,0.1365
govdocs1-thread000,000210.html,maximum,C++ native,AFC2,11693,5248,2.228087,55.1184,True,True,47.4439,0.1715
govdocs1-thread000,000211.html,fast,C++ native,AFC2,5058,2983,1.695608,41.0241,True,True,1.6065,0.103
govdocs1-thread000,000211.html,balanced,C++ native,AFC2,5058,2808,1.801282,44.484,True,True,10.7076,0.0854
govdocs1-thread000,000211.html,maximum,C++ native,AFC2,5058,2808,1.801282,44.484,True,True,17.5154,0.0862
govdocs1-thread000,000212.html,fast,C++ native,AFC2,2326,1422,1.635724,38.865,True,True,0.9882,0.0359
govdocs1-thread000,000212.html,balanced,C++ native,AFC2,2326,1329,1.750188,42.8633,True,True,8.1613,0.0596
govdocs1-thread000,000212.html,maximum,C++ native,AFC2,2326,1329,1.750188,42.8633,True,True,13.0964,0.058
govdocs1-thread000,000213.html,fast,C++ native,AFC2,7270,4246,1.7122,41.5956,True,True,2.0032,0.0783
govdocs1-thread000,000213.html,balanced,C++ native,AFC2,7270,3913,1.85791,46.1761,True,True,11.9491,0.0952
govdocs1-thread000,000213.html,maximum,C++ native,AFC2,7270,3913,1.85791,46.1761,True,True,25.4688,0.1349
govdocs1-thread000,000214.html,fast,C++ native,AFC2,34250,13981,2.449753,59.1796,True,True,6.1366,0.2264
govdocs1-thread000,000214.html,balanced,C++ native,AFC2,34250,10843,3.15872,68.3416,True,True,52.8845,0.2113
govdocs1-thread000,000214.html,maximum,C++ native,AFC2,34250,10843,3.15872,68.3416,True,True,94.9855,0.2883
govdocs1-thread000,000215.html,fast,C++ native,AFC2,18328,9745,1.880759,46.83,True,True,6.0,0.1653
govdocs1-thread000,000215.html,balanced,C++ native,AFC2,18328,8091,2.265233,55.8544,True,True,39.5902,0.2075
govdocs1-thread000,000215.html,maximum,C++ native,AFC2,18328,8091,2.265233,55.8544,True,True,73.0657,0.2187
govdocs1-thread000,000216.html,fast,C++ native,AFC2,29134,16043,1.815995,44.9338,True,True,7.9701,0.2576
govdocs1-thread000,000216.html,balanced,C++ native,AFC2,29134,12638,2.30527,56.6211,True,True,56.4032,0.3232
govdocs1-thread000,000216.html,maximum,C++ native,AFC2,29134,12329,2.363046,57.6817,True,True,109.3348,0.2787
govdocs1-thread000,000217.html,fast,C++ native,AFC2,11223,5506,2.038322,50.94,True,True,2.5857,0.1045
govdocs1-thread000,000217.html,balanced,C++ native,AFC2,11223,4830,2.323602,56.9634,True,True,22.6169,0.1147
govdocs1-thread000,000217.html,maximum,C++ native,AFC2,11223,4830,2.323602,56.9634,True,True,39.1336,0.1257
govdocs1-thread000,000218.txt,fast,C++ native,AFC2,24340,11983,2.031211,50.7683,True,True,5.383,0.1725
govdocs1-thread000,000218.txt,balanced,C++ native,AFC2,24340,9172,2.653729,62.3172,True,True,49.289,0.2027
govdocs1-thread000,000218.txt,maximum,C++ native,AFC2,24340,9059,2.686831,62.7814,True,True,85.7067,0.1875
govdocs1-thread000,000219.txt,fast,C++ native,AFC2,1106,715,1.546853,35.3526,True,True,0.5834,0.0264
govdocs1-thread000,000219.txt,balanced,C++ native,AFC2,1106,715,1.546853,35.3526,True,True,4.3354,0.0465
govdocs1-thread000,000219.txt,maximum,C++ native,AFC2,1106,715,1.546853,35.3526,True,True,7.2847,0.0608
govdocs1-thread000,000220.txt,fast,C++ native,AFC2,15654,4956,3.158596,68.3404,True,True,2.7891,0.1179
govdocs1-thread000,000220.txt,balanced,C++ native,AFC2,15654,3983,3.930203,74.556,True,True,20.2277,0.0932
govdocs1-thread000,000220.txt,maximum,C++ native,AFC2,15654,3727,4.200161,76.1914,True,True,40.9579,0.1192
govdocs1-thread000,000221.txt,fast,C++ native,AFC2,1354,847,1.598583,37.4446,True,True,0.6037,0.0264
govdocs1-thread000,000221.txt,balanced,C++ native,AFC2,1354,842,1.608076,37.8139,True,True,4.7257,0.0521
govdocs1-thread000,000221.txt,maximum,C++ native,AFC2,1354,842,1.608076,37.8139,True,True,7.4701,0.0356
govdocs1-thread000,000222.txt,fast,C++ native,AFC2,32035,15071,2.125605,52.9546,True,True,5.9425,0.2886
govdocs1-thread000,000222.txt,balanced,C++ native,AFC2,32035,12766,2.5094,60.1498,True,True,60.036,0.2578
govdocs1-thread000,000222.txt,maximum,C++ native,AFC2,32035,11832,2.707488,63.0654,True,True,106.123,0.3176
govdocs1-thread000,000223.f,fast,C++ native,AFC2,1231,752,1.636968,38.9115,True,True,0.589,0.0246
govdocs1-thread000,000223.f,balanced,C++ native,AFC2,1231,740,1.663514,39.8863,True,True,3.892,0.0453
govdocs1-thread000,000223.f,maximum,C++ native,AFC2,1231,740,1.663514,39.8863,True,True,7.9659,0.0452
govdocs1-thread000,000224.txt,fast,C++ native,AFC2,13366,4630,2.886825,65.3599,True,True,2.207,0.0848
govdocs1-thread000,000224.txt,balanced,C++ native,AFC2,13366,4299,3.109095,67.8363,True,True,21.1524,0.0966
govdocs1-thread000,000224.txt,maximum,C++ native,AFC2,13366,4295,3.111991,67.8662,True,True,39.5443,0.1062
govdocs1-thread000,000225.f,fast,C++ native,AFC2,2685,1542,1.741245,42.5698,True,True,0.9169,0.0401
govdocs1-thread000,000225.f,balanced,C++ native,AFC2,2685,1542,1.741245,42.5698,True,True,6.6082,0.0647
govdocs1-thread000,000225.f,maximum,C++ native,AFC2,2685,1542,1.741245,42.5698,True,True,12.2156,0.0705
govdocs1-thread000,000226.txt,fast,C++ native,AFC2,192354,95958,2.004564,50.1139,True,True,28.2586,1.9294
govdocs1-thread000,000226.txt,balanced,C++ native,AFC2,192354,85630,2.246339,55.4831,True,True,190.7516,1.9547
govdocs1-thread000,000226.txt,maximum,C++ native,AFC2,192354,85365,2.253312,55.6209,True,True,420.2452,2.1239
govdocs1-thread000,000227.txt,fast,C++ native,AFC2,700229,335697,2.085896,52.059,True,True,84.9982,5.2212
govdocs1-thread000,000227.txt,balanced,C++ native,AFC2,700229,300610,2.32936,57.0698,True,True,670.7264,5.2905
govdocs1-thread000,000227.txt,maximum,C++ native,AFC2,700229,299455,2.338345,57.2347,True,True,1432.0535,5.3324
govdocs1-thread000,000228.txt,fast,C++ native,AFC2,934915,447072,2.091196,52.1805,True,True,114.8701,6.1627
govdocs1-thread000,000228.txt,balanced,C++ native,AFC2,934915,398641,2.345256,57.3607,True,True,894.7035,6.9955
govdocs1-thread000,000228.txt,maximum,C++ native,AFC2,934915,396183,2.359806,57.6236,True,True,1938.9195,6.9193
govdocs1-thread000,000229.txt,fast,C++ native,AFC2,14000,8718,1.605873,37.7286,True,True,4.058,0.1673
govdocs1-thread000,000229.txt,balanced,C++ native,AFC2,14000,8193,1.708776,41.4786,True,True,28.842,0.19
govdocs1-thread000,000229.txt,maximum,C++ native,AFC2,14000,8193,1.708776,41.4786,True,True,43.4328,0.1966
govdocs1-thread000,000230.txt,fast,C++ native,AFC2,28277,16347,1.729798,42.1898,True,True,7.241,0.3047
govdocs1-thread000,000230.txt,balanced,C++ native,AFC2,28277,14843,1.905073,47.5086,True,True,51.6607,0.3601
govdocs1-thread000,000230.txt,maximum,C++ native,AFC2,28277,14843,1.905073,47.5086,True,True,103.8572,0.3027
govdocs1-thread000,000231.jpg,fast,C++ native,AFC2,17107,16880,1.013448,1.3269,True,True,4.6217,0.1481
govdocs1-thread000,000231.jpg,balanced,C++ native,AFC2,17107,16776,1.019731,1.9349,True,True,32.0428,0.1942
govdocs1-thread000,000231.jpg,maximum,C++ native,AFC2,17107,16776,1.019731,1.9349,True,True,62.4214,0.1865
govdocs1-thread000,000232.jpg,fast,C++ native,AFC2,78199,77336,1.011159,1.1036,True,True,18.1594,0.5701
govdocs1-thread000,000232.jpg,balanced,C++ native,AFC2,78199,77020,1.015308,1.5077,True,True,82.3585,0.7684
govdocs1-thread000,000232.jpg,maximum,C++ native,AFC2,78199,77020,1.015308,1.5077,True,True,122.0977,0.7101
govdocs1-thread000,000233.gif,fast,C++ native,AFC2,120908,101902,1.186513,15.7194,True,True,22.3892,1.3279
govdocs1-thread000,000233.gif,balanced,C++ native,AFC2,120908,98758,1.224286,18.3197,True,True,152.5106,1.6114
govdocs1-thread000,000233.gif,maximum,C++ native,AFC2,120908,98758,1.224286,18.3197,True,True,287.5571,1.511
govdocs1-thread000,000234.jpg,fast,C++ native,AFC1,45468,45476,0.999824,-0.0176,True,True,10.5992,0.02
govdocs1-thread000,000234.jpg,balanced,C++ native,AFC1,45468,45476,0.999824,-0.0176,True,True,63.6668,0.0527
govdocs1-thread000,000234.jpg,maximum,C++ native,AFC1,45468,45476,0.999824,-0.0176,True,True,98.9792,0.0538
govdocs1-thread000,000235.jpg,fast,C++ native,AFC1,14010,14017,0.999501,-0.05,True,True,3.9595,0.0169
govdocs1-thread000,000235.jpg,balanced,C++ native,AFC1,14010,14017,0.999501,-0.05,True,True,23.6221,0.0362
govdocs1-thread000,000235.jpg,maximum,C++ native,AFC1,14010,14017,0.999501,-0.05,True,True,32.7317,0.0364
govdocs1-thread000,000236.pdf,fast,C++ native,AFC2,12423,8524,1.457414,31.3853,True,True,50.1745,0.119
govdocs1-thread000,000236.pdf,balanced,C++ native,AFC2,12423,7977,1.557352,35.7885,True,True,132.1334,0.1655
govdocs1-thread000,000236.pdf,maximum,C++ native,AFC2,12423,7977,1.557352,35.7885,True,True,193.6379,0.1625
govdocs1-thread000,000237.jpg,fast,C++ native,AFC1,23941,23949,0.999666,-0.0334,True,True,7.0046,0.018
govdocs1-thread000,000237.jpg,balanced,C++ native,AFC1,23941,23949,0.999666,-0.0334,True,True,38.261,0.0339
govdocs1-thread000,000237.jpg,maximum,C++ native,AFC1,23941,23949,0.999666,-0.0334,True,True,64.3362,0.0354
govdocs1-thread000,000238.jpg,fast,C++ native,AFC1,27700,27708,0.999711,-0.0289,True,True,7.0004,0.0177
govdocs1-thread000,000238.jpg,balanced,C++ native,AFC1,27700,27708,0.999711,-0.0289,True,True,46.6148,0.0563
govdocs1-thread000,000238.jpg,maximum,C++ native,AFC1,27700,27708,0.999711,-0.0289,True,True,72.8015,0.0718
govdocs1-thread000,000239.jpg,fast,C++ native,AFC1,27628,27636,0.999711,-0.029,True,True,7.0481,0.0203
govdocs1-thread000,000239.jpg,balanced,C++ native,AFC1,27628,27636,0.999711,-0.029,True,True,37.9478,0.0368
govdocs1-thread000,000239.jpg,maximum,C++ native,AFC1,27628,27636,0.999711,-0.029,True,True,82.0436,0.0431
govdocs1-thread000,000240.jpg,fast,C++ native,AFC1,13512,13519,0.999482,-0.0518,True,True,4.1378,0.0166
govdocs1-thread000,000240.jpg,balanced,C++ native,AFC1,13512,13519,0.999482,-0.0518,True,True,22.0016,0.0365
govdocs1-thread000,000240.jpg,maximum,C++ native,AFC1,13512,13519,0.999482,-0.0518,True,True,37.128,0.0373
govdocs1-thread000,000241.gif,fast,C++ native,AFC2,311268,307268,1.013018,1.2851,True,True,66.4293,2.5897
govdocs1-thread000,000241.gif,balanced,C++ native,AFC2,311268,306665,1.01501,1.4788,True,True,367.0699,2.7535
govdocs1-thread000,000241.gif,maximum,C++ native,AFC2,311268,306665,1.01501,1.4788,True,True,574.83,2.9322
govdocs1-thread000,000242.jpg,fast,C++ native,AFC2,13091,12965,1.009718,0.9625,True,True,4.0334,0.1184
govdocs1-thread000,000242.jpg,balanced,C++ native,AFC2,13091,12893,1.015357,1.5125,True,True,26.2449,0.1527
govdocs1-thread000,000242.jpg,maximum,C++ native,AFC2,13091,12893,1.015357,1.5125,True,True,47.149,0.1565
govdocs1-thread000,000243.jpg,fast,C++ native,AFC2,56683,54369,1.042561,4.0824,True,True,13.0463,0.5787
govdocs1-thread000,000243.jpg,balanced,C++ native,AFC2,56683,53482,1.059852,5.6472,True,True,112.2701,0.5501
govdocs1-thread000,000243.jpg,maximum,C++ native,AFC2,56683,53458,1.060328,5.6895,True,True,182.5359,0.5036
govdocs1-thread000,000244.jpg,fast,C++ native,AFC2,30640,30178,1.015309,1.5078,True,True,8.8625,0.236
govdocs1-thread000,000244.jpg,balanced,C++ native,AFC2,30640,29380,1.042886,4.1123,True,True,60.4156,0.2497
govdocs1-thread000,000244.jpg,maximum,C++ native,AFC2,30640,29380,1.042886,4.1123,True,True,101.5434,0.2757
govdocs1-thread000,000245.jpg,fast,C++ native,AFC1,3851,3858,0.998186,-0.1818,True,True,1.6651,0.011
govdocs1-thread000,000245.jpg,balanced,C++ native,AFC1,3851,3858,0.998186,-0.1818,True,True,12.091,0.0315
govdocs1-thread000,000245.jpg,maximum,C++ native,AFC1,3851,3858,0.998186,-0.1818,True,True,21.4038,0.053
govdocs1-thread000,000246.jpg,fast,C++ native,AFC2,24618,24351,1.010965,1.0846,True,True,7.4452,0.2605
govdocs1-thread000,000246.jpg,balanced,C++ native,AFC2,24618,23982,1.02652,2.5835,True,True,48.9425,0.2336
govdocs1-thread000,000246.jpg,maximum,C++ native,AFC2,24618,23982,1.02652,2.5835,True,True,93.534,0.2413
govdocs1-thread000,000247.jpg,fast,C++ native,AFC1,18510,18518,0.999568,-0.0432,True,True,5.6978,0.0153
govdocs1-thread000,000247.jpg,balanced,C++ native,AFC1,18510,18518,0.999568,-0.0432,True,True,35.4555,0.035
govdocs1-thread000,000247.jpg,maximum,C++ native,AFC1,18510,18518,0.999568,-0.0432,True,True,54.4419,0.0385
govdocs1-thread000,000248.doc,fast,C++ native,AFC2,1015808,815428,1.245736,19.7262,True,True,154.5992,7.1932
govdocs1-thread000,000248.doc,balanced,C++ native,AFC2,1015808,773872,1.312631,23.8171,True,True,987.1691,7.7671
govdocs1-thread000,000248.doc,maximum,C++ native,AFC2,1015808,768520,1.321772,24.344,True,True,1846.5227,10.6067
govdocs1-thread000,000249.doc,fast,C++ native,AFC2,100352,79065,1.269234,21.2123,True,True,16.7693,0.6264
govdocs1-thread000,000249.doc,balanced,C++ native,AFC2,100352,76790,1.306837,23.4794,True,True,119.8883,0.7867
govdocs1-thread000,000249.doc,maximum,C++ native,AFC2,100352,76790,1.306837,23.4794,True,True,199.2762,0.8242
govdocs1-thread000,000250.doc,fast,C++ native,AFC2,55808,24992,2.233035,55.2179,True,True,9.9813,0.3583
govdocs1-thread000,000250.doc,balanced,C++ native,AFC2,55808,21166,2.636681,62.0735,True,True,75.2464,0.366
govdocs1-thread000,000250.doc,maximum,C++ native,AFC2,55808,21166,2.636681,62.0735,True,True,166.4294,0.3863
govdocs1-thread000,000251.pdf,fast,C++ native,AFC2,10788,8839,1.2205,18.0664,True,True,53.7425,0.1185
govdocs1-thread000,000251.pdf,balanced,C++ native,AFC2,10788,8349,1.292131,22.6085,True,True,125.1345,0.1812
govdocs1-thread000,000251.pdf,maximum,C++ native,AFC2,10788,8349,1.292131,22.6085,True,True,206.8925,0.1426
govdocs1-thread000,000252.pdf,fast,C++ native,AFC2,200856,192682,1.042422,4.0696,True,True,259.2039,1.7742
govdocs1-thread000,000252.pdf,balanced,C++ native,AFC2,200856,189544,1.05968,5.6319,True,True,458.7336,1.6319
govdocs1-thread000,000252.pdf,maximum,C++ native,AFC2,200856,188895,1.063321,5.955,True,True,716.9042,1.9164
govdocs1-thread000,000253.doc,fast,C++ native,AFC2,91648,38559,2.376825,57.9271,True,True,11.9877,0.6884
govdocs1-thread000,000253.doc,balanced,C++ native,AFC2,91648,32370,2.831264,64.6801,True,True,90.0525,0.7657
govdocs1-thread000,000253.doc,maximum,C++ native,AFC2,91648,32218,2.844621,64.8459,True,True,163.6935,0.6531
govdocs1-thread000,000254.doc,fast,C++ native,AFC2,73728,33373,2.209211,54.735,True,True,10.6614,0.5895
govdocs1-thread000,000254.doc,balanced,C++ native,AFC2,73728,28858,2.554855,60.8588,True,True,64.668,0.5901
govdocs1-thread000,000254.doc,maximum,C++ native,AFC2,73728,28351,2.600543,61.5465,True,True,117.5923,0.5602
govdocs1-thread000,000255.doc,fast,C++ native,AFC2,74752,25360,2.947634,66.0745,True,True,8.3282,0.4348
govdocs1-thread000,000255.doc,balanced,C++ native,AFC2,74752,19847,3.766413,73.4495,True,True,49.5302,0.5052
govdocs1-thread000,000255.doc,maximum,C++ native,AFC2,74752,18989,3.936595,74.5973,True,True,93.2997,0.475
govdocs1-thread000,000256.doc,fast,C++ native,AFC2,27648,5812,4.757054,78.9786,True,True,3.4732,0.1518
govdocs1-thread000,000256.doc,balanced,C++ native,AFC2,27648,5293,5.223503,80.8558,True,True,29.3994,0.1488
govdocs1-thread000,000256.doc,maximum,C++ native,AFC2,27648,5262,5.254276,80.9679,True,True,59.4526,0.1762
govdocs1-thread000,000257.rtf,fast,C++ native,AFC2,255469,107841,2.368941,57.7871,True,True,31.6462,1.9574
govdocs1-thread000,000257.rtf,balanced,C++ native,AFC2,255469,92790,2.753195,63.6786,True,True,220.3566,2.3713
govdocs1-thread000,000257.rtf,maximum,C++ native,AFC2,255469,92638,2.757713,63.7381,True,True,465.8967,1.9898
govdocs1-thread000,000258.rtf,fast,C++ native,AFC2,325316,132326,2.458444,59.3239,True,True,34.9081,2.3637
govdocs1-thread000,000258.rtf,balanced,C++ native,AFC2,325316,109060,2.982908,66.4757,True,True,268.2819,2.2711
govdocs1-thread000,000258.rtf,maximum,C++ native,AFC2,325316,108506,2.998138,66.646,True,True,574.9394,2.1765
govdocs1-thread000,000259.doc,fast,C++ native,AFC2,93184,44928,2.074074,51.7857,True,True,13.4674,0.7846
govdocs1-thread000,000259.doc,balanced,C++ native,AFC2,93184,39268,2.373026,57.8597,True,True,88.9983,0.8334
govdocs1-thread000,000259.doc,maximum,C++ native,AFC2,93184,38870,2.397324,58.2868,True,True,184.4809,0.8443
govdocs1-thread000,000260.doc,fast,C++ native,AFC2,197120,124607,1.581934,36.7862,True,True,27.2016,1.1743
govdocs1-thread000,000260.doc,balanced,C++ native,AFC2,197120,117102,1.683319,40.5935,True,True,181.3747,1.211
govdocs1-thread000,000260.doc,maximum,C++ native,AFC2,197120,115889,1.700938,41.2089,True,True,355.3649,1.4489
govdocs1-thread000,000261.doc,fast,C++ native,AFC2,1077248,945427,1.13943,12.2368,True,True,183.1652,8.4653
govdocs1-thread000,000261.doc,balanced,C++ native,AFC2,1077248,931534,1.156424,13.5265,True,True,971.0524,9.2327
govdocs1-thread000,000261.doc,maximum,C++ native,AFC2,1077248,930327,1.157924,13.6385,True,True,2054.6706,11.5905
govdocs1-thread000,000262.pdf,fast,C++ native,AFC2,429655,336574,1.276554,21.6641,True,True,101.5894,4.0935
govdocs1-thread000,000262.pdf,balanced,C++ native,AFC2,429655,326713,1.315084,23.9592,True,True,436.1137,3.9533
govdocs1-thread000,000262.pdf,maximum,C++ native,AFC2,429655,326713,1.315084,23.9592,True,True,832.7323,3.8307
govdocs1-thread000,000263.pdf,fast,C++ native,AFC3,18247,16206,1.125941,11.1854,True,True,11.6103,0.1085
govdocs1-thread000,000263.pdf,balanced,C++ native,AFC3,18247,15797,1.155093,13.4269,True,True,67.5457,0.1794
govdocs1-thread000,000263.pdf,maximum,C++ native,AFC3,18247,15797,1.155093,13.4269,True,True,115.3561,0.1824
govdocs1-thread000,000264.doc,fast,C++ native,AFC2,51200,20744,2.468184,59.4844,True,True,10.988,0.587
govdocs1-thread000,000264.doc,balanced,C++ native,AFC2,51200,18594,2.753576,63.6836,True,True,76.8953,0.3856
govdocs1-thread000,000264.doc,maximum,C++ native,AFC2,51200,18576,2.756245,63.7188,True,True,150.3392,0.4195
govdocs1-thread000,000265.doc,fast,C++ native,AFC2,20992,4020,5.221891,80.8498,True,True,2.8929,0.1225
govdocs1-thread000,000265.doc,balanced,C++ native,AFC2,20992,3794,5.532947,81.9264,True,True,28.1485,0.1292
govdocs1-thread000,000265.doc,maximum,C++ native,AFC2,20992,3794,5.532947,81.9264,True,True,45.4884,0.1742
govdocs1-thread000,000266.pdf,fast,C++ native,AFC3,19021,16973,1.120662,10.767,True,True,130.3968,0.1733
govdocs1-thread000,000266.pdf,balanced,C++ native,AFC3,19021,16624,1.144189,12.6019,True,True,253.1682,0.1679
govdocs1-thread000,000266.pdf,maximum,C++ native,AFC3,19021,16624,1.144189,12.6019,True,True,473.3406,0.2248
govdocs1-thread000,000267.doc,fast,C++ native,AFC2,337920,141632,2.385901,58.0871,True,True,32.0343,2.0177
govdocs1-thread000,000267.doc,balanced,C++ native,AFC2,337920,121500,2.781235,64.0447,True,True,234.5651,1.7375
govdocs1-thread000,000267.doc,maximum,C++ native,AFC2,337920,120323,2.808441,64.3931,True,True,511.4141,2.3021
govdocs1-thread000,000268.doc,fast,C++ native,AFC2,28160,6375,4.417255,77.3615,True,True,4.3346,0.1595
govdocs1-thread000,000268.doc,balanced,C++ native,AFC2,28160,5933,4.746334,78.9311,True,True,35.9117,0.1824
govdocs1-thread000,000268.doc,maximum,C++ native,AFC2,28160,5929,4.749536,78.9453,True,True,62.9919,0.1877
govdocs1-thread000,000269.pdf,fast,C++ native,AFC2,2066037,2035868,1.014819,1.4602,True,True,745.1305,16.8982
govdocs1-thread000,000269.pdf,balanced,C++ native,AFC2,2066037,2031090,1.017206,1.6915,True,True,2204.9182,17.3359
govdocs1-thread000,000269.pdf,maximum,C++ native,AFC2,2066037,2031021,1.017241,1.6948,True,True,4080.6358,16.9195
govdocs1-thread000,000270.pdf,fast,C++ native,AFC3,70312,62842,1.11887,10.6241,True,True,521.238,0.2586
govdocs1-thread000,000270.pdf,balanced,C++ native,AFC3,70312,61633,1.140817,12.3436,True,True,767.1146,0.3049
govdocs1-thread000,000270.pdf,maximum,C++ native,AFC3,70312,61573,1.141929,12.4289,True,True,1228.7916,0.4115
govdocs1-thread000,000271.doc,fast,C++ native,AFC2,78848,52371,1.505566,33.5798,True,True,16.8323,0.9425
govdocs1-thread000,000271.doc,balanced,C++ native,AFC2,78848,46689,1.688792,40.7861,True,True,96.9295,1.0856
govdocs1-thread000,000271.doc,maximum,C++ native,AFC2,78848,46689,1.688792,40.7861,True,True,200.043,0.9748
govdocs1-thread000,000272.pdf,fast,C++ native,AFC3,293665,283684,1.035184,3.3988,True,True,2365.5532,0.5875
govdocs1-thread000,000272.pdf,balanced,C++ native,AFC3,293665,281517,1.043152,4.1367,True,True,3104.0845,0.7191
govdocs1-thread000,000272.pdf,maximum,C++ native,AFC3,293665,281460,1.043363,4.1561,True,True,4008.4211,0.5833
govdocs1-thread000,000273.doc,fast,C++ native,AFC2,32768,10353,3.165073,68.4052,True,True,5.6153,0.2917
govdocs1-thread000,000273.doc,balanced,C++ native,AFC2,32768,9450,3.467513,71.1609,True,True,51.0569,0.2942
govdocs1-thread000,000273.doc,maximum,C++ native,AFC2,32768,9447,3.468614,71.17,True,True,84.0151,0.3475
govdocs1-thread000,000274.doc,fast,C++ native,AFC2,53760,27712,1.939954,48.4524,True,True,9.4321,0.4171
govdocs1-thread000,000274.doc,balanced,C++ native,AFC2,53760,25128,2.139446,53.2589,True,True,78.4641,0.4008
govdocs1-thread000,000274.doc,maximum,C++ native,AFC2,53760,24994,2.150916,53.5082,True,True,142.7188,0.3288
govdocs1-thread000,000275.doc,fast,C++ native,AFC2,31232,10995,2.840564,64.7957,True,True,4.8693,0.1887
govdocs1-thread000,000275.doc,balanced,C++ native,AFC2,31232,9864,3.166261,68.417,True,True,44.2974,0.2137
govdocs1-thread000,000275.doc,maximum,C++ native,AFC2,31232,9855,3.169153,68.4458,True,True,91.6479,0.2078
govdocs1-thread000,000276.doc,fast,C++ native,AFC2,232448,137046,1.696131,41.0423,True,True,26.7026,1.2458
govdocs1-thread000,000276.doc,balanced,C++ native,AFC2,232448,127167,1.827896,45.2923,True,True,195.9776,1.5566
govdocs1-thread000,000276.doc,maximum,C++ native,AFC2,232448,125576,1.851054,45.9767,True,True,402.3381,1.624
govdocs1-thread000,000277.doc,fast,C++ native,AFC2,275456,128026,2.151563,53.5222,True,True,25.799,1.5437
govdocs1-thread000,000277.doc,balanced,C++ native,AFC2,275456,114272,2.410529,58.5153,True,True,173.8996,1.2332
govdocs1-thread000,000277.doc,maximum,C++ native,AFC2,275456,111452,2.471521,59.5391,True,True,346.9635,1.5197
govdocs1-thread000,000278.doc,fast,C++ native,AFC2,78336,35852,2.184983,54.233,True,True,10.6169,0.7029
govdocs1-thread000,000278.doc,balanced,C++ native,AFC2,78336,31366,2.497481,59.9597,True,True,68.2105,0.6651
govdocs1-thread000,000278.doc,maximum,C++ native,AFC2,78336,31142,2.515445,60.2456,True,True,173.0744,0.6147
govdocs1-thread000,000279.doc,fast,C++ native,AFC2,29184,9869,2.957139,66.1835,True,True,9.1084,0.1646
govdocs1-thread000,000279.doc,balanced,C++ native,AFC2,29184,8728,3.343721,70.0932,True,True,55.0491,0.2062
govdocs1-thread000,000279.doc,maximum,C++ native,AFC2,29184,8728,3.343721,70.0932,True,True,91.2089,0.2572
govdocs1-thread000,000280.pdf,fast,C++ native,AFC3,1174312,1112304,1.055747,5.2804,True,True,1583.4372,1.6943
govdocs1-thread000,000280.pdf,balanced,C++ native,AFC3,1174312,1104785,1.062933,5.9207,True,True,2029.9373,1.7573
govdocs1-thread000,000280.pdf,maximum,C++ native,AFC3,1174312,1104598,1.063113,5.9366,True,True,2556.3024,1.9255
govdocs1-thread000,000281.doc,fast,C++ native,AFC2,247296,63701,3.882137,74.241,True,True,15.3621,0.9201
govdocs1-thread000,000281.doc,balanced,C++ native,AFC2,247296,47517,5.204369,80.7854,True,True,114.4831,0.7829
govdocs1-thread000,000281.doc,maximum,C++ native,AFC2,247296,44516,5.555216,81.9989,True,True,215.5594,0.6839
govdocs1-thread000,000282.pdf,fast,C++ native,AFC3,3918750,3660689,1.070495,6.5853,True,True,924.7294,5.7107
govdocs1-thread000,000282.pdf,balanced,C++ native,AFC3,3918750,3626647,1.080544,7.454,True,True,2989.9622,6.8584
govdocs1-thread000,000282.pdf,maximum,C++ native,AFC3,3918750,3623806,1.081391,7.5265,True,True,5947.5949,6.4507
govdocs1-thread000,000283.doc,fast,C++ native,AFC2,72269,26041,2.775201,63.9666,True,True,9.9781,0.4494
govdocs1-thread000,000283.doc,balanced,C++ native,AFC2,72269,23343,3.09596,67.6998,True,True,66.738,0.4726
govdocs1-thread000,000283.doc,maximum,C++ native,AFC2,72269,23261,3.106874,67.8133,True,True,102.6885,0.4181
govdocs1-thread000,000284.txt,fast,C++ native,AFC2,29867,15958,1.8716,46.5698,True,True,8.224,0.2797
govdocs1-thread000,000284.txt,balanced,C++ native,AFC2,29867,13771,2.168833,53.8923,True,True,51.4855,0.2916
govdocs1-thread000,000284.txt,maximum,C++ native,AFC2,29867,13771,2.168833,53.8923,True,True,123.8797,0.3313
govdocs1-thread000,000285.doc,fast,C++ native,AFC2,28672,7218,3.972291,74.8256,True,True,4.1345,0.1387
govdocs1-thread000,000285.doc,balanced,C++ native,AFC2,28672,6658,4.306398,76.7787,True,True,34.1231,0.1446
govdocs1-thread000,000285.doc,maximum,C++ native,AFC2,28672,6653,4.309635,76.7962,True,True,65.4774,0.1577
govdocs1-thread000,000286.doc,fast,C++ native,AFC2,83456,52620,1.586013,36.9488,True,True,10.302,0.5364
govdocs1-thread000,000286.doc,balanced,C++ native,AFC2,83456,49997,1.66922,40.0918,True,True,71.3227,0.601
govdocs1-thread000,000286.doc,maximum,C++ native,AFC2,83456,49975,1.669955,40.1181,True,True,125.5636,0.916
govdocs1-thread000,000287.doc,fast,C++ native,AFC2,209920,82292,2.550916,60.7984,True,True,21.9924,1.3156
govdocs1-thread000,000287.doc,balanced,C++ native,AFC2,209920,72713,2.886967,65.3616,True,True,173.1249,1.3237
govdocs1-thread000,000287.doc,maximum,C++ native,AFC2,209920,72329,2.902294,65.5445,True,True,313.5082,1.1776
govdocs1-thread000,000288.ppt,fast,C++ native,AFC2,1146368,1032199,1.110608,9.9592,True,True,186.6192,8.9363
govdocs1-thread000,000288.ppt,balanced,C++ native,AFC2,1146368,1003294,1.142604,12.4806,True,True,999.9078,8.8372
govdocs1-thread000,000288.ppt,maximum,C++ native,AFC2,1146368,999336,1.14713,12.8259,True,True,1865.0233,12.1288
govdocs1-thread000,000289.ppt,fast,C++ native,AFC2,1808896,1671729,1.082051,7.5829,True,True,240.9029,14.8938
govdocs1-thread000,000289.ppt,balanced,C++ native,AFC2,1808896,1643194,1.100841,9.1604,True,True,1274.6262,14.2436
govdocs1-thread000,000289.ppt,maximum,C++ native,AFC2,1808896,1632114,1.108315,9.7729,True,True,2461.021,13.6678
govdocs1-thread000,000290.ppt,fast,C++ native,AFC2,98304,34051,2.886964,65.3615,True,True,9.9152,0.7509
govdocs1-thread000,000290.ppt,balanced,C++ native,AFC2,98304,28760,3.418081,70.7438,True,True,72.6679,0.5359
govdocs1-thread000,000290.ppt,maximum,C++ native,AFC2,98304,28760,3.418081,70.7438,True,True,147.8303,0.8157
govdocs1-thread000,000291.ppt,fast,C++ native,AFC2,1262592,1116960,1.130382,11.5344,True,True,192.6502,10.4113
govdocs1-thread000,000291.ppt,balanced,C++ native,AFC2,1262592,1100974,1.146795,12.8005,True,True,1094.1477,9.6663
govdocs1-thread000,000291.ppt,maximum,C++ native,AFC2,1262592,1098614,1.149259,12.9874,True,True,2231.1186,10.4844
govdocs1-thread000,000292.ppt,fast,C++ native,AFC2,2917888,2843857,1.026032,2.5371,True,True,318.8659,25.4399
govdocs1-thread000,000292.ppt,balanced,C++ native,AFC2,2917888,2832939,1.029986,2.9113,True,True,1858.8333,23.3241
govdocs1-thread000,000292.ppt,maximum,C++ native,AFC2,2917888,2827812,1.031854,3.087,True,True,3530.6883,26.8717
govdocs1-thread000,000293.ppt,fast,C++ native,AFC2,76288,30990,2.461697,59.3776,True,True,10.3915,0.5717
govdocs1-thread000,000293.ppt,balanced,C++ native,AFC2,76288,26351,2.89507,65.4585,True,True,76.7519,0.551
govdocs1-thread000,000293.ppt,maximum,C++ native,AFC2,76288,26226,2.908869,65.6224,True,True,141.4711,0.7009
govdocs1-thread000,000294.ppt,fast,C++ native,AFC2,60928,23834,2.556348,60.8817,True,True,9.8103,0.5481
govdocs1-thread000,000294.ppt,balanced,C++ native,AFC2,60928,19920,3.058635,67.3057,True,True,74.6294,0.582
govdocs1-thread000,000294.ppt,maximum,C++ native,AFC2,60928,19630,3.103821,67.7816,True,True,154.346,0.4415
govdocs1-thread000,000295.ppt,fast,C++ native,AFC2,367616,305164,1.204651,16.9884,True,True,61.4906,2.971
govdocs1-thread000,000295.ppt,balanced,C++ native,AFC2,367616,293470,1.252653,20.1694,True,True,359.1074,2.4095
govdocs1-thread000,000295.ppt,maximum,C++ native,AFC2,367616,292422,1.257142,20.4545,True,True,741.8127,2.8684
govdocs1-thread000,000296.ppt,fast,C++ native,AFC2,157696,61083,2.581668,61.2653,True,True,19.3461,1.0589
govdocs1-thread000,000296.ppt,balanced,C++ native,AFC2,157696,51807,3.043913,67.1475,True,True,151.6385,1.3298
govdocs1-thread000,000296.ppt,maximum,C++ native,AFC2,157696,51316,3.073038,67.4589,True,True,241.9588,1.151
govdocs1-thread000,000297.ppt,fast,C++ native,AFC2,96256,34581,2.783494,64.0739,True,True,9.4551,0.5291
govdocs1-thread000,000297.ppt,balanced,C++ native,AFC2,96256,26707,3.604149,72.2542,True,True,58.5157,0.5434
govdocs1-thread000,000297.ppt,maximum,C++ native,AFC2,96256,24473,3.933151,74.5751,True,True,126.4513,0.6077
govdocs1-thread000,000298.ppt,fast,C++ native,AFC2,1768960,1326660,1.333394,25.0034,True,True,189.1096,11.7207
govdocs1-thread000,000298.ppt,balanced,C++ native,AFC2,1768960,1269119,1.393849,28.2562,True,True,1043.9839,9.4826
govdocs1-thread000,000298.ppt,maximum,C++ native,AFC2,1768960,1244967,1.420889,29.6215,True,True,2083.3592,11.7173
govdocs1-thread000,000299.ppt,fast,C++ native,AFC2,2073088,1789306,1.158599,13.6889,True,True,234.8279,16.7342
govdocs1-thread000,000299.ppt,balanced,C++ native,AFC2,2073088,1759195,1.17843,15.1413,True,True,1330.5823,12.2408
govdocs1-thread000,000299.ppt,maximum,C++ native,AFC2,2073088,1754396,1.181653,15.3728,True,True,2802.5647,16.0235
govdocs1-thread000,000300.ppt,fast,C++ native,AFC2,74752,28544,2.618834,61.8151,True,True,8.8861,0.5534
govdocs1-thread000,000300.ppt,balanced,C++ native,AFC2,74752,26055,2.869008,65.1447,True,True,59.4106,0.5159
govdocs1-thread000,000300.ppt,maximum,C++ native,AFC2,74752,25867,2.88986,65.3962,True,True,123.4129,0.4822
govdocs1-thread000,000301.ppt,fast,C++ native,AFC2,209408,133874,1.564217,36.0703,True,True,28.6982,1.3171
govdocs1-thread000,000301.ppt,balanced,C++ native,AFC2,209408,124976,1.675586,40.3194,True,True,173.772,1.3693
govdocs1-thread000,000301.ppt,maximum,C++ native,AFC2,209408,123374,1.697343,41.0844,True,True,321.6048,1.7418
govdocs1-thread000,000302.ppt,fast,C++ native,AFC2,550400,406921,1.352597,26.0681,True,True,90.6179,3.5916
govdocs1-thread000,000302.ppt,balanced,C++ native,AFC2,550400,387442,1.4206,29.6072,True,True,483.9695,3.9367
govdocs1-thread000,000302.ppt,maximum,C++ native,AFC2,550400,383533,1.435079,30.3174,True,True,905.7155,3.3034
govdocs1-thread000,000303.ppt,fast,C++ native,AFC2,946176,903317,1.047446,4.5297,True,True,152.048,6.2027
govdocs1-thread000,000303.ppt,balanced,C++ native,AFC2,946176,898948,1.052537,4.9915,True,True,959.4609,8.3076
govdocs1-thread000,000303.ppt,maximum,C++ native,AFC2,946176,897980,1.053672,5.0938,True,True,1836.966,6.982
govdocs1-thread000,000304.ppt,fast,C++ native,AFC2,1917440,1423044,1.347421,25.7842,True,True,190.9307,10.7362
govdocs1-thread000,000304.ppt,balanced,C++ native,AFC2,1917440,1354187,1.415934,29.3753,True,True,1268.079,13.8178
govdocs1-thread000,000304.ppt,maximum,C++ native,AFC2,1917440,1346430,1.424092,29.7798,True,True,2856.9126,13.1419
govdocs1-thread000,000305.ppt,fast,C++ native,AFC2,1018880,907033,1.123311,10.9774,True,True,173.4044,7.9166
govdocs1-thread000,000305.ppt,balanced,C++ native,AFC2,1018880,890083,1.144702,12.641,True,True,970.8103,8.3664
govdocs1-thread000,000305.ppt,maximum,C++ native,AFC2,1018880,888535,1.146697,12.793,True,True,1794.3271,7.0009
govdocs1-thread000,000306.ppt,fast,C++ native,AFC2,1779200,1614827,1.10179,9.2386,True,True,244.4747,13.4468
govdocs1-thread000,000306.ppt,balanced,C++ native,AFC2,1779200,1593937,1.11623,10.4127,True,True,1314.6796,15.745
govdocs1-thread000,000306.ppt,maximum,C++ native,AFC2,1779200,1587000,1.121109,10.8026,True,True,2568.4841,14.1632
govdocs1-thread000,000307.ppt,fast,C++ native,AFC2,456192,383332,1.19007,15.9713,True,True,87.8844,3.7392
govdocs1-thread000,000307.ppt,balanced,C++ native,AFC2,456192,373830,1.220319,18.0542,True,True,525.1562,3.6331
govdocs1-thread000,000307.ppt,maximum,C++ native,AFC2,456192,370760,1.230424,18.7272,True,True,944.422,3.9326
govdocs1-thread000,000308.ppt,fast,C++ native,AFC2,1279488,1013639,1.262272,20.7778,True,True,193.8958,9.2188
govdocs1-thread000,000308.ppt,balanced,C++ native,AFC2,1279488,987054,1.29627,22.8555,True,True,1008.3946,7.652
govdocs1-thread000,000308.ppt,maximum,C++ native,AFC2,1279488,976866,1.309789,23.6518,True,True,2189.0833,8.6973
govdocs1-thread000,000309.ppt,fast,C++ native,AFC2,6252544,6144744,1.017543,1.7241,True,True,502.6539,41.0555
govdocs1-thread000,000309.ppt,balanced,C++ native,AFC2,6252544,6117732,1.022036,2.1561,True,True,3236.1008,55.9072
govdocs1-thread000,000309.ppt,maximum,C++ native,AFC2,6252544,6110056,1.02332,2.2789,True,True,6547.2193,53.0525
govdocs1-thread000,000310.ppt,fast,C++ native,AFC2,254976,167436,1.522827,34.3326,True,True,38.1259,1.8679
govdocs1-thread000,000310.ppt,balanced,C++ native,AFC2,254976,160953,1.584164,36.8752,True,True,221.4898,2.2604
govdocs1-thread000,000310.ppt,maximum,C++ native,AFC2,254976,159549,1.598105,37.4259,True,True,468.6692,1.8391
govdocs1-thread000,000311.ppt,fast,C++ native,AFC2,834560,785331,1.062686,5.8988,True,True,158.4821,6.8797
govdocs1-thread000,000311.ppt,balanced,C++ native,AFC2,834560,777262,1.073718,6.8657,True,True,808.9599,6.5653
govdocs1-thread000,000311.ppt,maximum,C++ native,AFC2,834560,777047,1.074015,6.8914,True,True,1634.1397,6.8752
govdocs1-thread000,000312.ppt,fast,C++ native,AFC2,1099264,1057122,1.039865,3.8337,True,True,200.4215,8.9926
govdocs1-thread000,000312.ppt,balanced,C++ native,AFC2,1099264,1047554,1.049363,4.7041,True,True,1026.0213,9.2571
govdocs1-thread000,000312.ppt,maximum,C++ native,AFC2,1099264,1045889,1.051033,4.8555,True,True,2238.752,7.1406
govdocs1-thread000,000313.ppt,fast,C++ native,AFC2,154112,98216,1.569113,36.2697,True,True,23.6118,1.1101
govdocs1-thread000,000313.ppt,balanced,C++ native,AFC2,154112,92560,1.664996,39.9398,True,True,139.9143,1.4298
govdocs1-thread000,000313.ppt,maximum,C++ native,AFC2,154112,91944,1.676151,40.3395,True,True,268.7171,1.0714
govdocs1-thread000,000314.pdf,fast,C++ native,AFC3,735686,560828,1.311785,23.768,True,True,2525.1298,1.2399
govdocs1-thread000,000314.pdf,balanced,C++ native,AFC3,735686,549142,1.339701,25.3565,True,True,3129.407,1.2133
govdocs1-thread000,000314.pdf,maximum,C++ native,AFC3,735686,549142,1.339701,25.3565,True,True,4520.0607,1.4936
govdocs1-thread000,000315.ppt,fast,C++ native,AFC2,1352192,1296142,1.043244,4.1451,True,True,190.2869,10.1267
govdocs1-thread000,000315.ppt,balanced,C++ native,AFC2,1352192,1288864,1.049135,4.6834,True,True,1120.5292,12.625
govdocs1-thread000,000315.ppt,maximum,C++ native,AFC2,1352192,1285908,1.051546,4.902,True,True,2209.5117,9.4288
govdocs1-thread000,000316.pdf,fast,C++ native,AFC3,168192,125807,1.336905,25.2004,True,True,266.1067,1.003
govdocs1-thread000,000316.pdf,balanced,C++ native,AFC3,168192,120407,1.396862,28.411,True,True,533.5727,0.9018
govdocs1-thread000,000316.pdf,maximum,C++ native,AFC3,168192,119616,1.4061,28.8813,True,True,731.2098,0.8122
govdocs1-thread000,000317.ppt,fast,C++ native,AFC2,1177600,975274,1.207456,17.1812,True,True,181.3574,8.6228
govdocs1-thread000,000317.ppt,balanced,C++ native,AFC2,1177600,946587,1.244048,19.6173,True,True,993.1698,8.5693
govdocs1-thread000,000317.ppt,maximum,C++ native,AFC2,1177600,941078,1.251331,20.0851,True,True,2080.8619,9.6743
govdocs1-thread000,000318.ppt,fast,C++ native,AFC2,252928,81650,3.09771,67.7181,True,True,19.9452,1.4767
govdocs1-thread000,000318.ppt,balanced,C++ native,AFC2,252928,65932,3.836195,73.9325,True,True,135.0752,1.3591
govdocs1-thread000,000318.ppt,maximum,C++ native,AFC2,252928,61299,4.126136,75.7642,True,True,263.0131,1.5062
govdocs1-thread000,000319.ppt,fast,C++ native,AFC2,429568,342782,1.253181,20.2031,True,True,76.829,3.3537
govdocs1-thread000,000319.ppt,balanced,C++ native,AFC2,429568,332656,1.291328,22.5603,True,True,438.0331,3.141
govdocs1-thread000,000319.ppt,maximum,C++ native,AFC2,429568,331379,1.296304,22.8576,True,True,801.6681,3.2448
govdocs1-thread000,000320.ppt,fast,C++ native,AFC2,1709568,1681494,1.016696,1.6422,True,True,206.3719,12.1697
govdocs1-thread000,000320.ppt,balanced,C++ native,AFC2,1709568,1678081,1.018764,1.8418,True,True,1358.3848,15.532
govdocs1-thread000,000320.ppt,maximum,C++ native,AFC2,1709568,1675523,1.020319,1.9914,True,True,2872.1321,16.7399
govdocs1-thread000,000321.ppt,fast,C++ native,AFC2,1315328,1216567,1.08118,7.5085,True,True,202.9702,11.3277
govdocs1-thread000,000321.ppt,balanced,C++ native,AFC2,1315328,1207255,1.08952,8.2164,True,True,1153.3181,10.7434
govdocs1-thread000,000321.ppt,maximum,C++ native,AFC2,1315328,1203635,1.092796,8.4916,True,True,2248.5717,9.8238
govdocs1-thread000,000322.ppt,fast,C++ native,AFC2,5045760,4653147,1.084376,7.781,True,True,409.7341,35.8399
govdocs1-thread000,000322.ppt,balanced,C++ native,AFC2,5045760,4612652,1.093896,8.5836,True,True,2494.1104,36.1431
govdocs1-thread000,000322.ppt,maximum,C++ native,AFC2,5045760,4600104,1.09688,8.8323,True,True,5362.9507,38.1663
govdocs1-thread000,000323.ppt,fast,C++ native,AFC2,1163264,988550,1.176738,15.0193,True,True,193.2771,8.5821
govdocs1-thread000,000323.ppt,balanced,C++ native,AFC2,1163264,916947,1.268627,21.1746,True,True,1011.0447,8.1215
govdocs1-thread000,000323.ppt,maximum,C++ native,AFC2,1163264,915913,1.270059,21.2635,True,True,2101.4032,8.1655
govdocs1-thread000,000324.pdf,fast,C++ native,AFC3,451440,307332,1.4689,31.9219,True,True,3076.5375,1.2637
govdocs1-thread000,000324.pdf,balanced,C++ native,AFC3,451440,293219,1.5396,35.0481,True,True,4303.2953,1.2605
govdocs1-thread000,000324.pdf,maximum,C++ native,AFC3,451440,292934,1.541098,35.1112,True,True,5416.2862,1.1475
govdocs1-thread000,000325.pdf,fast,C++ native,AFC3,508018,422358,1.202814,16.8616,True,True,178.189,1.9195
govdocs1-thread000,000325.pdf,balanced,C++ native,AFC3,508018,409611,1.240245,19.3708,True,True,696.1975,2.2227
govdocs1-thread000,000325.pdf,maximum,C++ native,AFC3,508018,404847,1.254839,20.3085,True,True,1281.1306,1.9967
govdocs1-thread000,000326.ppt,fast,C++ native,AFC2,2119168,2021592,1.048267,4.6044,True,True,261.2033,15.3601
govdocs1-thread000,000326.ppt,balanced,C++ native,AFC2,2119168,2002095,1.058475,5.5245,True,True,1436.3348,19.0146
govdocs1-thread000,000326.ppt,maximum,C++ native,AFC2,2119168,1994671,1.062415,5.8748,True,True,2837.6471,15.8757
govdocs1-thread000,000327.ppt,fast,C++ native,AFC2,1485824,1074195,1.383198,27.7038,True,True,166.2941,9.8923
govdocs1-thread000,000327.ppt,balanced,C++ native,AFC2,1485824,1062178,1.398847,28.5125,True,True,1197.9285,9.9076
govdocs1-thread000,000327.ppt,maximum,C++ native,AFC2,1485824,1062178,1.398847,28.5125,True,True,2753.7829,10.6995
govdocs1-thread000,000328.ppt,fast,C++ native,AFC2,185344,152151,1.218158,17.9089,True,True,33.6614,1.417
govdocs1-thread000,000328.ppt,balanced,C++ native,AFC2,185344,149038,1.243602,19.5884,True,True,186.5621,1.5004
govdocs1-thread000,000328.ppt,maximum,C++ native,AFC2,185344,148666,1.246714,19.7891,True,True,382.7713,1.9512
govdocs1-thread000,000329.ppt,fast,C++ native,AFC2,463872,378232,1.226422,18.462,True,True,83.1696,3.4868
govdocs1-thread000,000329.ppt,balanced,C++ native,AFC2,463872,367418,1.262518,20.7932,True,True,447.1452,2.9681
govdocs1-thread000,000329.ppt,maximum,C++ native,AFC2,463872,366512,1.265639,20.9885,True,True,901.372,3.7163
govdocs1-thread000,000330.ppt,fast,C++ native,AFC2,1313792,1221063,1.075941,7.0581,True,True,194.3208,10.3305
govdocs1-thread000,000330.ppt,balanced,C++ native,AFC2,1313792,1205754,1.089602,8.2234,True,True,1114.5249,10.3862
govdocs1-thread000,000330.ppt,maximum,C++ native,AFC2,1313792,1193187,1.101078,9.1799,True,True,2440.7425,9.8129
govdocs1-thread000,000331.pdf,fast,C++ native,AFC3,431084,379262,1.136639,12.0213,True,True,3112.5807,0.5042
govdocs1-thread000,000331.pdf,balanced,C++ native,AFC3,431084,376622,1.144607,12.6337,True,True,3905.7714,0.6291
govdocs1-thread000,000331.pdf,maximum,C++ native,AFC3,431084,376622,1.144607,12.6337,True,True,4605.0698,0.5988
govdocs1-thread000,000332.pdf,fast,C++ native,AFC2,262996,244118,1.077331,7.1781,True,True,153.8419,2.2335
govdocs1-thread000,000332.pdf,balanced,C++ native,AFC2,262996,235586,1.116348,10.4222,True,True,481.9744,1.8091
govdocs1-thread000,000332.pdf,maximum,C++ native,AFC2,262996,233433,1.126644,11.2409,True,True,896.9216,2.2575
govdocs1-thread000,000333.pdf,fast,C++ native,AFC3,74480,70574,1.055346,5.2444,True,True,132.5693,0.153
govdocs1-thread000,000333.pdf,balanced,C++ native,AFC3,74480,69366,1.073725,6.8663,True,True,322.1317,0.2959
govdocs1-thread000,000333.pdf,maximum,C++ native,AFC3,74480,69366,1.073725,6.8663,True,True,527.9799,0.2446
govdocs1-thread000,000334.pdf,fast,C++ native,AFC3,206182,171285,1.203736,16.9253,True,True,87.6434,0.6961
govdocs1-thread000,000334.pdf,balanced,C++ native,AFC3,206182,165996,1.24209,19.4905,True,True,313.2888,0.8136
govdocs1-thread000,000334.pdf,maximum,C++ native,AFC3,206182,165996,1.24209,19.4905,True,True,589.1743,0.8099
govdocs1-thread000,000335.xml,fast,C++ native,AFC1,144,151,0.953642,-4.8611,True,True,0.5378,0.0366
govdocs1-thread000,000335.xml,balanced,C++ native,AFC1,144,151,0.953642,-4.8611,True,True,2.1998,0.0279
govdocs1-thread000,000335.xml,maximum,C++ native,AFC1,144,151,0.953642,-4.8611,True,True,3.5963,0.0315
govdocs1-thread000,000336.pdf,fast,C++ native,AFC2,130717,46556,2.807737,64.3841,True,True,168.5544,0.5697
govdocs1-thread000,000336.pdf,balanced,C++ native,AFC2,130717,38517,3.393748,70.5341,True,True,228.1921,0.5243
govdocs1-thread000,000336.pdf,maximum,C++ native,AFC2,130717,38517,3.393748,70.5341,True,True,316.5203,0.5622
govdocs1-thread000,000337.pdf,fast,C++ native,AFC3,458008,452676,1.011779,1.1642,True,True,325.1527,0.6384
govdocs1-thread000,000337.pdf,balanced,C++ native,AFC3,458008,452312,1.012593,1.2436,True,True,472.8282,0.6031
govdocs1-thread000,000337.pdf,maximum,C++ native,AFC3,458008,452312,1.012593,1.2436,True,True,620.4643,0.6097
govdocs1-thread000,000338.pdf,fast,C++ native,AFC3,614385,581290,1.056934,5.3867,True,True,4536.1274,1.2574
govdocs1-thread000,000338.pdf,balanced,C++ native,AFC3,614385,577856,1.063215,5.9456,True,True,4933.5329,1.0641
govdocs1-thread000,000338.pdf,maximum,C++ native,AFC3,614385,577170,1.064478,6.0573,True,True,6356.491,0.9817
govdocs1-thread000,000339.pdf,fast,C++ native,AFC3,65206,52550,1.240837,19.4093,True,True,170.9326,0.3145
govdocs1-thread000,000339.pdf,balanced,C++ native,AFC3,65206,50967,1.279377,21.8369,True,True,291.3149,0.475
govdocs1-thread000,000339.pdf,maximum,C++ native,AFC3,65206,50752,1.284797,22.1667,True,True,517.7584,0.404
govdocs1-thread000,000340.pdf,fast,C++ native,AFC3,1664437,1627616,1.022623,2.2122,True,True,1604.9961,2.0942
govdocs1-thread000,000340.pdf,balanced,C++ native,AFC3,1664437,1621917,1.026216,2.5546,True,True,1963.6119,1.9809
govdocs1-thread000,000340.pdf,maximum,C++ native,AFC3,1664437,1621917,1.026216,2.5546,True,True,2359.3484,2.0682
govdocs1-thread000,000341.pdf,fast,C++ native,AFC3,109065,102032,1.068929,6.4484,True,True,41.8525,0.2554
govdocs1-thread000,000341.pdf,balanced,C++ native,AFC3,109065,100552,1.084663,7.8054,True,True,187.5232,0.5372
govdocs1-thread000,000341.pdf,maximum,C++ native,AFC3,109065,100542,1.084771,7.8146,True,True,296.8824,0.3541
govdocs1-thread000,000342.pdf,fast,C++ native,AFC3,41343,35385,1.168376,14.4111,True,True,20.0878,0.1998
govdocs1-thread000,000342.pdf,balanced,C++ native,AFC3,41343,34735,1.19024,15.9834,True,True,107.33,0.2398
govdocs1-thread000,000342.pdf,maximum,C++ native,AFC3,41343,34730,1.190412,15.9955,True,True,175.7391,0.252
govdocs1-thread000,000343.pdf,fast,C++ native,AFC3,64642,52637,1.228072,18.5715,True,True,205.0172,0.3197
govdocs1-thread000,000343.pdf,balanced,C++ native,AFC3,64642,51562,1.253675,20.2345,True,True,385.4899,0.3603
govdocs1-thread000,000343.pdf,maximum,C++ native,AFC3,64642,51553,1.253894,20.2484,True,True,484.066,0.3462
govdocs1-thread000,000344.pdf,fast,C++ native,AFC3,2620315,2465753,1.062683,5.8986,True,True,291.7542,4.4546
govdocs1-thread000,000344.pdf,balanced,C++ native,AFC3,2620315,2447816,1.070471,6.5831,True,True,393.1697,3.6012
govdocs1-thread000,000344.pdf,maximum,C++ native,AFC3,2620315,2447816,1.070471,6.5831,True,True,544.9974,4.1209
govdocs1-thread000,000345.pdf,fast,C++ native,AFC3,42273,39198,1.078448,7.2741,True,True,279.6281,0.1458
govdocs1-thread000,000345.pdf,balanced,C++ native,AFC3,42273,38393,1.10106,9.1784,True,True,409.0061,0.2124
govdocs1-thread000,000345.pdf,maximum,C++ native,AFC3,42273,38385,1.10129,9.1974,True,True,547.0049,0.2248
govdocs1-thread000,000346.pdf,fast,C++ native,AFC2,252172,213572,1.180735,15.307,True,True,116.6393,2.0349
govdocs1-thread000,000346.pdf,balanced,C++ native,AFC2,252172,208582,1.208983,17.2858,True,True,532.3636,1.6168
govdocs1-thread000,000346.pdf,maximum,C++ native,AFC2,252172,205621,1.226392,18.46,True,True,630.5711,2.0717
govdocs1-thread000,000347.pdf,fast,C++ native,AFC2,572552,522790,1.095185,8.6913,True,True,229.7232,6.2398
govdocs1-thread000,000347.pdf,balanced,C++ native,AFC2,572552,516408,1.10872,9.8059,True,True,1034.0131,5.5204
govdocs1-thread000,000347.pdf,maximum,C++ native,AFC2,572552,516076,1.109433,9.8639,True,True,1994.6108,5.3779
govdocs1-thread000,000348.pdf,fast,C++ native,AFC2,2300275,2093427,1.098808,8.9923,True,True,422.9961,19.0136
govdocs1-thread000,000348.pdf,balanced,C++ native,AFC2,2300275,2061026,1.116082,10.4009,True,True,1891.7227,19.0079
govdocs1-thread000,000348.pdf,maximum,C++ native,AFC2,2300275,2061026,1.116082,10.4009,True,True,4349.3088,16.0959
govdocs1-thread000,000349.pdf,fast,C++ native,AFC3,39259,33307,1.178701,15.1609,True,True,162.1146,0.1966
govdocs1-thread000,000349.pdf,balanced,C++ native,AFC3,39259,32569,1.20541,17.0407,True,True,351.611,0.1909
govdocs1-thread000,000349.pdf,maximum,C++ native,AFC3,39259,32569,1.20541,17.0407,True,True,567.8356,0.2268
govdocs1-thread000,000350.pdf,fast,C++ native,AFC2,4668,4442,1.050878,4.8415,True,True,3.194,0.0793
govdocs1-thread000,000350.pdf,balanced,C++ native,AFC2,4668,4354,1.072118,6.7266,True,True,17.1434,0.1233
govdocs1-thread000,000350.pdf,maximum,C++ native,AFC2,4668,4354,1.072118,6.7266,True,True,27.8572,0.0942
govdocs1-thread000,000351.pdf,fast,C++ native,AFC3,256626,223111,1.150217,13.0599,True,True,95.9722,0.9535
govdocs1-thread000,000351.pdf,balanced,C++ native,AFC3,256626,218634,1.17377,14.8044,True,True,343.4332,0.7982
govdocs1-thread000,000351.pdf,maximum,C++ native,AFC3,256626,218634,1.17377,14.8044,True,True,667.9031,0.863
govdocs1-thread000,000352.pdf,fast,C++ native,AFC3,333582,318263,1.048133,4.5923,True,True,849.6642,0.7152
govdocs1-thread000,000352.pdf,balanced,C++ native,AFC3,333582,316052,1.055466,5.2551,True,True,1088.6033,0.6096
govdocs1-thread000,000352.pdf,maximum,C++ native,AFC3,333582,315806,1.056288,5.3288,True,True,1307.7299,0.5599
govdocs1-thread000,000353.pdf,fast,C++ native,AFC3,97361,92898,1.048042,4.584,True,True,676.488,0.2161
govdocs1-thread000,000353.pdf,balanced,C++ native,AFC3,97361,92052,1.057674,5.4529,True,True,713.2891,0.3014
govdocs1-thread000,000353.pdf,maximum,C++ native,AFC3,97361,92036,1.057858,5.4693,True,True,1016.6889,0.3564
govdocs1-thread000,000354.pdf,fast,C++ native,AFC3,96138,89432,1.074984,6.9754,True,True,693.5813,0.2617
govdocs1-thread000,000354.pdf,balanced,C++ native,AFC3,96138,88390,1.087657,8.0592,True,True,906.0322,0.3273
govdocs1-thread000,000354.pdf,maximum,C++ native,AFC3,96138,88386,1.087706,8.0634,True,True,1119.5295,0.303
govdocs1-thread000,000355.pdf,fast,C++ native,AFC3,233584,217136,1.07575,7.0416,True,True,859.9217,0.7121
govdocs1-thread000,000355.pdf,balanced,C++ native,AFC3,233584,216517,1.078825,7.3066,True,True,1713.9382,0.7498
govdocs1-thread000,000355.pdf,maximum,C++ native,AFC3,233584,216517,1.078825,7.3066,True,True,2501.6222,0.8245
govdocs1-thread000,000356.pdf,fast,C++ native,AFC3,23278,18860,1.234252,18.9793,True,True,31.3063,0.1336
govdocs1-thread000,000356.pdf,balanced,C++ native,AFC3,23278,18428,1.263186,20.8351,True,True,89.5422,0.1722
govdocs1-thread000,000356.pdf,maximum,C++ native,AFC3,23278,18428,1.263186,20.8351,True,True,141.5923,0.2125
govdocs1-thread000,000357.pdf,fast,C++ native,AFC2,476668,399869,1.19206,16.1116,True,True,149.0743,4.0616
govdocs1-thread000,000357.pdf,balanced,C++ native,AFC2,476668,395633,1.204824,17.0003,True,True,774.1328,4.3648
govdocs1-thread000,000357.pdf,maximum,C++ native,AFC2,476668,395633,1.204824,17.0003,True,True,1593.0605,4.2345
govdocs1-thread000,000358.pdf,fast,C++ native,AFC3,273359,256570,1.065436,6.1417,True,True,983.751,0.5357
govdocs1-thread000,000358.pdf,balanced,C++ native,AFC3,273359,254041,1.076043,7.0669,True,True,1651.348,0.5656
govdocs1-thread000,000358.pdf,maximum,C++ native,AFC3,273359,253544,1.078152,7.2487,True,True,2569.7758,0.5265
govdocs1-thread000,000359.pdf,fast,C++ native,AFC3,1669388,1175963,1.419592,29.5572,True,True,19094.9992,3.9734
govdocs1-thread000,000359.pdf,balanced,C++ native,AFC3,1669388,1136661,1.468677,31.9115,True,True,20428.6367,4.6824
govdocs1-thread000,000359.pdf,maximum,C++ native,AFC3,1669388,1129669,1.477767,32.3304,True,True,21422.256,4.3593
govdocs1-thread000,000360.pdf,fast,C++ native,AFC3,23897,19255,1.24108,19.425,True,True,179.6552,0.1546
govdocs1-thread000,000360.pdf,balanced,C++ native,AFC3,23897,18289,1.306632,23.4674,True,True,323.9822,0.148
govdocs1-thread000,000360.pdf,maximum,C++ native,AFC3,23897,18146,1.316929,24.0658,True,True,500.5443,0.2125
govdocs1-thread000,000361.pdf,fast,C++ native,AFC2,37579,32575,1.153615,13.3159,True,True,171.2543,0.306
govdocs1-thread000,000361.pdf,balanced,C++ native,AFC2,37579,31163,1.205885,17.0734,True,True,326.5888,0.4292
govdocs1-thread000,000361.pdf,maximum,C++ native,AFC2,37579,31017,1.211561,17.4619,True,True,552.0566,0.3149
govdocs1-thread000,000362.pdf,fast,C++ native,AFC3,32528,21992,1.479083,32.3906,True,True,153.2831,0.2312
govdocs1-thread000,000362.pdf,balanced,C++ native,AFC3,32528,20947,1.552872,35.6032,True,True,370.084,0.2843
govdocs1-thread000,000362.pdf,maximum,C++ native,AFC3,32528,20837,1.561069,35.9413,True,True,471.1803,0.304
govdocs1-thread000,000363.pdf,fast,C++ native,AFC3,178805,144999,1.233146,18.9066,True,True,696.9483,0.6431
govdocs1-thread000,000363.pdf,balanced,C++ native,AFC3,178805,141678,1.262052,20.764,True,True,902.387,0.7638
govdocs1-thread000,000363.pdf,maximum,C++ native,AFC3,178805,141678,1.262052,20.764,True,True,1076.6661,0.8195
govdocs1-thread000,000364.pdf,fast,C++ native,AFC3,121566,116721,1.041509,3.9855,True,True,1018.8818,0.2185
govdocs1-thread000,000364.pdf,balanced,C++ native,AFC3,121566,115778,1.049992,4.7612,True,True,1829.2681,0.2596
govdocs1-thread000,000364.pdf,maximum,C++ native,AFC3,121566,115751,1.050237,4.7834,True,True,2607.5983,0.2737
govdocs1-thread000,000365.pdf,fast,C++ native,AFC3,39757,35226,1.128627,11.3967,True,True,255.154,0.2991
govdocs1-thread000,000365.pdf,balanced,C++ native,AFC3,39757,34338,1.157814,13.6303,True,True,530.949,0.2507
govdocs1-thread000,000365.pdf,maximum,C++ native,AFC3,39757,34240,1.161127,13.8768,True,True,835.4966,0.261
govdocs1-thread000,000366.pdf,fast,C++ native,AFC3,139216,100999,1.37839,27.4516,True,True,799.7064,0.5411
govdocs1-thread000,000366.pdf,balanced,C++ native,AFC3,139216,99517,1.398917,28.5161,True,True,1293.6379,0.543
govdocs1-thread000,000366.pdf,maximum,C++ native,AFC3,139216,99215,1.403175,28.733,True,True,1802.8387,0.4086
govdocs1-thread000,000367.pdf,fast,C++ native,AFC3,135513,99350,1.363996,26.686,True,True,679.6136,0.4555
govdocs1-thread000,000367.pdf,balanced,C++ native,AFC3,135513,96881,1.398757,28.508,True,True,1120.0727,0.4859
govdocs1-thread000,000367.pdf,maximum,C++ native,AFC3,135513,96780,1.400217,28.5825,True,True,1799.1459,0.4347
govdocs1-thread000,000368.pdf,fast,C++ native,AFC2,12084,8030,1.504857,33.5485,True,True,37.0976,0.1241
govdocs1-thread000,000368.pdf,balanced,C++ native,AFC2,12084,7035,1.717697,41.7825,True,True,103.4371,0.1836
govdocs1-thread000,000368.pdf,maximum,C++ native,AFC2,12084,6997,1.727026,42.097,True,True,186.3091,0.1612
govdocs1-thread000,000369.pdf,fast,C++ native,AFC2,11558,7851,1.472169,32.073,True,True,38.3211,0.1266
govdocs1-thread000,000369.pdf,balanced,C++ native,AFC2,11558,7039,1.641995,39.0985,True,True,109.8339,0.16
govdocs1-thread000,000369.pdf,maximum,C++ native,AFC2,11558,7039,1.641995,39.0985,True,True,183.3389,0.1209
govdocs1-thread000,000370.pdf,fast,C++ native,AFC3,45547,38578,1.180647,15.3007,True,True,180.2118,0.2338
govdocs1-thread000,000370.pdf,balanced,C++ native,AFC3,45547,37484,1.215105,17.7026,True,True,257.8577,0.2729
govdocs1-thread000,000370.pdf,maximum,C++ native,AFC3,45547,37433,1.216761,17.8146,True,True,333.4011,0.2878
govdocs1-thread000,000371.pdf,fast,C++ native,AFC2,282008,258564,1.09067,8.3132,True,True,626.446,1.967
govdocs1-thread000,000371.pdf,balanced,C++ native,AFC2,282008,251533,1.121157,10.8064,True,True,1112.8015,2.3887
govdocs1-thread000,000371.pdf,maximum,C++ native,AFC2,282008,250676,1.12499,11.1103,True,True,1738.9355,2.4102
govdocs1-thread000,000372.pdf,fast,C++ native,AFC3,1741033,1702903,1.022391,2.1901,True,True,2167.1499,2.7748
govdocs1-thread000,000372.pdf,balanced,C++ native,AFC3,1741033,1696053,1.02652,2.5835,True,True,2276.7448,2.3143
govdocs1-thread000,000372.pdf,maximum,C++ native,AFC3,1741033,1695498,1.026856,2.6154,True,True,2350.6766,2.7873
govdocs1-thread000,000373.pdf,fast,C++ native,AFC3,422934,390245,1.083765,7.7291,True,True,2383.9106,0.7049
govdocs1-thread000,000373.pdf,balanced,C++ native,AFC3,422934,386647,1.09385,8.5798,True,True,3300.8336,0.9927
govdocs1-thread000,000373.pdf,maximum,C++ native,AFC3,422934,386581,1.094037,8.5954,True,True,4918.0708,0.8167
govdocs1-thread000,000375.xls,fast,C++ native,AFC2,47616,17793,2.676109,62.6323,True,True,7.2943,0.2899
govdocs1-thread000,000375.xls,balanced,C++ native,AFC2,47616,16639,2.86171,65.0559,True,True,60.3896,0.3293
govdocs1-thread000,000375.xls,maximum,C++ native,AFC2,47616,16639,2.86171,65.0559,True,True,135.1432,0.3083
govdocs1-thread000,000376.dbase3,fast,C++ native,AFC2,2882,899,3.205784,68.8064,True,True,1.1625,0.036
govdocs1-thread000,000376.dbase3,balanced,C++ native,AFC2,2882,893,3.227324,69.0146,True,True,6.3692,0.0536
govdocs1-thread000,000376.dbase3,maximum,C++ native,AFC2,2882,893,3.227324,69.0146,True,True,11.0614,0.0558
govdocs1-thread000,000377.xls,fast,C++ native,AFC2,33280,13530,2.459719,59.345,True,True,6.7893,0.2456
govdocs1-thread000,000377.xls,balanced,C++ native,AFC2,33280,12080,2.754967,63.7019,True,True,62.4786,0.2965
govdocs1-thread000,000377.xls,maximum,C++ native,AFC2,33280,12080,2.754967,63.7019,True,True,98.5497,0.3026
govdocs1-thread000,000378.xls,fast,C++ native,AFC2,22016,7289,3.020442,66.8923,True,True,4.0002,0.1768
govdocs1-thread000,000378.xls,balanced,C++ native,AFC2,22016,6513,3.380316,70.417,True,True,34.1524,0.1786
govdocs1-thread000,000378.xls,maximum,C++ native,AFC2,22016,6507,3.383433,70.4442,True,True,67.7741,0.1873
govdocs1-thread000,000379.pdf,fast,C++ native,AFC3,213174,202720,1.051569,4.904,True,True,861.2559,0.5235
govdocs1-thread000,000379.pdf,balanced,C++ native,AFC2,213174,200289,1.064332,6.0444,True,True,1378.3053,1.8564
govdocs1-thread000,000379.pdf,maximum,C++ native,AFC2,213174,199319,1.069512,6.4994,True,True,1937.599,1.8651
govdocs1-thread000,000380.pdf,fast,C++ native,AFC3,1163575,1150410,1.011444,1.1314,True,True,4509.099,1.6033
govdocs1-thread000,000380.pdf,balanced,C++ native,AFC3,1163575,1149580,1.012174,1.2028,True,True,3950.0316,1.7649
govdocs1-thread000,000380.pdf,maximum,C++ native,AFC3,1163575,1149548,1.012202,1.2055,True,True,4511.8296,1.6606
govdocs1-thread000,000381.pdf,fast,C++ native,AFC3,275349,262467,1.04908,4.6784,True,True,323.4785,0.4782
govdocs1-thread000,000381.pdf,balanced,C++ native,AFC3,275349,260875,1.055483,5.2566,True,True,527.8693,0.4246
govdocs1-thread000,000381.pdf,maximum,C++ native,AFC3,275349,260837,1.055636,5.2704,True,True,782.0246,0.4655
govdocs1-thread000,000382.xls,fast,C++ native,AFC2,103424,42818,2.415433,58.5996,True,True,14.2421,0.8084
govdocs1-thread000,000382.xls,balanced,C++ native,AFC2,103424,37801,2.736012,63.4505,True,True,107.2829,0.6699
govdocs1-thread000,000382.xls,maximum,C++ native,AFC2,103424,37801,2.736012,63.4505,True,True,175.8549,0.705
govdocs1-thread000,000383.xls,fast,C++ native,AFC2,415744,193612,2.147305,53.43,True,True,47.0384,2.813
govdocs1-thread000,000383.xls,balanced,C++ native,AFC2,415744,175393,2.370357,57.8123,True,True,385.9054,2.4619
govdocs1-thread000,000383.xls,maximum,C++ native,AFC2,415744,171305,2.426923,58.7956,True,True,728.8848,2.1445
govdocs1-thread000,000384.xls,fast,C++ native,AFC2,105472,43023,2.451526,59.2091,True,True,11.9344,0.6057
govdocs1-thread000,000384.xls,balanced,C++ native,AFC2,105472,38984,2.70552,63.0385,True,True,87.1539,0.67
govdocs1-thread000,000384.xls,maximum,C++ native,AFC2,105472,38984,2.70552,63.0385,True,True,183.5662,0.6419
govdocs1-thread000,000385.xls,fast,C++ native,AFC2,50176,16453,3.049657,67.2094,True,True,8.7868,0.2921
govdocs1-thread000,000385.xls,balanced,C++ native,AFC2,50176,13885,3.613684,72.3274,True,True,69.2043,0.2583
govdocs1-thread000,000385.xls,maximum,C++ native,AFC2,50176,13745,3.650491,72.6064,True,True,140.5597,0.3815
govdocs1-thread000,000386.xls,fast,C++ native,AFC2,93696,34500,2.715826,63.1788,True,True,12.4579,0.6108
govdocs1-thread000,000386.xls,balanced,C++ native,AFC2,93696,30598,3.062161,67.3433,True,True,84.6425,0.4311
govdocs1-thread000,000386.xls,maximum,C++ native,AFC2,93696,30598,3.062161,67.3433,True,True,146.2188,0.4385
govdocs1-thread000,000387.txt,fast,C++ native,AFC1,26,32,0.8125,-23.0769,True,True,0.5679,0.0167
govdocs1-thread000,000387.txt,balanced,C++ native,AFC1,26,32,0.8125,-23.0769,True,True,1.7312,0.0234
govdocs1-thread000,000387.txt,maximum,C++ native,AFC1,26,32,0.8125,-23.0769,True,True,2.1574,0.0242
govdocs1-thread000,000388.xls,fast,C++ native,AFC2,63488,23120,2.746021,63.5837,True,True,8.2102,0.3477
govdocs1-thread000,000388.xls,balanced,C++ native,AFC2,63488,19967,3.179646,68.55,True,True,82.9093,0.3726
govdocs1-thread000,000388.xls,maximum,C++ native,AFC2,63488,19967,3.179646,68.55,True,True,146.2053,0.4212
govdocs1-thread000,000389.dbase3,fast,C++ native,AFC2,1538,773,1.989651,49.7399,True,True,0.6428,0.0283
govdocs1-thread000,000389.dbase3,balanced,C++ native,AFC2,1538,728,2.112637,52.6658,True,True,4.2734,0.0413
govdocs1-thread000,000389.dbase3,maximum,C++ native,AFC2,1538,728,2.112637,52.6658,True,True,8.4998,0.0447
govdocs1-thread000,000390.xls,fast,C++ native,AFC2,34304,10647,3.22194,68.9628,True,True,4.5606,0.2289
govdocs1-thread000,000390.xls,balanced,C++ native,AFC2,34304,9645,3.556661,71.8837,True,True,43.3445,0.2224
govdocs1-thread000,000390.xls,maximum,C++ native,AFC2,34304,9572,3.583786,72.0965,True,True,97.1898,0.2391
govdocs1-thread000,000391.xls,fast,C++ native,AFC2,134656,55367,2.432062,58.8826,True,True,15.9291,0.9676
govdocs1-thread000,000391.xls,balanced,C++ native,AFC2,134656,46679,2.884723,65.3346,True,True,109.818,0.7767
govdocs1-thread000,000391.xls,maximum,C++ native,AFC2,134656,46679,2.884723,65.3346,True,True,220.6769,0.873
govdocs1-thread000,000392.xls,fast,C++ native,AFC2,25600,9042,2.831232,64.6797,True,True,5.1774,0.1907
govdocs1-thread000,000392.xls,balanced,C++ native,AFC2,25600,8537,2.998711,66.6523,True,True,43.3007,0.2292
govdocs1-thread000,000392.xls,maximum,C++ native,AFC2,25600,8537,2.998711,66.6523,True,True,72.7953,0.228
govdocs1-thread000,000393.xls,fast,C++ native,AFC2,1607168,569439,2.822371,64.5688,True,True,137.3514,6.9664
govdocs1-thread000,000393.xls,balanced,C++ native,AFC2,1607168,508451,3.16091,68.3635,True,True,942.885,6.6706
govdocs1-thread000,000393.xls,maximum,C++ native,AFC2,1607168,499084,3.220235,68.9464,True,True,2204.5182,6.5539
govdocs1-thread000,000394.xls,fast,C++ native,AFC2,21504,7345,2.927706,65.8436,True,True,4.0441,0.1947
govdocs1-thread000,000394.xls,balanced,C++ native,AFC2,21504,7006,3.069369,67.42,True,True,31.8021,0.18
govdocs1-thread000,000394.xls,maximum,C++ native,AFC2,21504,7006,3.069369,67.42,True,True,61.0905,0.2087
govdocs1-thread000,000395.xls,fast,C++ native,AFC2,49152,25729,1.910374,47.6542,True,True,8.6282,0.3714
govdocs1-thread000,000395.xls,balanced,C++ native,AFC2,49152,24219,2.029481,50.7263,True,True,78.366,0.3929
govdocs1-thread000,000395.xls,maximum,C++ native,AFC2,49152,24187,2.032166,50.7914,True,True,149.2938,0.3794
govdocs1-thread000,000396.xls,fast,C++ native,AFC2,1577984,549809,2.870059,65.1575,True,True,113.0865,5.6837
govdocs1-thread000,000396.xls,balanced,C++ native,AFC2,1577984,473198,3.334722,70.0125,True,True,775.1006,6.1218
govdocs1-thread000,000396.xls,maximum,C++ native,AFC2,1577984,450691,3.501255,71.4388,True,True,1784.3996,4.8006
govdocs1-thread000,000397.jpg,fast,C++ native,AFC2,122105,121888,1.00178,0.1777,True,True,21.1881,0.8268
govdocs1-thread000,000397.jpg,balanced,C++ native,AFC2,122105,121842,1.002159,0.2154,True,True,96.15,0.9344
govdocs1-thread000,000397.jpg,maximum,C++ native,AFC2,122105,121842,1.002159,0.2154,True,True,170.7026,1.0808
govdocs1-thread000,000398.xls,fast,C++ native,AFC2,47616,17923,2.656698,62.3593,True,True,7.3804,0.3354
govdocs1-thread000,000398.xls,balanced,C++ native,AFC2,47616,14883,3.199355,68.7437,True,True,59.1436,0.3374
govdocs1-thread000,000398.xls,maximum,C++ native,AFC2,47616,14833,3.21014,68.8487,True,True,135.9205,0.4315
govdocs1-thread000,000399.xls,fast,C++ native,AFC2,223744,73585,3.04062,67.112,True,True,23.5427,1.1184
govdocs1-thread000,000399.xls,balanced,C++ native,AFC2,223744,66706,3.354181,70.1865,True,True,159.2732,1.1242
govdocs1-thread000,000399.xls,maximum,C++ native,AFC2,223744,65598,3.410836,70.6817,True,True,311.7453,0.8655
govdocs1-thread000,000400.jpg,fast,C++ native,AFC1,71472,71480,0.999888,-0.0112,True,True,16.4153,0.0232
govdocs1-thread000,000400.jpg,balanced,C++ native,AFC2,71472,71451,1.000294,0.0294,True,True,75.4375,0.745
govdocs1-thread000,000400.jpg,maximum,C++ native,AFC2,71472,71451,1.000294,0.0294,True,True,119.1629,0.6824
govdocs1-thread000,000401.xls,fast,C++ native,AFC2,32256,14467,2.229626,55.1494,True,True,6.8254,0.2669
govdocs1-thread000,000401.xls,balanced,C++ native,AFC2,32256,12072,2.671968,62.5744,True,True,54.7183,0.2406
govdocs1-thread000,000401.xls,maximum,C++ native,AFC2,32256,12046,2.677735,62.655,True,True,114.2835,0.3608
govdocs1-thread000,000402.xls,fast,C++ native,AFC2,33792,8916,3.79004,73.6151,True,True,4.7129,0.1842
govdocs1-thread000,000402.xls,balanced,C++ native,AFC2,33792,8426,4.010444,75.0651,True,True,44.566,0.2164
govdocs1-thread000,000402.xls,maximum,C++ native,AFC2,33792,8426,4.010444,75.0651,True,True,94.3844,0.1968
govdocs1-thread000,000403.xls,fast,C++ native,AFC2,199168,85272,2.335679,57.1859,True,True,22.1144,1.3944
govdocs1-thread000,000403.xls,balanced,C++ native,AFC2,199168,76319,2.609678,61.6811,True,True,184.3069,1.3842
govdocs1-thread000,000403.xls,maximum,C++ native,AFC2,199168,74653,2.667917,62.5176,True,True,341.5182,1.2887
govdocs1-thread000,000404.jpg,fast,C++ native,AFC1,38353,38361,0.999791,-0.0209,True,True,9.1192,0.0197
govdocs1-thread000,000404.jpg,balanced,C++ native,AFC2,38353,38324,1.000757,0.0756,True,True,50.4702,0.3175
govdocs1-thread000,000404.jpg,maximum,C++ native,AFC2,38353,38324,1.000757,0.0756,True,True,84.2737,0.285
govdocs1-thread000,000405.xls,fast,C++ native,AFC2,9015296,4067403,2.216475,54.8833,True,True,471.6168,49.7075
govdocs1-thread000,000405.xls,balanced,C++ native,AFC2,9015296,3088068,2.919397,65.7463,True,True,1468.1412,41.4814
govdocs1-thread000,000405.xls,maximum,C++ native,AFC2,9015296,2677992,3.366439,70.295,True,True,6558.2586,39.0804
govdocs1-thread000,000406.xls,fast,C++ native,AFC2,22528,9528,2.3644,57.706,True,True,5.4837,0.2073
govdocs1-thread000,000406.xls,balanced,C++ native,AFC2,22528,8503,2.649418,62.2559,True,True,42.4181,0.2136
govdocs1-thread000,000406.xls,maximum,C++ native,AFC2,22528,8502,2.649729,62.2603,True,True,79.6983,0.2165
govdocs1-thread000,000407.xls,fast,C++ native,AFC2,21504,5881,3.656521,72.6516,True,True,5.5683,0.1428
govdocs1-thread000,000407.xls,balanced,C++ native,AFC2,21504,5412,3.973392,74.8326,True,True,36.7916,0.1334
govdocs1-thread000,000407.xls,maximum,C++ native,AFC2,21504,5412,3.973392,74.8326,True,True,58.0995,0.1503
govdocs1-thread000,000408.xls,fast,C++ native,AFC2,7489536,2487851,3.010444,66.7823,True,True,213.9817,19.4003
govdocs1-thread000,000408.xls,balanced,C++ native,AFC2,7489536,2036358,3.677907,72.8106,True,True,2127.1252,21.0008
govdocs1-thread000,000408.xls,maximum,C++ native,AFC2,7489536,1946011,3.848661,74.0169,True,True,5207.9932,19.5842
govdocs1-thread000,000409.html,fast,C++ native,AFC2,44214,19186,2.304493,56.6065,True,True,8.4026,0.3236
govdocs1-thread000,000409.html,balanced,C++ native,AFC2,44214,16060,2.753051,63.6767,True,True,73.5942,0.3362
govdocs1-thread000,000409.html,maximum,C++ native,AFC2,44214,15808,2.796938,64.2466,True,True,139.777,0.3945
govdocs1-thread000,000410.html,fast,C++ native,AFC2,28841,13354,2.159727,53.6979,True,True,5.6312,0.2036
govdocs1-thread000,000410.html,balanced,C++ native,AFC2,28841,11316,2.548692,60.7642,True,True,49.2439,0.2226
govdocs1-thread000,000410.html,maximum,C++ native,AFC2,28841,11316,2.548692,60.7642,True,True,97.0844,0.2313
govdocs1-thread000,000411.html,fast,C++ native,AFC2,7521,4350,1.728966,42.1619,True,True,2.3046,0.1063
govdocs1-thread000,000411.html,balanced,C++ native,AFC2,7521,3930,1.91374,47.7463,True,True,18.56,0.1369
govdocs1-thread000,000411.html,maximum,C++ native,AFC2,7521,3930,1.91374,47.7463,True,True,29.0701,0.1212
govdocs1-thread000,000412.html,fast,C++ native,AFC2,16376,7256,2.256891,55.6913,True,True,3.3754,0.1317
govdocs1-thread000,000412.html,balanced,C++ native,AFC2,16376,5908,2.771835,63.9228,True,True,25.6155,0.1493
govdocs1-thread000,000412.html,maximum,C++ native,AFC2,16376,5761,2.842562,64.8205,True,True,45.7696,0.1496
govdocs1-thread000,000413.html,fast,C++ native,AFC2,21665,11183,1.937316,48.3822,True,True,8.7051,0.2088
govdocs1-thread000,000413.html,balanced,C++ native,AFC2,21665,9833,2.203295,54.6134,True,True,37.9812,0.1647
govdocs1-thread000,000413.html,maximum,C++ native,AFC2,21665,9833,2.203295,54.6134,True,True,85.4357,0.1818
govdocs1-thread000,000414.html,fast,C++ native,AFC2,3269,2223,1.470535,31.9976,True,True,1.5645,0.0789
govdocs1-thread000,000414.html,balanced,C++ native,AFC2,3269,2085,1.567866,36.219,True,True,8.9492,0.0744
govdocs1-thread000,000414.html,maximum,C++ native,AFC2,3269,2085,1.567866,36.219,True,True,16.4644,0.0739
govdocs1-thread000,000415.html,fast,C++ native,AFC2,2770,1884,1.470276,31.9856,True,True,1.1015,0.0514
govdocs1-thread000,000415.html,balanced,C++ native,AFC2,2770,1832,1.512009,33.8628,True,True,9.27,0.0686
govdocs1-thread000,000415.html,maximum,C++ native,AFC2,2770,1832,1.512009,33.8628,True,True,17.131,0.0749
govdocs1-thread000,000416.html,fast,C++ native,AFC2,9935,5941,1.672277,40.2013,True,True,2.803,0.0953
govdocs1-thread000,000416.html,balanced,C++ native,AFC2,9935,5235,1.897803,47.3075,True,True,24.8613,0.1547
govdocs1-thread000,000416.html,maximum,C++ native,AFC2,9935,5232,1.898891,47.3377,True,True,42.8439,0.1091
govdocs1-thread000,000417.jpg,fast,C++ native,AFC2,21599,21534,1.003018,0.3009,True,True,6.3049,0.1672
govdocs1-thread000,000417.jpg,balanced,C++ native,AFC2,21599,21355,1.011426,1.1297,True,True,52.8279,0.2568
govdocs1-thread000,000417.jpg,maximum,C++ native,AFC2,21599,21355,1.011426,1.1297,True,True,71.9808,0.2242
govdocs1-thread000,000418.html,fast,C++ native,AFC2,33755,18422,1.83232,45.4244,True,True,7.0213,0.3001
govdocs1-thread000,000418.html,balanced,C++ native,AFC2,33755,15078,2.238692,55.3311,True,True,57.7205,0.3401
govdocs1-thread000,000418.html,maximum,C++ native,AFC2,33755,14933,2.26043,55.7606,True,True,120.4157,0.3781
govdocs1-thread000,000419.jpg,fast,C++ native,AFC1,49109,49117,0.999837,-0.0163,True,True,11.8853,0.0227
govdocs1-thread000,000419.jpg,balanced,C++ native,AFC2,49109,49008,1.002061,0.2057,True,True,57.5436,0.4294
govdocs1-thread000,000419.jpg,maximum,C++ native,AFC2,49109,49008,1.002061,0.2057,True,True,119.7033,0.4411
govdocs1-thread000,000420.html,fast,C++ native,AFC2,19421,10251,1.894547,47.2169,True,True,7.6041,0.2081
govdocs1-thread000,000420.html,balanced,C++ native,AFC2,19421,8684,2.236412,55.2855,True,True,43.4423,0.2549
govdocs1-thread000,000420.html,maximum,C++ native,AFC2,19421,8659,2.242869,55.4142,True,True,87.3382,0.1982
govdocs1-thread000,000421.html,fast,C++ native,AFC2,4267,2538,1.681245,40.5203,True,True,1.4126,0.0456
govdocs1-thread000,000421.html,balanced,C++ native,AFC2,4267,2261,1.887218,47.012,True,True,11.9454,0.0711
govdocs1-thread000,000421.html,maximum,C++ native,AFC2,4267,2261,1.887218,47.012,True,True,23.3007,0.08
govdocs1-thread000,000422.html,fast,C++ native,AFC2,4154,2444,1.699673,41.1651,True,True,1.4268,0.0482
govdocs1-thread000,000422.html,balanced,C++ native,AFC2,4154,2170,1.914286,47.7612,True,True,11.2569,0.0661
govdocs1-thread000,000422.html,maximum,C++ native,AFC2,4154,2170,1.914286,47.7612,True,True,22.3662,0.0971
govdocs1-thread000,000423.html,fast,C++ native,AFC2,11116,6069,1.831603,45.403,True,True,3.457,0.1869
govdocs1-thread000,000423.html,balanced,C++ native,AFC2,11116,5131,2.166439,53.8413,True,True,23.7567,0.2401
govdocs1-thread000,000423.html,maximum,C++ native,AFC2,11116,5131,2.166439,53.8413,True,True,45.2824,0.1443
govdocs1-thread000,000424.html,fast,C++ native,AFC2,23583,12114,1.946756,48.6325,True,True,5.8197,0.2579
govdocs1-thread000,000424.html,balanced,C++ native,AFC2,23583,9134,2.581892,61.2687,True,True,53.3155,0.1954
govdocs1-thread000,000424.html,maximum,C++ native,AFC2,23583,8885,2.654249,62.3246,True,True,100.4748,0.2024
govdocs1-thread000,000425.html,fast,C++ native,AFC2,2310,1278,1.807512,44.6753,True,True,0.9372,0.0347
govdocs1-thread000,000425.html,balanced,C++ native,AFC2,2310,1235,1.870445,46.5368,True,True,7.4883,0.0715
govdocs1-thread000,000425.html,maximum,C++ native,AFC2,2310,1235,1.870445,46.5368,True,True,13.6973,0.0559
govdocs1-thread000,000426.html,fast,C++ native,AFC2,23336,10767,2.167363,53.861,True,True,4.9331,0.2352
govdocs1-thread000,000426.html,balanced,C++ native,AFC2,23336,8848,2.637432,62.0843,True,True,41.033,0.217
govdocs1-thread000,000426.html,maximum,C++ native,AFC2,23336,8775,2.659373,62.3972,True,True,84.1179,0.3299
govdocs1-thread000,000427.html,fast,C++ native,AFC2,40902,21332,1.917401,47.8461,True,True,8.7834,0.3647
govdocs1-thread000,000427.html,balanced,C++ native,AFC2,40902,17866,2.289376,56.32,True,True,70.1311,0.46
govdocs1-thread000,000427.html,maximum,C++ native,AFC2,40902,17527,2.333657,57.1488,True,True,148.2594,0.3976
govdocs1-thread000,000428.html,fast,C++ native,AFC2,61208,30227,2.024945,50.6159,True,True,11.663,0.5541
govdocs1-thread000,000428.html,balanced,C++ native,AFC2,61208,25674,2.384046,58.0545,True,True,96.0029,0.5443
govdocs1-thread000,000428.html,maximum,C++ native,AFC2,61208,25514,2.398997,58.3159,True,True,211.505,0.7068
govdocs1-thread000,000429.html,fast,C++ native,AFC2,7991,4532,1.763239,43.2862,True,True,2.5064,0.0911
govdocs1-thread000,000429.html,balanced,C++ native,AFC2,7991,4324,1.848057,45.8891,True,True,17.0566,0.1001
govdocs1-thread000,000429.html,maximum,C++ native,AFC2,7991,4324,1.848057,45.8891,True,True,28.3932,0.1292
govdocs1-thread000,000430.html,fast,C++ native,AFC2,12964,7507,1.726922,42.0935,True,True,3.0261,0.1112
govdocs1-thread000,000430.html,balanced,C++ native,AFC2,12964,6458,2.007433,50.1851,True,True,27.2995,0.175
govdocs1-thread000,000430.html,maximum,C++ native,AFC2,12964,6439,2.013356,50.3317,True,True,41.5338,0.1626
govdocs1-thread000,000431.html,fast,C++ native,AFC2,13151,6311,2.083822,52.0113,True,True,2.8187,0.1457
govdocs1-thread000,000431.html,balanced,C++ native,AFC2,13151,5133,2.562049,60.9687,True,True,20.5683,0.1347
govdocs1-thread000,000431.html,maximum,C++ native,AFC2,13151,5102,2.577617,61.2045,True,True,47.0483,0.1708
govdocs1-thread000,000432.jpg,fast,C++ native,AFC2,22823,22265,1.025062,2.4449,True,True,8.7367,0.2258
govdocs1-thread000,000432.jpg,balanced,C++ native,AFC2,22823,22191,1.02848,2.7691,True,True,42.4022,0.2066
govdocs1-thread000,000432.jpg,maximum,C++ native,AFC2,22823,22191,1.02848,2.7691,True,True,80.0059,0.2299
govdocs1-thread000,000433.html,fast,C++ native,AFC2,13398,6949,1.928047,48.134,True,True,3.3948,0.1354
govdocs1-thread000,000433.html,balanced,C++ native,AFC2,13398,5413,2.475152,59.5984,True,True,24.2154,0.151
govdocs1-thread000,000433.html,maximum,C++ native,AFC2,13398,5413,2.475152,59.5984,True,True,51.9738,0.1431
govdocs1-thread000,000434.html,fast,C++ native,AFC2,4210,2473,1.702386,41.2589,True,True,1.271,0.071
govdocs1-thread000,000434.html,balanced,C++ native,AFC2,4210,2409,1.747613,42.7791,True,True,9.5628,0.0833
govdocs1-thread000,000434.html,maximum,C++ native,AFC2,4210,2409,1.747613,42.7791,True,True,16.7566,0.0911
govdocs1-thread000,000435.html,fast,C++ native,AFC2,9719,5427,1.790861,44.1609,True,True,2.7116,0.0969
govdocs1-thread000,000435.html,balanced,C++ native,AFC2,9719,4645,2.092357,52.207,True,True,23.9715,0.1525
govdocs1-thread000,000435.html,maximum,C++ native,AFC2,9719,4645,2.092357,52.207,True,True,37.4944,0.1612
govdocs1-thread000,000436.html,fast,C++ native,AFC2,10604,6005,1.765862,43.3704,True,True,2.9761,0.1665
govdocs1-thread000,000436.html,balanced,C++ native,AFC2,10604,4764,2.225861,55.0736,True,True,21.1021,0.1258
govdocs1-thread000,000436.html,maximum,C++ native,AFC2,10604,4764,2.225861,55.0736,True,True,41.8741,0.1216
govdocs1-thread000,000437.jpg,fast,C++ native,AFC1,13203,13210,0.99947,-0.053,True,True,3.8927,0.0154
govdocs1-thread000,000437.jpg,balanced,C++ native,AFC1,13203,13210,0.99947,-0.053,True,True,20.3471,0.0328
govdocs1-thread000,000437.jpg,maximum,C++ native,AFC1,13203,13210,0.99947,-0.053,True,True,32.5496,0.0421
govdocs1-thread000,000438.html,fast,C++ native,AFC2,33885,14034,2.414493,58.5834,True,True,5.9784,0.2222
govdocs1-thread000,000438.html,balanced,C++ native,AFC2,33885,10970,3.088879,67.6258,True,True,48.6044,0.3087
govdocs1-thread000,000438.html,maximum,C++ native,AFC2,33885,10955,3.093108,67.6701,True,True,100.8525,0.2932
govdocs1-thread000,000439.html,fast,C++ native,AFC2,15094,8602,1.754708,43.0105,True,True,4.5049,0.2213
govdocs1-thread000,000439.html,balanced,C++ native,AFC2,15094,7626,1.979281,49.4766,True,True,30.1421,0.1751
govdocs1-thread000,000439.html,maximum,C++ native,AFC2,15094,7626,1.979281,49.4766,True,True,49.7616,0.1744
govdocs1-thread000,000440.html,fast,C++ native,AFC2,21995,10342,2.126765,52.9802,True,True,4.6726,0.1837
govdocs1-thread000,000440.html,balanced,C++ native,AFC2,21995,8522,2.580967,61.2548,True,True,40.3398,0.2654
govdocs1-thread000,000440.html,maximum,C++ native,AFC2,21995,8522,2.580967,61.2548,True,True,74.2958,0.22
govdocs1-thread000,000442.html,fast,C++ native,AFC2,13777,5939,2.319751,56.8919,True,True,3.0,0.1496
govdocs1-thread000,000442.html,balanced,C++ native,AFC2,13777,4623,2.9801,66.4441,True,True,20.9589,0.1258
govdocs1-thread000,000442.html,maximum,C++ native,AFC2,13777,4623,2.9801,66.4441,True,True,42.5295,0.1585
govdocs1-thread000,000444.pdf,fast,C++ native,AFC2,1148629,1073649,1.069837,6.5278,True,True,395.5757,11.1013
govdocs1-thread000,000444.pdf,balanced,C++ native,AFC2,1148629,1065911,1.077603,7.2015,True,True,1649.0682,10.8132
govdocs1-thread000,000444.pdf,maximum,C++ native,AFC2,1148629,1065094,1.07843,7.2726,True,True,3402.4449,13.7662
govdocs1-thread000,000445.html,fast,C++ native,AFC2,13432,8166,1.644869,39.2049,True,True,3.4988,0.1237
govdocs1-thread000,000445.html,balanced,C++ native,AFC2,13432,7374,1.821535,45.1013,True,True,35.1008,0.1722
govdocs1-thread000,000445.html,maximum,C++ native,AFC2,13432,7374,1.821535,45.1013,True,True,61.9233,0.1675
govdocs1-thread000,000446.html,fast,C++ native,AFC2,14159,6753,2.096698,52.306,True,True,3.062,0.1418
govdocs1-thread000,000446.html,balanced,C++ native,AFC2,14159,5915,2.393745,58.2245,True,True,27.2743,0.1686
govdocs1-thread000,000446.html,maximum,C++ native,AFC2,14159,5894,2.402273,58.3728,True,True,48.0673,0.1521
govdocs1-thread000,000447.html,fast,C++ native,AFC2,25885,12656,2.045275,51.1068,True,True,5.9912,0.2539
govdocs1-thread000,000447.html,balanced,C++ native,AFC2,25885,10253,2.524627,60.3902,True,True,46.1851,0.199
govdocs1-thread000,000447.html,maximum,C++ native,AFC2,25885,10253,2.524627,60.3902,True,True,93.336,0.2002
govdocs1-thread000,000448.html,fast,C++ native,AFC2,159985,59137,2.705328,63.0359,True,True,19.1059,1.1482
govdocs1-thread000,000448.html,balanced,C++ native,AFC2,159985,50771,3.15111,68.2651,True,True,145.2442,1.3049
govdocs1-thread000,000448.html,maximum,C++ native,AFC2,159985,50771,3.15111,68.2651,True,True,300.8954,1.2311
govdocs1-thread000,000449.html,fast,C++ native,AFC2,39756,17422,2.281942,56.1777,True,True,12.1545,0.2925
govdocs1-thread000,000449.html,balanced,C++ native,AFC2,39756,13795,2.881914,65.3008,True,True,71.244,0.3071
govdocs1-thread000,000449.html,maximum,C++ native,AFC2,39756,13402,2.966423,66.2894,True,True,141.8224,0.2874
govdocs1-thread000,000450.html,fast,C++ native,AFC2,16487,7973,2.067854,51.6407,True,True,4.1279,0.1435
govdocs1-thread000,000450.html,balanced,C++ native,AFC2,16487,6503,2.535291,60.5568,True,True,39.4468,0.1954
govdocs1-thread000,000450.html,maximum,C++ native,AFC2,16487,6501,2.536071,60.5689,True,True,66.9644,0.1776
govdocs1-thread000,000451.html,fast,C++ native,AFC2,26142,14090,1.855358,46.1021,True,True,6.2458,0.2651
govdocs1-thread000,000451.html,balanced,C++ native,AFC2,26142,11355,2.302246,56.5641,True,True,53.0535,0.2709
govdocs1-thread000,000451.html,maximum,C++ native,AFC2,26142,11355,2.302246,56.5641,True,True,108.1615,0.388
govdocs1-thread000,000452.html,fast,C++ native,AFC2,18087,10062,1.797555,44.3689,True,True,5.92,0.2364
govdocs1-thread000,000452.html,balanced,C++ native,AFC2,18087,8418,2.14861,53.4583,True,True,47.7755,0.2316
govdocs1-thread000,000452.html,maximum,C++ native,AFC2,18087,8416,2.149121,53.4693,True,True,82.7974,0.2408
govdocs1-thread000,000453.html,fast,C++ native,AFC2,17239,9929,1.736227,42.4039,True,True,4.4262,0.1459
govdocs1-thread000,000453.html,balanced,C++ native,AFC2,17239,7909,2.179669,54.1215,True,True,43.6557,0.2277
govdocs1-thread000,000453.html,maximum,C++ native,AFC2,17239,7798,2.210695,54.7654,True,True,73.4524,0.1841
govdocs1-thread000,000454.html,fast,C++ native,AFC2,24635,13482,1.827251,45.273,True,True,5.9895,0.2893
govdocs1-thread000,000454.html,balanced,C++ native,AFC2,24635,10319,2.387344,58.1124,True,True,46.8673,0.2782
govdocs1-thread000,000454.html,maximum,C++ native,AFC2,24635,10319,2.387344,58.1124,True,True,95.0876,0.2505
govdocs1-thread000,000455.html,fast,C++ native,AFC2,132672,58309,2.275326,56.0503,True,True,17.0075,0.8259
govdocs1-thread000,000455.html,balanced,C++ native,AFC2,132672,47233,2.808884,64.3987,True,True,110.5119,0.9497
govdocs1-thread000,000455.html,maximum,C++ native,AFC2,132672,47233,2.808884,64.3987,True,True,237.4628,0.9897
govdocs1-thread000,000456.html,fast,C++ native,AFC2,14048,7505,1.871819,46.576,True,True,3.3406,0.1157
govdocs1-thread000,000456.html,balanced,C++ native,AFC2,14048,5858,2.398088,58.3001,True,True,27.9654,0.1314
govdocs1-thread000,000456.html,maximum,C++ native,AFC2,14048,5858,2.398088,58.3001,True,True,55.8846,0.1655
govdocs1-thread000,000457.html,fast,C++ native,AFC2,26316,13838,1.90172,47.416,True,True,7.9571,0.2954
govdocs1-thread000,000457.html,balanced,C++ native,AFC2,26316,10916,2.410773,58.5195,True,True,47.7048,0.248
govdocs1-thread000,000457.html,maximum,C++ native,AFC2,26316,10914,2.411215,58.5271,True,True,102.3674,0.2549
govdocs1-thread000,000458.html,fast,C++ native,AFC2,20543,13477,1.524301,34.3961,True,True,5.6672,0.1837
govdocs1-thread000,000458.html,balanced,C++ native,AFC2,20543,11211,1.832397,45.4267,True,True,54.882,0.2492
govdocs1-thread000,000458.html,maximum,C++ native,AFC2,20543,11211,1.832397,45.4267,True,True,129.3575,0.2674
govdocs1-thread000,000459.html,fast,C++ native,AFC2,23782,4350,5.467126,81.7089,True,True,3.2885,0.0722
govdocs1-thread000,000459.html,balanced,C++ native,AFC2,23782,3843,6.188394,83.8407,True,True,24.9034,0.1231
govdocs1-thread000,000459.html,maximum,C++ native,AFC2,23782,3770,6.308223,84.1477,True,True,46.4384,0.1085
govdocs1-thread000,000460.txt,fast,C++ native,AFC2,6069,1463,4.148325,75.8939,True,True,1.1568,0.0358
govdocs1-thread000,000460.txt,balanced,C++ native,AFC2,6069,1463,4.148325,75.8939,True,True,8.2264,0.0605
govdocs1-thread000,000460.txt,maximum,C++ native,AFC2,6069,1463,4.148325,75.8939,True,True,13.2269,0.0554
govdocs1-thread000,000461.html,fast,C++ native,AFC2,5170,1812,2.853201,64.9516,True,True,1.7289,0.0474
govdocs1-thread000,000461.html,balanced,C++ native,AFC2,5170,1051,4.919125,79.6712,True,True,10.1719,0.0461
govdocs1-thread000,000461.html,maximum,C++ native,AFC2,5170,1051,4.919125,79.6712,True,True,17.5751,0.0402
govdocs1-thread000,000462.txt,fast,C++ native,AFC2,6614,1778,3.71991,73.1176,True,True,1.2737,0.0377
govdocs1-thread000,000462.txt,balanced,C++ native,AFC2,6614,1762,3.753689,73.3595,True,True,11.324,0.0557
govdocs1-thread000,000462.txt,maximum,C++ native,AFC2,6614,1762,3.753689,73.3595,True,True,19.9677,0.0617
govdocs1-thread000,000463.txt,fast,C++ native,AFC2,3426,1988,1.72334,41.9731,True,True,1.2348,0.0424
govdocs1-thread000,000463.txt,balanced,C++ native,AFC2,3426,1863,1.838969,45.6217,True,True,8.8424,0.091
govdocs1-thread000,000463.txt,maximum,C++ native,AFC2,3426,1863,1.838969,45.6217,True,True,17.0742,0.0683
govdocs1-thread000,000464.txt,fast,C++ native,AFC2,94528,27128,3.484518,71.3016,True,True,8.1852,0.4043
govdocs1-thread000,000464.txt,balanced,C++ native,AFC2,94528,19365,4.881384,79.514,True,True,65.4766,0.4481
govdocs1-thread000,000464.txt,maximum,C++ native,AFC2,94528,18254,5.178481,80.6893,True,True,115.6278,0.5303
govdocs1-thread000,000465.unk,fast,C++ native,AFC2,1545,894,1.728188,42.1359,True,True,1.0228,0.0371
govdocs1-thread000,000465.unk,balanced,C++ native,AFC2,1545,894,1.728188,42.1359,True,True,4.9444,0.0959
govdocs1-thread000,000465.unk,maximum,C++ native,AFC2,1545,894,1.728188,42.1359,True,True,8.203,0.0539
govdocs1-thread000,000466.unk,fast,C++ native,AFC2,2338,1325,1.764528,43.3276,True,True,0.8441,0.0503
govdocs1-thread000,000466.unk,balanced,C++ native,AFC2,2338,1283,1.822292,45.124,True,True,6.9002,0.069
govdocs1-thread000,000466.unk,maximum,C++ native,AFC2,2338,1283,1.822292,45.124,True,True,10.4449,0.0529
govdocs1-thread000,000467.txt,fast,C++ native,AFC2,1921,1192,1.611577,37.949,True,True,0.847,0.0341
govdocs1-thread000,000467.txt,balanced,C++ native,AFC2,1921,1162,1.653184,39.5107,True,True,6.1167,0.0493
govdocs1-thread000,000467.txt,maximum,C++ native,AFC2,1921,1162,1.653184,39.5107,True,True,10.4149,0.0571
govdocs1-thread000,000468.txt,fast,C++ native,AFC2,3431,1994,1.720662,41.8828,True,True,1.1158,0.0479
govdocs1-thread000,000468.txt,balanced,C++ native,AFC2,3431,1933,1.774961,43.6607,True,True,10.5531,0.0769
govdocs1-thread000,000468.txt,maximum,C++ native,AFC2,3431,1933,1.774961,43.6607,True,True,17.3044,0.1104
govdocs1-thread000,000469.jpg,fast,C++ native,AFC2,77691,69826,1.112637,10.1234,True,True,20.0074,0.6464
govdocs1-thread000,000469.jpg,balanced,C++ native,AFC2,77691,68864,1.12818,11.3617,True,True,89.1456,0.6812
govdocs1-thread000,000469.jpg,maximum,C++ native,AFC2,77691,68785,1.129476,11.4634,True,True,150.186,0.662
govdocs1-thread000,000470.txt,fast,C++ native,AFC2,50435,12131,4.15753,75.9473,True,True,6.4136,0.194
govdocs1-thread000,000470.txt,balanced,C++ native,AFC2,50435,8017,6.291007,84.1043,True,True,47.1309,0.2092
govdocs1-thread000,000470.txt,maximum,C++ native,AFC2,50435,8017,6.291007,84.1043,True,True,94.5284,0.2771
govdocs1-thread000,000471.txt,fast,C++ native,AFC2,23544,11562,2.036326,50.8919,True,True,6.0123,0.3242
govdocs1-thread000,000471.txt,balanced,C++ native,AFC2,23544,9658,2.437772,58.9789,True,True,50.8689,0.3006
govdocs1-thread000,000471.txt,maximum,C++ native,AFC2,23544,9630,2.44486,59.0979,True,True,91.6369,0.3361
govdocs1-thread000,000472.txt,fast,C++ native,AFC2,61630,33903,1.817833,44.9895,True,True,15.1508,0.6874
govdocs1-thread000,000472.txt,balanced,C++ native,AFC2,61630,28845,2.136592,53.1965,True,True,111.6996,0.8241
govdocs1-thread000,000472.txt,maximum,C++ native,AFC2,61630,28521,2.160864,53.7222,True,True,233.4705,0.7329
govdocs1-thread000,000473.txt,fast,C++ native,AFC2,7426,3999,1.856964,46.1487,True,True,2.5488,0.1254
govdocs1-thread000,000473.txt,balanced,C++ native,AFC2,7426,3777,1.966111,49.1382,True,True,17.7221,0.1179
govdocs1-thread000,000473.txt,maximum,C++ native,AFC2,7426,3766,1.971853,49.2863,True,True,29.3492,0.1309
govdocs1-thread000,000474.txt,fast,C++ native,AFC2,354638,100585,3.525754,71.6373,True,True,25.2993,1.6897
govdocs1-thread000,000474.txt,balanced,C++ native,AFC2,354638,82165,4.316169,76.8313,True,True,182.4879,1.524
govdocs1-thread000,000474.txt,maximum,C++ native,AFC2,354638,78767,4.502368,77.7895,True,True,437.881,1.4504
govdocs1-thread000,000475.txt,fast,C++ native,AFC2,5095,1849,2.755544,63.7095,True,True,1.5022,0.0626
govdocs1-thread000,000475.txt,balanced,C++ native,AFC2,5095,1745,2.919771,65.7507,True,True,9.2051,0.1053
govdocs1-thread000,000475.txt,maximum,C++ native,AFC2,5095,1745,2.919771,65.7507,True,True,14.369,0.0743
govdocs1-thread000,000476.jpg,fast,C++ native,AFC1,6456,6463,0.998917,-0.1084,True,True,2.595,0.0116
govdocs1-thread000,000476.jpg,balanced,C++ native,AFC1,6456,6463,0.998917,-0.1084,True,True,16.3433,0.0265
govdocs1-thread000,000476.jpg,maximum,C++ native,AFC1,6456,6463,0.998917,-0.1084,True,True,24.2163,0.0628
govdocs1-thread000,000477.txt,fast,C++ native,AFC2,11231,5024,2.23547,55.2667,True,True,3.3233,0.1084
govdocs1-thread000,000477.txt,balanced,C++ native,AFC2,11231,4336,2.590175,61.3926,True,True,23.9329,0.1374
govdocs1-thread000,000477.txt,maximum,C++ native,AFC2,11231,4336,2.590175,61.3926,True,True,41.4135,0.1335
govdocs1-thread000,000478.txt,fast,C++ native,AFC2,213606,81431,2.623153,61.8779,True,True,21.7479,1.4154
govdocs1-thread000,000478.txt,balanced,C++ native,AFC2,213606,65651,3.25366,69.2654,True,True,158.9227,1.4953
govdocs1-thread000,000478.txt,maximum,C++ native,AFC2,213606,65104,3.280997,69.5215,True,True,343.0521,1.3611
govdocs1-thread000,000479.txt,fast,C++ native,AFC2,12969,6776,1.913961,47.7523,True,True,3.5261,0.1284
govdocs1-thread000,000479.txt,balanced,C++ native,AFC2,12969,6176,2.099903,52.3787,True,True,26.8891,0.1154
govdocs1-thread000,000479.txt,maximum,C++ native,AFC2,12969,6176,2.099903,52.3787,True,True,50.1229,0.1753
govdocs1-thread000,000480.txt,fast,C++ native,AFC2,27034,14435,1.872809,46.6043,True,True,7.7154,0.3247
govdocs1-thread000,000480.txt,balanced,C++ native,AFC2,27034,12299,2.198065,54.5054,True,True,56.696,0.2749
govdocs1-thread000,000480.txt,maximum,C++ native,AFC2,27034,12299,2.198065,54.5054,True,True,119.2018,0.2769
govdocs1-thread000,000481.txt,fast,C++ native,AFC2,1288,847,1.520661,34.2391,True,True,0.8861,0.0396
govdocs1-thread000,000481.txt,balanced,C++ native,AFC2,1288,838,1.536993,34.9379,True,True,4.9126,0.0459
govdocs1-thread000,000481.txt,maximum,C++ native,AFC2,1288,838,1.536993,34.9379,True,True,7.2758,0.056
govdocs1-thread000,000482.ps,fast,C++ native,AFC2,11636,5096,2.283359,56.2049,True,True,2.2117,0.0874
govdocs1-thread000,000482.ps,balanced,C++ native,AFC2,11636,4335,2.684198,62.7449,True,True,23.3786,0.1125
govdocs1-thread000,000482.ps,maximum,C++ native,AFC2,11636,4333,2.685437,62.7621,True,True,36.9838,0.1218
govdocs1-thread000,000483.txt,fast,C++ native,AFC2,1339,869,1.540852,35.1008,True,True,0.6746,0.0391
govdocs1-thread000,000483.txt,balanced,C++ native,AFC2,1339,854,1.567916,36.2211,True,True,4.9529,0.062
govdocs1-thread000,000483.txt,maximum,C++ native,AFC2,1339,854,1.567916,36.2211,True,True,9.033,0.0507
govdocs1-thread000,000484.txt,fast,C++ native,AFC2,9080,5354,1.695928,41.0352,True,True,2.3664,0.1174
govdocs1-thread000,000484.txt,balanced,C++ native,AFC2,9080,5020,1.808765,44.7137,True,True,19.0482,0.1278
govdocs1-thread000,000484.txt,maximum,C++ native,AFC2,9080,5020,1.808765,44.7137,True,True,30.2162,0.1717
govdocs1-thread000,000485.txt,fast,C++ native,AFC2,3109,1920,1.619271,38.2438,True,True,1.2213,0.0482
govdocs1-thread000,000485.txt,balanced,C++ native,AFC2,3109,1876,1.657249,39.6591,True,True,7.8416,0.0594
govdocs1-thread000,000485.txt,maximum,C++ native,AFC2,3109,1876,1.657249,39.6591,True,True,17.1648,0.1314
govdocs1-thread000,000486.txt,fast,C++ native,AFC2,5029,2966,1.69555,41.0221,True,True,1.9636,0.0905
govdocs1-thread000,000486.txt,balanced,C++ native,AFC2,5029,2865,1.755323,43.0304,True,True,13.1192,0.0942
govdocs1-thread000,000486.txt,maximum,C++ native,AFC2,5029,2865,1.755323,43.0304,True,True,19.3009,0.1277
govdocs1-thread000,000487.txt,fast,C++ native,AFC2,30667,15609,1.9647,49.1016,True,True,7.2728,0.33
govdocs1-thread000,000487.txt,balanced,C++ native,AFC2,30667,12889,2.379316,57.9711,True,True,64.5815,0.291
govdocs1-thread000,000487.txt,maximum,C++ native,AFC2,30667,12826,2.391003,58.1765,True,True,131.8012,0.3692
govdocs1-thread000,000488.unk,fast,C++ native,AFC2,109623,43588,2.514981,60.2383,True,True,12.6539,0.7332
govdocs1-thread000,000488.unk,balanced,C++ native,AFC2,109623,35426,3.094422,67.6838,True,True,100.1843,0.6853
govdocs1-thread000,000488.unk,maximum,C++ native,AFC2,109623,34921,3.139171,68.1445,True,True,190.9978,0.8319
govdocs1-thread000,000489.txt,fast,C++ native,AFC2,4504,2641,1.705415,41.3632,True,True,2.5322,0.1402
govdocs1-thread000,000489.txt,balanced,C++ native,AFC2,4504,2467,1.825699,45.2265,True,True,11.9641,0.0974
govdocs1-thread000,000489.txt,maximum,C++ native,AFC2,4504,2467,1.825699,45.2265,True,True,19.5075,0.1215
govdocs1-thread000,000490.txt,fast,C++ native,AFC2,1679,1017,1.650934,39.4282,True,True,0.7803,0.0417
govdocs1-thread000,000490.txt,balanced,C++ native,AFC2,1679,988,1.699393,41.1554,True,True,5.9757,0.0687
govdocs1-thread000,000490.txt,maximum,C++ native,AFC2,1679,988,1.699393,41.1554,True,True,10.101,0.0616
govdocs1-thread000,000491.txt,fast,C++ native,AFC2,28044,8034,3.490665,71.3522,True,True,3.9223,0.1384
govdocs1-thread000,000491.txt,balanced,C++ native,AFC2,28044,7141,3.927181,74.5364,True,True,73.2701,0.2184
govdocs1-thread000,000491.txt,maximum,C++ native,AFC2,28044,7103,3.948191,74.6719,True,True,80.6443,0.2532
govdocs1-thread000,000492.txt,fast,C++ native,AFC2,1886,628,3.003185,66.702,True,True,0.5579,0.0269
govdocs1-thread000,000492.txt,balanced,C++ native,AFC2,1886,559,3.373882,70.3606,True,True,4.8461,0.0511
govdocs1-thread000,000492.txt,maximum,C++ native,AFC2,1886,559,3.373882,70.3606,True,True,7.194,0.0849
govdocs1-thread000,000493.xml,fast,C++ native,AFC2,483,378,1.277778,21.7391,True,True,0.4809,0.0216
govdocs1-thread000,000493.xml,balanced,C++ native,AFC2,483,353,1.368272,26.9151,True,True,3.0581,0.0367
govdocs1-thread000,000493.xml,maximum,C++ native,AFC2,483,353,1.368272,26.9151,True,True,5.5767,0.0292
govdocs1-thread000,000494.txt,fast,C++ native,AFC2,1379,835,1.651497,39.4489,True,True,0.6198,0.0354
govdocs1-thread000,000494.txt,balanced,C++ native,AFC2,1379,824,1.673544,40.2466,True,True,6.0478,0.0453
govdocs1-thread000,000494.txt,maximum,C++ native,AFC2,1379,824,1.673544,40.2466,True,True,9.1725,0.0533
govdocs1-thread000,000495.unk,fast,C++ native,AFC2,62599,32865,1.904731,47.4992,True,True,13.4748,0.6266
govdocs1-thread000,000495.unk,balanced,C++ native,AFC2,62599,27743,2.256389,55.6814,True,True,106.9302,0.5069
govdocs1-thread000,000495.unk,maximum,C++ native,AFC2,62599,27743,2.256389,55.6814,True,True,228.8413,0.6223
govdocs1-thread000,000496.xml,fast,C++ native,AFC2,167485,19319,8.669445,88.4652,True,True,6.7217,0.2648
govdocs1-thread000,000496.xml,balanced,C++ native,AFC2,167485,9470,17.68585,94.3458,True,True,47.5769,0.237
govdocs1-thread000,000496.xml,maximum,C++ native,AFC2,167485,9470,17.68585,94.3458,True,True,93.0937,0.2361
govdocs1-thread000,000497.xml,fast,C++ native,AFC2,426234,53524,7.963418,87.4426,True,True,13.0477,0.8011
govdocs1-thread000,000497.xml,balanced,C++ native,AFC2,426234,18412,23.149794,95.6803,True,True,104.0141,0.3864
govdocs1-thread000,000497.xml,maximum,C++ native,AFC2,426234,17587,24.235742,95.8739,True,True,224.3411,0.3323
govdocs1-thread000,000498.txt,fast,C++ native,AFC2,4267,2527,1.688564,40.7781,True,True,1.5685,0.0619
govdocs1-thread000,000498.txt,balanced,C++ native,AFC2,4267,2419,1.763952,43.3091,True,True,11.6199,0.0823
govdocs1-thread000,000498.txt,maximum,C++ native,AFC2,4267,2419,1.763952,43.3091,True,True,16.9351,0.1164
govdocs1-thread000,000499.txt,fast,C++ native,AFC2,10552,6060,1.741254,42.5701,True,True,3.0787,0.1267
govdocs1-thread000,000499.txt,balanced,C++ native,AFC2,10552,5674,1.859711,46.2282,True,True,21.7077,0.1614
govdocs1-thread000,000499.txt,maximum,C++ native,AFC2,10552,5648,1.868272,46.4746,True,True,36.5414,0.1555
govdocs1-thread000,000500.txt,fast,C++ native,AFC2,106733,57504,1.856097,46.1235,True,True,16.6733,0.9721
govdocs1-thread000,000500.txt,balanced,C++ native,AFC2,106733,48530,2.19932,54.5314,True,True,122.8075,0.8465
govdocs1-thread000,000500.txt,maximum,C++ native,AFC2,106733,48530,2.19932,54.5314,True,True,235.2747,0.9822
govdocs1-thread000,000501.txt,fast,C++ native,AFC2,13066,7243,1.803949,44.566,True,True,4.1484,0.1344
govdocs1-thread000,000501.txt,balanced,C++ native,AFC2,13066,6394,2.043478,51.0638,True,True,25.5902,0.1634
govdocs1-thread000,000501.txt,maximum,C++ native,AFC2,13066,6394,2.043478,51.0638,True,True,43.5098,0.1961
govdocs1-thread000,000502.txt,fast,C++ native,AFC2,27229,14532,1.873727,46.6304,True,True,6.5409,0.2944
govdocs1-thread000,000502.txt,balanced,C++ native,AFC2,27229,12996,2.095183,52.2715,True,True,51.1521,0.2503
govdocs1-thread000,000502.txt,maximum,C++ native,AFC2,27229,12996,2.095183,52.2715,True,True,103.0395,0.4091
govdocs1-thread000,000503.txt,fast,C++ native,AFC2,41815,20920,1.998805,49.9701,True,True,8.4808,0.4279
govdocs1-thread000,000503.txt,balanced,C++ native,AFC2,41815,16906,2.473382,59.5695,True,True,62.0073,0.389
govdocs1-thread000,000503.txt,maximum,C++ native,AFC2,41815,16832,2.484256,59.7465,True,True,135.6005,0.3811
govdocs1-thread000,000504.txt,fast,C++ native,AFC2,6622,3904,1.696209,41.045,True,True,2.0525,0.1019
govdocs1-thread000,000504.txt,balanced,C++ native,AFC2,6622,3678,1.800435,44.4579,True,True,15.9304,0.1358
govdocs1-thread000,000504.txt,maximum,C++ native,AFC2,6622,3677,1.800925,44.473,True,True,26.1208,0.1116
govdocs1-thread000,000505.jpg,fast,C++ native,AFC2,165203,152915,1.080358,7.4381,True,True,31.8034,1.6247
govdocs1-thread000,000505.jpg,balanced,C++ native,AFC2,165203,152713,1.081787,7.5604,True,True,186.2398,1.2072
govdocs1-thread000,000505.jpg,maximum,C++ native,AFC2,165203,152710,1.081809,7.5622,True,True,306.5989,1.6475
govdocs1-thread000,000506.jpg,fast,C++ native,AFC2,117029,113589,1.030285,2.9394,True,True,27.8817,1.2028
govdocs1-thread000,000506.jpg,balanced,C++ native,AFC2,117029,110960,1.054695,5.1859,True,True,139.1831,1.1876
govdocs1-thread000,000506.jpg,maximum,C++ native,AFC2,117029,110960,1.054695,5.1859,True,True,261.9713,1.1702
govdocs1-thread000,000507.jpg,fast,C++ native,AFC2,101029,99525,1.015112,1.4887,True,True,21.4385,0.8159
govdocs1-thread000,000507.jpg,balanced,C++ native,AFC2,101029,98724,1.023348,2.2815,True,True,121.851,0.9337
govdocs1-thread000,000507.jpg,maximum,C++ native,AFC2,101029,98724,1.023348,2.2815,True,True,200.9738,1.0189
govdocs1-thread000,000508.jpg,fast,C++ native,AFC1,11297,11304,0.999381,-0.062,True,True,3.8035,0.0159
govdocs1-thread000,000508.jpg,balanced,C++ native,AFC1,11297,11304,0.999381,-0.062,True,True,20.7419,0.0307
govdocs1-thread000,000508.jpg,maximum,C++ native,AFC1,11297,11304,0.999381,-0.062,True,True,32.1143,0.0342
govdocs1-thread000,000509.jpg,fast,C++ native,AFC2,1688344,1685625,1.001613,0.161,True,True,245.7833,16.0382
govdocs1-thread000,000509.jpg,balanced,C++ native,AFC2,1688344,1683455,1.002904,0.2896,True,True,1422.5017,17.0315
govdocs1-thread000,000509.jpg,maximum,C++ native,AFC2,1688344,1683455,1.002904,0.2896,True,True,3274.2765,15.4131
govdocs1-thread000,000510.jpg,fast,C++ native,AFC2,94790,89094,1.063932,6.0091,True,True,19.4592,0.8091
govdocs1-thread000,000510.jpg,balanced,C++ native,AFC2,94790,88460,1.071558,6.6779,True,True,100.2335,0.7602
govdocs1-thread000,000510.jpg,maximum,C++ native,AFC2,94790,88460,1.071558,6.6779,True,True,169.0149,0.8187
govdocs1-thread000,000511.gif,fast,C++ native,AFC2,775995,756259,1.026097,2.5433,True,True,181.3481,9.1481
govdocs1-thread000,000511.gif,balanced,C++ native,AFC2,775995,748636,1.036545,3.5257,True,True,981.6889,8.3443
govdocs1-thread000,000511.gif,maximum,C++ native,AFC2,775995,748561,1.036649,3.5353,True,True,1987.3436,8.2829
govdocs1-thread000,000512.jpg,fast,C++ native,AFC2,195311,194497,1.004185,0.4168,True,True,49.6832,1.9984
govdocs1-thread000,000512.jpg,balanced,C++ native,AFC2,195311,194192,1.005762,0.5729,True,True,213.8093,1.6572
govdocs1-thread000,000512.jpg,maximum,C++ native,AFC2,195311,194192,1.005762,0.5729,True,True,311.2765,1.6433
govdocs1-thread000,000513.jpg,fast,C++ native,AFC2,169718,157663,1.076461,7.103,True,True,29.1368,1.1229
govdocs1-thread000,000513.jpg,balanced,C++ native,AFC2,169718,157508,1.07752,7.1943,True,True,182.1449,1.146
govdocs1-thread000,000513.jpg,maximum,C++ native,AFC2,169718,157501,1.077568,7.1984,True,True,305.1618,1.4528
govdocs1-thread000,000514.jpg,fast,C++ native,AFC2,165590,153429,1.079261,7.344,True,True,31.0385,1.1818
govdocs1-thread000,000514.jpg,balanced,C++ native,AFC2,165590,152462,1.086107,7.928,True,True,175.9752,1.6822
govdocs1-thread000,000514.jpg,maximum,C++ native,AFC2,165590,152462,1.086107,7.928,True,True,293.1018,1.5748
govdocs1-thread000,000515.jpg,fast,C++ native,AFC1,7630,7637,0.999083,-0.0917,True,True,2.3661,0.0256
govdocs1-thread000,000515.jpg,balanced,C++ native,AFC1,7630,7637,0.999083,-0.0917,True,True,13.7006,0.0403
govdocs1-thread000,000515.jpg,maximum,C++ native,AFC1,7630,7637,0.999083,-0.0917,True,True,25.3657,0.0389
govdocs1-thread000,000516.jpg,fast,C++ native,AFC2,86609,78423,1.104383,9.4517,True,True,22.4247,0.8515
govdocs1-thread000,000516.jpg,balanced,C++ native,AFC2,86609,76763,1.128265,11.3683,True,True,103.5232,0.7099
govdocs1-thread000,000516.jpg,maximum,C++ native,AFC2,86609,76746,1.128515,11.388,True,True,185.2408,0.7568
govdocs1-thread000,000517.gif,fast,C++ native,AFC2,708207,677080,1.045972,4.3952,True,True,163.6898,7.634
govdocs1-thread000,000517.gif,balanced,C++ native,AFC2,708207,667780,1.060539,5.7084,True,True,974.4465,7.6307
govdocs1-thread000,000517.gif,maximum,C++ native,AFC2,708207,667665,1.060722,5.7246,True,True,2070.7757,9.1938
govdocs1-thread000,000518.ppt,fast,C++ native,AFC2,8271360,7623242,1.085019,7.8357,True,True,689.6901,66.644
govdocs1-thread000,000518.ppt,balanced,C++ native,AFC2,8271360,7516132,1.100481,9.1306,True,True,4375.5358,69.6736
govdocs1-thread000,000518.ppt,maximum,C++ native,AFC2,8271360,7490012,1.104319,9.4464,True,True,9458.2939,87.2255
govdocs1-thread000,000519.gif,fast,C++ native,AFC2,646344,630265,1.025511,2.4877,True,True,166.5234,7.3147
govdocs1-thread000,000519.gif,balanced,C++ native,AFC2,646344,623447,1.036726,3.5425,True,True,828.3278,7.3496
govdocs1-thread000,000519.gif,maximum,C++ native,AFC2,646344,623418,1.036775,3.547,True,True,1753.5723,9.7227
govdocs1-thread000,000520.gif,fast,C++ native,AFC2,888265,850551,1.044341,4.2458,True,True,214.8473,9.8752
govdocs1-thread000,000520.gif,balanced,C++ native,AFC2,888265,841647,1.055389,5.2482,True,True,1136.2397,10.2469
govdocs1-thread000,000520.gif,maximum,C++ native,AFC2,888265,841647,1.055389,5.2482,True,True,2422.6626,11.1889
govdocs1-thread000,000521.jpg,fast,C++ native,AFC2,38010,32124,1.183227,15.4854,True,True,9.6257,0.3607
govdocs1-thread000,000521.jpg,balanced,C++ native,AFC2,38010,31191,1.218621,17.94,True,True,67.0352,0.4073
govdocs1-thread000,000521.jpg,maximum,C++ native,AFC2,38010,31173,1.219324,17.9874,True,True,129.4773,0.2757
govdocs1-thread000,000522.gif,fast,C++ native,AFC2,434306,425138,1.021565,2.111,True,True,98.7375,4.5351
govdocs1-thread000,000522.gif,balanced,C++ native,AFC2,434306,423762,1.024882,2.4278,True,True,529.8798,4.2748
govdocs1-thread000,000522.gif,maximum,C++ native,AFC2,434306,423744,1.024925,2.4319,True,True,950.2881,4.3236
govdocs1-thread000,000523.png,fast,C++ native,AFC1,999067,999075,0.999992,-0.0008,True,True,189.2144,0.1803
govdocs1-thread000,000523.png,balanced,C++ native,AFC1,999067,999075,0.999992,-0.0008,True,True,1060.793,0.4397
govdocs1-thread000,000523.png,maximum,C++ native,AFC1,999067,999075,0.999992,-0.0008,True,True,2112.3233,0.3206
govdocs1-thread000,000524.jpg,fast,C++ native,AFC1,15860,15867,0.999559,-0.0441,True,True,4.6293,0.0158
govdocs1-thread000,000524.jpg,balanced,C++ native,AFC1,15860,15867,0.999559,-0.0441,True,True,29.0983,0.036
govdocs1-thread000,000524.jpg,maximum,C++ native,AFC1,15860,15867,0.999559,-0.0441,True,True,44.1714,0.0387
govdocs1-thread000,000525.gif,fast,C++ native,AFC2,332496,330954,1.004659,0.4638,True,True,62.0532,1.9227
govdocs1-thread000,000525.gif,balanced,C++ native,AFC2,332496,330655,1.005568,0.5537,True,True,347.1333,2.8142
govdocs1-thread000,000525.gif,maximum,C++ native,AFC2,332496,330655,1.005568,0.5537,True,True,570.6695,2.556
govdocs1-thread000,000526.gif,fast,C++ native,AFC1,277400,277408,0.999971,-0.0029,True,True,57.2907,0.0614
govdocs1-thread000,000526.gif,balanced,C++ native,AFC1,277400,277408,0.999971,-0.0029,True,True,250.5243,0.1519
govdocs1-thread000,000526.gif,maximum,C++ native,AFC1,277400,277408,0.999971,-0.0029,True,True,388.9748,0.1252
govdocs1-thread000,000527.gif,fast,C++ native,AFC1,290370,290378,0.999972,-0.0028,True,True,51.1936,0.0442
govdocs1-thread000,000527.gif,balanced,C++ native,AFC1,290370,290378,0.999972,-0.0028,True,True,231.5453,0.1233
govdocs1-thread000,000527.gif,maximum,C++ native,AFC1,290370,290378,0.999972,-0.0028,True,True,397.676,0.1271
govdocs1-thread000,000528.jpg,fast,C++ native,AFC1,30895,30903,0.999741,-0.0259,True,True,8.3012,0.0163
govdocs1-thread000,000528.jpg,balanced,C++ native,AFC1,30895,30903,0.999741,-0.0259,True,True,45.2521,0.0517
govdocs1-thread000,000528.jpg,maximum,C++ native,AFC1,30895,30903,0.999741,-0.0259,True,True,83.9823,0.048
govdocs1-thread000,000529.gif,fast,C++ native,AFC1,262270,262278,0.999969,-0.0031,True,True,41.958,0.0358
govdocs1-thread000,000529.gif,balanced,C++ native,AFC1,262270,262278,0.999969,-0.0031,True,True,204.6304,0.17
govdocs1-thread000,000529.gif,maximum,C++ native,AFC1,262270,262278,0.999969,-0.0031,True,True,315.5525,0.1481
govdocs1-thread000,000530.gif,fast,C++ native,AFC2,813520,797800,1.019704,1.9323,True,True,163.9231,7.6616
govdocs1-thread000,000530.gif,balanced,C++ native,AFC2,813520,791855,1.02736,2.6631,True,True,1000.2963,6.8016
govdocs1-thread000,000530.gif,maximum,C++ native,AFC2,813520,791853,1.027362,2.6634,True,True,2191.5693,8.7647
govdocs1-thread000,000531.jpg,fast,C++ native,AFC1,40823,40831,0.999804,-0.0196,True,True,9.8352,0.0207
govdocs1-thread000,000531.jpg,balanced,C++ native,AFC1,40823,40831,0.999804,-0.0196,True,True,52.8651,0.0513
govdocs1-thread000,000531.jpg,maximum,C++ native,AFC1,40823,40831,0.999804,-0.0196,True,True,92.9832,0.0417
govdocs1-thread000,000532.jpg,fast,C++ native,AFC1,37776,37784,0.999788,-0.0212,True,True,8.1604,0.018
govdocs1-thread000,000532.jpg,balanced,C++ native,AFC1,37776,37784,0.999788,-0.0212,True,True,52.4692,0.048
govdocs1-thread000,000532.jpg,maximum,C++ native,AFC1,37776,37784,0.999788,-0.0212,True,True,87.1764,0.0494
govdocs1-thread000,000533.doc,fast,C++ native,AFC2,356864,161828,2.205206,54.6528,True,True,33.3673,1.8768
govdocs1-thread000,000533.doc,balanced,C++ native,AFC2,356864,143460,2.487551,59.7998,True,True,230.0443,1.9537
govdocs1-thread000,000533.doc,maximum,C++ native,AFC2,356864,139364,2.560661,60.9476,True,True,509.971,1.9265
govdocs1-thread000,000534.gif,fast,C++ native,AFC2,536130,521486,1.028081,2.7314,True,True,123.8131,5.9659
govdocs1-thread000,000534.gif,balanced,C++ native,AFC2,536130,516561,1.037883,3.65,True,True,684.5596,5.2273
govdocs1-thread000,000534.gif,maximum,C++ native,AFC2,536130,516553,1.037899,3.6515,True,True,1205.4375,5.7074
govdocs1-thread000,000535.jpg,fast,C++ native,AFC1,25675,25683,0.999689,-0.0312,True,True,8.1843,0.0208
govdocs1-thread000,000535.jpg,balanced,C++ native,AFC1,25675,25683,0.999689,-0.0312,True,True,44.7362,0.0357
govdocs1-thread000,000535.jpg,maximum,C++ native,AFC1,25675,25683,0.999689,-0.0312,True,True,79.0224,0.0398
govdocs1-thread000,000536.jpg,fast,C++ native,AFC2,23460,19271,1.217373,17.8559,True,True,4.3206,0.1557
govdocs1-thread000,000536.jpg,balanced,C++ native,AFC2,23460,18877,1.242782,19.5354,True,True,38.1058,0.2296
govdocs1-thread000,000536.jpg,maximum,C++ native,AFC2,23460,18877,1.242782,19.5354,True,True,78.1272,0.2794
govdocs1-thread000,000537.gif,fast,C++ native,AFC1,13434,13441,0.999479,-0.0521,True,True,3.8827,0.0157
govdocs1-thread000,000537.gif,balanced,C++ native,AFC1,13434,13441,0.999479,-0.0521,True,True,22.438,0.0335
govdocs1-thread000,000537.gif,maximum,C++ native,AFC1,13434,13441,0.999479,-0.0521,True,True,41.2559,0.0379
govdocs1-thread000,000538.gif,fast,C++ native,AFC2,877276,861073,1.018817,1.847,True,True,200.4347,9.3348
govdocs1-thread000,000538.gif,balanced,C++ native,AFC2,877276,853628,1.027703,2.6956,True,True,1063.2901,9.829
govdocs1-thread000,000538.gif,maximum,C++ native,AFC2,877276,853628,1.027703,2.6956,True,True,2297.3295,10.469
govdocs1-thread000,000539.jpg,fast,C++ native,AFC1,19440,19448,0.999589,-0.0412,True,True,5.9548,0.0212
govdocs1-thread000,000539.jpg,balanced,C++ native,AFC1,19440,19448,0.999589,-0.0412,True,True,34.7276,0.045
govdocs1-thread000,000539.jpg,maximum,C++ native,AFC1,19440,19448,0.999589,-0.0412,True,True,55.4847,0.0378
govdocs1-thread000,000540.jpg,fast,C++ native,AFC1,2939,2946,0.997624,-0.2382,True,True,1.5221,0.0149
govdocs1-thread000,000540.jpg,balanced,C++ native,AFC1,2939,2946,0.997624,-0.2382,True,True,13.5016,0.0257
govdocs1-thread000,000540.jpg,maximum,C++ native,AFC1,2939,2946,0.997624,-0.2382,True,True,22.4339,0.031
govdocs1-thread000,000541.jpg,fast,C++ native,AFC2,32668,27476,1.188965,15.8932,True,True,7.0784,0.2413
govdocs1-thread000,000541.jpg,balanced,C++ native,AFC2,32668,26910,1.213973,17.6258,True,True,50.911,0.2925
govdocs1-thread000,000541.jpg,maximum,C++ native,AFC2,32668,26905,1.214198,17.6411,True,True,92.0162,0.2646
govdocs1-thread000,000542.gif,fast,C++ native,AFC2,481044,468453,1.026878,2.6174,True,True,101.4793,5.0076
govdocs1-thread000,000542.gif,balanced,C++ native,AFC2,481044,464701,1.035169,3.3974,True,True,542.0525,5.4474
govdocs1-thread000,000542.gif,maximum,C++ native,AFC2,481044,464675,1.035227,3.4028,True,True,927.5855,5.4463
govdocs1-thread000,000543.gif,fast,C++ native,AFC2,479507,467107,1.026546,2.586,True,True,111.8185,5.1832
govdocs1-thread000,000543.gif,balanced,C++ native,AFC2,479507,464004,1.033411,3.2331,True,True,540.1672,5.0494
govdocs1-thread000,000543.gif,maximum,C++ native,AFC2,479507,463984,1.033456,3.2373,True,True,960.5589,5.0056
govdocs1-thread000,000544.jpg,fast,C++ native,AFC1,9619,9626,0.999273,-0.0728,True,True,3.5408,0.0208
govdocs1-thread000,000544.jpg,balanced,C++ native,AFC1,9619,9626,0.999273,-0.0728,True,True,24.3372,0.0332
govdocs1-thread000,000544.jpg,maximum,C++ native,AFC1,9619,9626,0.999273,-0.0728,True,True,35.6464,0.0345
govdocs1-thread000,000545.gif,fast,C++ native,AFC2,2578163,2541768,1.014319,1.4117,True,True,328.8996,24.0874
govdocs1-thread000,000545.gif,balanced,C++ native,AFC2,2578163,2538366,1.015678,1.5436,True,True,1907.0989,20.782
govdocs1-thread000,000545.gif,maximum,C++ native,AFC2,2578163,2538082,1.015792,1.5546,True,True,4269.3608,24.9185
govdocs1-thread000,000546.jpg,fast,C++ native,AFC1,2976,2983,0.997653,-0.2352,True,True,1.7286,0.014
govdocs1-thread000,000546.jpg,balanced,C++ native,AFC1,2976,2983,0.997653,-0.2352,True,True,10.8325,0.0288
govdocs1-thread000,000546.jpg,maximum,C++ native,AFC1,2976,2983,0.997653,-0.2352,True,True,20.1686,0.0298
govdocs1-thread000,000547.pdf,fast,C++ native,AFC3,683857,666470,1.026088,2.5425,True,True,2486.5821,0.8507
govdocs1-thread000,000547.pdf,balanced,C++ native,AFC3,683857,663500,1.030681,2.9768,True,True,3061.1984,0.7818
govdocs1-thread000,000547.pdf,maximum,C++ native,AFC3,683857,663331,1.030944,3.0015,True,True,3346.8417,0.7091
govdocs1-thread000,000548.gif,fast,C++ native,AFC2,64403,60827,1.05879,5.5525,True,True,18.1517,0.5735
govdocs1-thread000,000548.gif,balanced,C++ native,AFC2,64403,60569,1.0633,5.9531,True,True,98.748,0.7889
govdocs1-thread000,000548.gif,maximum,C++ native,AFC2,64403,60569,1.0633,5.9531,True,True,177.3293,0.6016
govdocs1-thread000,000549.jpg,fast,C++ native,AFC2,72512,71142,1.019257,1.8893,True,True,15.6525,0.4801
govdocs1-thread000,000549.jpg,balanced,C++ native,AFC2,72512,70720,1.025339,2.4713,True,True,85.2983,0.6835
govdocs1-thread000,000549.jpg,maximum,C++ native,AFC2,72512,70720,1.025339,2.4713,True,True,128.6644,0.6361
govdocs1-thread000,000550.jpg,fast,C++ native,AFC1,88393,88401,0.99991,-0.0091,True,True,16.611,0.0207
govdocs1-thread000,000550.jpg,balanced,C++ native,AFC1,88393,88401,0.99991,-0.0091,True,True,72.6537,0.0641
govdocs1-thread000,000550.jpg,maximum,C++ native,AFC1,88393,88401,0.99991,-0.0091,True,True,104.3982,0.0738
govdocs1-thread000,000551.jpg,fast,C++ native,AFC2,483240,471347,1.025232,2.4611,True,True,89.752,4.1748
govdocs1-thread000,000551.jpg,balanced,C++ native,AFC2,483240,467549,1.03356,3.247,True,True,466.0187,3.9519
govdocs1-thread000,000551.jpg,maximum,C++ native,AFC2,483240,467549,1.03356,3.247,True,True,863.5669,4.1891
govdocs1-thread000,000552.html,fast,C++ native,AFC2,29794,13053,2.28254,56.1892,True,True,5.6076,0.2548
govdocs1-thread000,000552.html,balanced,C++ native,AFC2,29794,10049,2.964872,66.2717,True,True,60.0743,0.255
govdocs1-thread000,000552.html,maximum,C++ native,AFC2,29794,9961,2.991065,66.5671,True,True,106.9385,0.2436
govdocs1-thread000,000553.html,fast,C++ native,AFC2,30340,14402,2.106652,52.5313,True,True,6.4923,0.2956
govdocs1-thread000,000553.html,balanced,C++ native,AFC2,30340,11797,2.57184,61.1173,True,True,50.0147,0.2862
govdocs1-thread000,000553.html,maximum,C++ native,AFC2,30340,11619,2.61124,61.704,True,True,111.5905,0.2564
govdocs1-thread000,000554.html,fast,C++ native,AFC2,30721,14578,2.107354,52.5471,True,True,6.4603,0.2553
govdocs1-thread000,000554.html,balanced,C++ native,AFC2,30721,12045,2.550519,60.7923,True,True,48.8587,0.2731
govdocs1-thread000,000554.html,maximum,C++ native,AFC2,30721,11814,2.600389,61.5442,True,True,114.2894,0.306
govdocs1-thread000,000555.html,fast,C++ native,AFC2,142348,62373,2.282205,56.1827,True,True,17.4488,1.2023
govdocs1-thread000,000555.html,balanced,C++ native,AFC2,142348,50616,2.812312,64.4421,True,True,114.3445,1.2291
govdocs1-thread000,000555.html,maximum,C++ native,AFC2,142348,50616,2.812312,64.4421,True,True,240.1811,1.1192
govdocs1-thread000,000556.txt,fast,C++ native,AFC2,750364,359707,2.086042,52.0623,True,True,91.7251,4.481
govdocs1-thread000,000556.txt,balanced,C++ native,AFC2,750364,320588,2.340587,57.2757,True,True,711.0066,5.6984
govdocs1-thread000,000556.txt,maximum,C++ native,AFC2,750364,319217,2.350639,57.4584,True,True,1562.0472,5.574
govdocs1-thread000,000557.ppt,fast,C++ native,AFC2,3331072,3149075,1.057794,5.4636,True,True,335.5761,26.7016
govdocs1-thread000,000557.ppt,balanced,C++ native,AFC2,3331072,3098428,1.075085,6.9841,True,True,1872.8005,28.7889
govdocs1-thread000,000557.ppt,maximum,C++ native,AFC2,3331072,3090982,1.077674,7.2076,True,True,3731.6206,29.2888
govdocs1-thread000,000558.ppt,fast,C++ native,AFC2,5657088,5615540,1.007399,0.7344,True,True,518.4297,47.6548
govdocs1-thread000,000558.ppt,balanced,C++ native,AFC2,5657088,5606907,1.00895,0.887,True,True,2916.2461,58.9908
govdocs1-thread000,000558.ppt,maximum,C++ native,AFC2,5657088,5603822,1.009505,0.9416,True,True,5553.9443,46.211
govdocs1-thread000,000559.ppt,fast,C++ native,AFC2,17213440,16979742,1.013763,1.3576,True,True,1729.605,157.2599
govdocs1-thread000,000559.ppt,balanced,C++ native,AFC2,17213440,16964473,1.014676,1.4464,True,True,6191.5293,162.4237
govdocs1-thread000,000559.ppt,maximum,C++ native,AFC2,17213440,16935378,1.016419,1.6154,True,True,11473.0453,134.2078
govdocs1-thread000,000560.ppt,fast,C++ native,AFC2,4314624,4271059,1.0102,1.0097,True,True,382.12,52.8028
govdocs1-thread000,000560.ppt,balanced,C++ native,AFC2,4314624,4263043,1.0121,1.1955,True,True,2407.8057,36.4371
govdocs1-thread000,000560.ppt,maximum,C++ native,AFC2,4314624,4261606,1.012441,1.2288,True,True,5109.8391,39.9694
govdocs1-thread000,000561.gif,fast,C++ native,AFC1,33695,33703,0.999763,-0.0237,True,True,7.6661,0.0203
govdocs1-thread000,000561.gif,balanced,C++ native,AFC1,33695,33703,0.999763,-0.0237,True,True,47.9978,0.0421
govdocs1-thread000,000561.gif,maximum,C++ native,AFC1,33695,33703,0.999763,-0.0237,True,True,91.2652,0.0407
govdocs1-thread000,000562.pdf,fast,C++ native,AFC3,46553,39457,1.179841,15.2428,True,True,145.2037,0.2645
govdocs1-thread000,000562.pdf,balanced,C++ native,AFC3,46553,38166,1.219751,18.016,True,True,291.2459,0.383
govdocs1-thread000,000562.pdf,maximum,C++ native,AFC3,46553,38085,1.222345,18.19,True,True,402.765,0.2691
govdocs1-thread000,000563.gif,fast,C++ native,AFC1,42547,42555,0.999812,-0.0188,True,True,11.6514,0.0248
govdocs1-thread000,000563.gif,balanced,C++ native,AFC1,42547,42555,0.999812,-0.0188,True,True,45.8635,0.0466
govdocs1-thread000,000563.gif,maximum,C++ native,AFC1,42547,42555,0.999812,-0.0188,True,True,93.4154,0.049
govdocs1-thread000,000564.csv,fast,C++ native,AFC2,7484691,3018958,2.47923,59.6649,True,True,471.8132,50.1565
govdocs1-thread000,000564.csv,balanced,C++ native,AFC2,7484691,2620992,2.855671,64.982,True,True,3386.7503,45.8825
govdocs1-thread000,000564.csv,maximum,C++ native,AFC2,7484691,2581367,2.899507,65.5114,True,True,8382.5124,43.0813
govdocs1-thread000,000565.csv,fast,C++ native,AFC2,43100,18905,2.27982,56.1369,True,True,9.301,0.3212
govdocs1-thread000,000565.csv,balanced,C++ native,AFC2,43100,16746,2.573749,61.1462,True,True,73.0763,0.4252
govdocs1-thread000,000565.csv,maximum,C++ native,AFC2,43100,16746,2.573749,61.1462,True,True,137.7502,0.3485
govdocs1-thread000,000566.pdf,fast,C++ native,AFC3,70952,61296,1.157531,13.6092,True,True,392.311,0.2329
govdocs1-thread000,000566.pdf,balanced,C++ native,AFC3,70952,59632,1.189831,15.9544,True,True,634.9697,0.295
govdocs1-thread000,000566.pdf,maximum,C++ native,AFC3,70952,59464,1.193193,16.1912,True,True,962.5975,0.3164
govdocs1-thread000,000567.pdf,fast,C++ native,AFC3,16133,14047,1.148501,12.93,True,True,10.6821,0.1156
govdocs1-thread000,000567.pdf,balanced,C++ native,AFC3,16133,13767,1.17186,14.6656,True,True,49.7215,0.1625
govdocs1-thread000,000567.pdf,maximum,C++ native,AFC3,16133,13767,1.17186,14.6656,True,True,89.3255,0.1331
govdocs1-thread000,000568.pdf,fast,C++ native,AFC2,35480,18630,1.904455,47.4915,True,True,11.429,0.3466
govdocs1-thread000,000568.pdf,balanced,C++ native,AFC2,35480,15492,2.290214,56.336,True,True,72.1494,0.448
govdocs1-thread000,000568.pdf,maximum,C++ native,AFC2,35480,14581,2.433304,58.9036,True,True,154.7985,0.627
govdocs1-thread000,000569.pdf,fast,C++ native,AFC2,35997,18378,1.958701,48.9457,True,True,15.0261,0.3528
govdocs1-thread000,000569.pdf,balanced,C++ native,AFC2,35997,15633,2.302629,56.5714,True,True,92.7913,0.3311
govdocs1-thread000,000569.pdf,maximum,C++ native,AFC2,35997,15586,2.309573,56.7019,True,True,166.4221,0.2881
govdocs1-thread000,000570.pdf,fast,C++ native,AFC3,29573,23634,1.251291,20.0825,True,True,104.9888,0.2151
govdocs1-thread000,000570.pdf,balanced,C++ native,AFC3,29573,22989,1.286398,22.2636,True,True,193.8196,0.2451
govdocs1-thread000,000570.pdf,maximum,C++ native,AFC3,29573,22989,1.286398,22.2636,True,True,251.474,0.2749
govdocs1-thread000,000571.pdf,fast,C++ native,AFC3,360396,352165,1.023373,2.2839,True,True,625.0491,0.7894
govdocs1-thread000,000571.pdf,balanced,C++ native,AFC3,360396,350695,1.027662,2.6918,True,True,949.3908,0.648
govdocs1-thread000,000571.pdf,maximum,C++ native,AFC3,360396,350579,1.028002,2.7239,True,True,1366.406,0.6613
govdocs1-thread000,000572.pdf,fast,C++ native,AFC2,97945,86958,1.126348,11.2175,True,True,214.9851,0.7228
govdocs1-thread000,000572.pdf,balanced,C++ native,AFC2,97945,82244,1.190908,16.0304,True,True,436.061,0.8581
govdocs1-thread000,000572.pdf,maximum,C++ native,AFC2,97945,81811,1.197211,16.4725,True,True,701.429,0.7123
govdocs1-thread000,000573.swf,fast,C++ native,AFC1,94981,94989,0.999916,-0.0084,True,True,19.676,0.0285
govdocs1-thread000,000573.swf,balanced,C++ native,AFC1,94981,94989,0.999916,-0.0084,True,True,65.7675,0.0709
govdocs1-thread000,000573.swf,maximum,C++ native,AFC1,94981,94989,0.999916,-0.0084,True,True,97.5211,0.0654
govdocs1-thread000,000574.pdf,fast,C++ native,AFC3,179980,166299,1.082267,7.6014,True,True,1378.456,0.509
govdocs1-thread000,000574.pdf,balanced,C++ native,AFC3,179980,164050,1.097105,8.851,True,True,1850.2253,0.556
govdocs1-thread000,000574.pdf,maximum,C++ native,AFC3,179980,163943,1.097821,8.9104,True,True,2650.4185,0.5686
govdocs1-thread000,000575.csv,fast,C++ native,AFC2,37629,18040,2.085865,52.0583,True,True,7.8981,0.2957
govdocs1-thread000,000575.csv,balanced,C++ native,AFC2,37629,15832,2.376769,57.9261,True,True,59.8504,0.3034
govdocs1-thread000,000575.csv,maximum,C++ native,AFC2,37629,15832,2.376769,57.9261,True,True,143.2674,0.2947
govdocs1-thread000,000576.csv,fast,C++ native,AFC2,145813,58077,2.510684,60.1702,True,True,14.7116,0.8412
govdocs1-thread000,000576.csv,balanced,C++ native,AFC2,145813,46528,3.133876,68.0906,True,True,102.8218,0.933
govdocs1-thread000,000576.csv,maximum,C++ native,AFC2,145813,44958,3.243316,69.1674,True,True,245.6754,0.917
govdocs1-thread000,000577.pdf,fast,C++ native,AFC2,9224,5556,1.660187,39.7658,True,True,13.374,0.1098
govdocs1-thread000,000577.pdf,balanced,C++ native,AFC2,9224,5212,1.769762,43.4952,True,True,29.9669,0.1251
govdocs1-thread000,000577.pdf,maximum,C++ native,AFC2,9224,5212,1.769762,43.4952,True,True,48.6827,0.1281
govdocs1-thread000,000578.pdf,fast,C++ native,AFC2,351558,131517,2.673099,62.5902,True,True,60.407,2.6561
govdocs1-thread000,000578.pdf,balanced,C++ native,AFC2,351558,109932,3.197959,68.7301,True,True,253.2666,2.2499
govdocs1-thread000,000578.pdf,maximum,C++ native,AFC2,351558,103837,3.385672,70.4638,True,True,603.1432,2.0234
govdocs1-thread000,000579.gz,fast,C++ native,AFC1,175349,175357,0.999954,-0.0046,True,True,32.5669,0.033
govdocs1-thread000,000579.gz,balanced,C++ native,AFC1,175349,175357,0.999954,-0.0046,True,True,166.3878,0.0838
govdocs1-thread000,000579.gz,maximum,C++ native,AFC1,175349,175357,0.999954,-0.0046,True,True,239.8482,0.1089
govdocs1-thread000,000580.pdf,fast,C++ native,AFC3,42629,39309,1.084459,7.7881,True,True,294.6573,0.141
govdocs1-thread000,000580.pdf,balanced,C++ native,AFC3,42629,38673,1.102294,9.2801,True,True,400.664,0.1932
govdocs1-thread000,000580.pdf,maximum,C++ native,AFC3,42629,38673,1.102294,9.2801,True,True,575.9051,0.2032
govdocs1-thread000,000581.pdf,fast,C++ native,AFC3,73400,63878,1.149065,12.9728,True,True,660.6882,0.2943
govdocs1-thread000,000581.pdf,balanced,C++ native,AFC3,73400,63149,1.16233,13.9659,True,True,979.3492,0.264
govdocs1-thread000,000581.pdf,maximum,C++ native,AFC3,73400,62804,1.168715,14.436,True,True,1369.9226,0.2722
govdocs1-thread000,000582.pdf,fast,C++ native,AFC3,379591,335627,1.130991,11.5819,True,True,695.0219,1.5971
govdocs1-thread000,000582.pdf,balanced,C++ native,AFC3,379591,329929,1.150523,13.083,True,True,1515.6102,1.7008
govdocs1-thread000,000582.pdf,maximum,C++ native,AFC3,379591,329779,1.151047,13.1225,True,True,2385.5482,1.6562
govdocs1-thread000,000583.pdf,fast,C++ native,AFC3,225706,215842,1.0457,4.3703,True,True,156.8672,0.388
govdocs1-thread000,000583.pdf,balanced,C++ native,AFC3,225706,214445,1.052512,4.9892,True,True,469.5764,0.4409
govdocs1-thread000,000583.pdf,maximum,C++ native,AFC3,225706,214388,1.052792,5.0145,True,True,816.949,0.4826
govdocs1-thread000,000584.pdf,fast,C++ native,AFC2,1505718,1317573,1.142797,12.4954,True,True,1617.718,11.3751
govdocs1-thread000,000584.pdf,balanced,C++ native,AFC2,1505718,1290449,1.166817,14.2968,True,True,3261.4797,15.8229
govdocs1-thread000,000584.pdf,maximum,C++ native,AFC2,1505718,1289967,1.167253,14.3288,True,True,5850.2168,16.3847
govdocs1-thread000,000585.pdf,fast,C++ native,AFC3,75509,70167,1.076133,7.0747,True,True,534.1514,0.1916
govdocs1-thread000,000585.pdf,balanced,C++ native,AFC3,75509,68741,1.098457,8.9632,True,True,783.5772,0.3282
govdocs1-thread000,000585.pdf,maximum,C++ native,AFC3,75509,68727,1.09868,8.9817,True,True,946.5545,0.2529
govdocs1-thread000,000586.pdf,fast,C++ native,AFC3,48456,44104,1.098676,8.9813,True,True,109.7652,0.143
govdocs1-thread000,000586.pdf,balanced,C++ native,AFC3,48456,43172,1.122394,10.9047,True,True,259.8837,0.213
govdocs1-thread000,000586.pdf,maximum,C++ native,AFC3,48456,43172,1.122394,10.9047,True,True,446.7798,0.218
govdocs1-thread000,000587.pdf,fast,C++ native,AFC2,14474,11477,1.261131,20.7061,True,True,4.9654,0.1477
govdocs1-thread000,000587.pdf,balanced,C++ native,AFC2,14474,11161,1.296837,22.8893,True,True,25.8354,0.1803
govdocs1-thread000,000587.pdf,maximum,C++ native,AFC2,14474,11134,1.299982,23.0759,True,True,40.4536,0.1698
govdocs1-thread000,000588.pdf,fast,C++ native,AFC3,110355,102473,1.076918,7.1424,True,True,140.7492,0.3717
govdocs1-thread000,000588.pdf,balanced,C++ native,AFC3,110355,100603,1.096935,8.8369,True,True,361.9383,0.4968
govdocs1-thread000,000588.pdf,maximum,C++ native,AFC3,110355,100572,1.097274,8.865,True,True,617.7616,0.3729
govdocs1-thread000,000589.pdf,fast,C++ native,AFC3,305050,258890,1.1783,15.1319,True,True,1638.112,0.8793
govdocs1-thread000,000589.pdf,balanced,C++ native,AFC3,305050,251122,1.214748,17.6784,True,True,2488.0549,0.888
govdocs1-thread000,000589.pdf,maximum,C++ native,AFC3,305050,250880,1.21592,17.7577,True,True,3483.6719,0.8969
govdocs1-thread000,000590.pdf,fast,C++ native,AFC2,205481,177450,1.157966,13.6417,True,True,94.9867,2.1166
govdocs1-thread000,000590.pdf,balanced,C++ native,AFC2,205481,172921,1.188294,15.8457,True,True,377.6157,2.0554
govdocs1-thread000,000590.pdf,maximum,C++ native,AFC2,205481,172686,1.189911,15.9601,True,True,754.4341,2.2425
govdocs1-thread000,000591.pdf,fast,C++ native,AFC2,6349,5187,1.224022,18.3021,True,True,38.4318,0.0787
govdocs1-thread000,000591.pdf,balanced,C++ native,AFC2,6349,4938,1.285743,22.224,True,True,87.6915,0.1056
govdocs1-thread000,000591.pdf,maximum,C++ native,AFC2,6349,4938,1.285743,22.224,True,True,134.2793,0.1071
govdocs1-thread000,000592.pdf,fast,C++ native,AFC3,99895,96556,1.034581,3.3425,True,True,633.6088,0.17
govdocs1-thread000,000592.pdf,balanced,C++ native,AFC3,99895,96051,1.04002,3.848,True,True,662.4289,0.1589
govdocs1-thread000,000592.pdf,maximum,C++ native,AFC3,99895,96051,1.04002,3.848,True,True,586.0135,0.15
govdocs1-thread000,000593.pdf,fast,C++ native,AFC3,51727,44952,1.150716,13.0976,True,True,438.1595,0.2101
govdocs1-thread000,000593.pdf,balanced,C++ native,AFC3,51727,43976,1.176255,14.9844,True,True,717.7317,0.2781
govdocs1-thread000,000593.pdf,maximum,C++ native,AFC3,51727,43974,1.176309,14.9883,True,True,964.7981,0.2298
govdocs1-thread000,000594.pdf,fast,C++ native,AFC3,109194,106405,1.026211,2.5542,True,True,467.8,0.1801
govdocs1-thread000,000594.pdf,balanced,C++ native,AFC3,109194,105691,1.033144,3.2081,True,True,480.9722,0.1657
govdocs1-thread000,000594.pdf,maximum,C++ native,AFC3,109194,105691,1.033144,3.2081,True,True,664.5921,0.2665
govdocs1-thread000,000595.pdf,fast,C++ native,AFC3,4090732,3393912,1.205315,17.0341,True,True,2957.5194,6.6705
govdocs1-thread000,000595.pdf,balanced,C++ native,AFC3,4090732,3344165,1.223245,18.2502,True,True,5029.8571,8.1362
govdocs1-thread000,000595.pdf,maximum,C++ native,AFC3,4090732,3336807,1.225942,18.4301,True,True,7907.354,9.3856
govdocs1-thread000,000596.pdf,fast,C++ native,AFC3,61982,56636,1.094392,8.6251,True,True,180.1981,0.1958
govdocs1-thread000,000596.pdf,balanced,C++ native,AFC3,61982,55981,1.107197,9.6818,True,True,374.3682,0.2346
govdocs1-thread000,000596.pdf,maximum,C++ native,AFC3,61982,55981,1.107197,9.6818,True,True,504.7959,0.2173
govdocs1-thread000,000597.html,fast,C++ native,AFC2,17024,8773,1.940499,48.4669,True,True,4.0389,0.1893
govdocs1-thread000,000597.html,balanced,C++ native,AFC2,17024,7736,2.20062,54.5583,True,True,37.4656,0.2379
govdocs1-thread000,000597.html,maximum,C++ native,AFC2,17024,7720,2.205181,54.6523,True,True,78.4371,0.1759
govdocs1-thread000,000598.html,fast,C++ native,AFC2,150112,49041,3.060949,67.3304,True,True,13.9087,0.9171
govdocs1-thread000,000598.html,balanced,C++ native,AFC2,150112,41447,3.621782,72.3893,True,True,83.5729,0.6549
govdocs1-thread000,000598.html,maximum,C++ native,AFC2,150112,41447,3.621782,72.3893,True,True,206.7561,0.731
govdocs1-thread000,000599.html,fast,C++ native,AFC2,117009,39087,2.993553,66.5949,True,True,12.2351,0.8925
govdocs1-thread000,000599.html,balanced,C++ native,AFC2,117009,31785,3.681265,72.8354,True,True,76.2095,0.6444
govdocs1-thread000,000599.html,maximum,C++ native,AFC2,117009,31785,3.681265,72.8354,True,True,182.617,0.5346
govdocs1-thread000,000600.html,fast,C++ native,AFC2,293,186,1.575269,36.5188,True,True,0.4925,0.0166
govdocs1-thread000,000600.html,balanced,C++ native,AFC2,293,185,1.583784,36.8601,True,True,2.2553,0.0227
govdocs1-thread000,000600.html,maximum,C++ native,AFC2,293,185,1.583784,36.8601,True,True,3.6245,0.0342
govdocs1-thread000,000601.html,fast,C++ native,AFC2,237,112,2.116071,52.7426,True,True,0.3947,0.0498
govdocs1-thread000,000601.html,balanced,C++ native,AFC2,237,105,2.257143,55.6962,True,True,1.9869,0.0224
govdocs1-thread000,000601.html,maximum,C++ native,AFC2,237,105,2.257143,55.6962,True,True,3.1482,0.0262
govdocs1-thread000,000603.jpg,fast,C++ native,AFC2,1169908,1164362,1.004763,0.4741,True,True,216.3815,11.5053
govdocs1-thread000,000603.jpg,balanced,C++ native,AFC2,1169908,1159843,1.008678,0.8603,True,True,1382.2384,12.7453
govdocs1-thread000,000603.jpg,maximum,C++ native,AFC2,1169908,1159843,1.008678,0.8603,True,True,2776.87,12.6727
govdocs1-thread000,000604.html,fast,C++ native,AFC2,15831,7030,2.25192,55.5935,True,True,3.8391,0.1222
govdocs1-thread000,000604.html,balanced,C++ native,AFC2,15831,5771,2.743199,63.5462,True,True,72.83,0.2913
govdocs1-thread000,000604.html,maximum,C++ native,AFC2,15831,5771,2.743199,63.5462,True,True,67.1072,0.178
govdocs1-thread000,000605.pdf,fast,C++ native,AFC3,20115,13818,1.45571,31.305,True,True,124.6926,0.128
govdocs1-thread000,000605.pdf,balanced,C++ native,AFC3,20115,13577,1.48155,32.5031,True,True,248.1044,0.1496
govdocs1-thread000,000605.pdf,maximum,C++ native,AFC3,20115,13559,1.483516,32.5926,True,True,351.518,0.204
govdocs1-thread000,000606.pdf,fast,C++ native,AFC2,9910,8216,1.206183,17.0938,True,True,39.2789,0.1164
govdocs1-thread000,000606.pdf,balanced,C++ native,AFC2,9910,7642,1.296781,22.886,True,True,83.7346,0.1384
govdocs1-thread000,000606.pdf,maximum,C++ native,AFC2,9910,7642,1.296781,22.886,True,True,127.2102,0.1555
govdocs1-thread000,000607.html,fast,C++ native,AFC2,49118,25750,1.907495,47.5752,True,True,9.8979,0.3935
govdocs1-thread000,000607.html,balanced,C++ native,AFC2,49118,22424,2.190421,54.3467,True,True,89.2717,0.4169
govdocs1-thread000,000607.html,maximum,C++ native,AFC2,49118,21728,2.260585,55.7637,True,True,175.1317,0.5926
govdocs1-thread000,000608.html,fast,C++ native,AFC2,65531,33279,1.96914,49.2164,True,True,11.2274,0.4469
govdocs1-thread000,000608.html,balanced,C++ native,AFC2,65531,28352,2.311336,56.735,True,True,102.4158,0.4723
govdocs1-thread000,000608.html,maximum,C++ native,AFC2,65531,28352,2.311336,56.735,True,True,222.6482,0.5897
govdocs1-thread000,000609.html,fast,C++ native,AFC2,39369,25435,1.547828,35.3933,True,True,10.8458,0.4818
govdocs1-thread000,000609.html,balanced,C++ native,AFC2,39369,22590,1.742762,42.6198,True,True,72.8025,0.3936
govdocs1-thread000,000609.html,maximum,C++ native,AFC2,39369,22578,1.743689,42.6503,True,True,153.721,0.3964
govdocs1-thread000,000610.pdf,fast,C++ native,AFC3,33298,27835,1.196264,16.4064,True,True,249.4956,0.1594
govdocs1-thread000,000610.pdf,balanced,C++ native,AFC3,33298,26496,1.256718,20.4277,True,True,391.9908,0.2027
govdocs1-thread000,000610.pdf,maximum,C++ native,AFC3,33298,26496,1.256718,20.4277,True,True,598.1307,0.2224
govdocs1-thread000,000611.html,fast,C++ native,AFC2,211524,89335,2.367762,57.766,True,True,25.0544,1.5092
govdocs1-thread000,000611.html,balanced,C++ native,AFC2,211524,74840,2.82635,64.6187,True,True,181.6497,1.2692
govdocs1-thread000,000611.html,maximum,C++ native,AFC2,211524,74840,2.82635,64.6187,True,True,367.9172,1.3104
govdocs1-thread000,000612.html,fast,C++ native,AFC2,282115,66299,4.255192,76.4993,True,True,18.0613,1.0743
govdocs1-thread000,000612.html,balanced,C++ native,AFC2,282115,44740,6.305655,84.1412,True,True,119.3662,0.9639
govdocs1-thread000,000612.html,maximum,C++ native,AFC2,282115,44580,6.328286,84.1979,True,True,294.9614,0.7941
govdocs1-thread000,000613.html,fast,C++ native,AFC2,35811,19552,1.831577,45.4023,True,True,10.3975,0.3725
govdocs1-thread000,000613.html,balanced,C++ native,AFC2,35811,17286,2.071677,51.7299,True,True,68.0636,0.4502
govdocs1-thread000,000613.html,maximum,C++ native,AFC2,35811,17286,2.071677,51.7299,True,True,132.415,0.3337
govdocs1-thread000,000614.jpg,fast,C++ native,AFC2,237474,237478,0.999983,-0.0017,True,True,46.1699,1.8692
govdocs1-thread000,000614.jpg,balanced,C++ native,AFC2,237474,236978,1.002093,0.2089,True,True,237.0914,2.1666
govdocs1-thread000,000614.jpg,maximum,C++ native,AFC2,237474,236978,1.002093,0.2089,True,True,386.59,2.0446
govdocs1-thread000,000615.html,fast,C++ native,AFC2,1253,905,1.38453,27.7733,True,True,0.7991,0.0331
govdocs1-thread000,000615.html,balanced,C++ native,AFC2,1253,847,1.479339,32.4022,True,True,6.0832,0.0621
govdocs1-thread000,000615.html,maximum,C++ native,AFC2,1253,844,1.484597,32.6417,True,True,9.3608,0.051
govdocs1-thread000,000616.html,fast,C++ native,AFC2,2013,1370,1.469343,31.9424,True,True,0.9153,0.0394
govdocs1-thread000,000616.html,balanced,C++ native,AFC2,2013,1333,1.510128,33.7804,True,True,7.7986,0.0535
govdocs1-thread000,000616.html,maximum,C++ native,AFC2,2013,1333,1.510128,33.7804,True,True,10.5514,0.0548
govdocs1-thread000,000617.html,fast,C++ native,AFC2,2639,1787,1.476777,32.285,True,True,1.0995,0.0424
govdocs1-thread000,000617.html,balanced,C++ native,AFC2,2639,1545,1.708091,41.4551,True,True,8.6528,0.066
govdocs1-thread000,000617.html,maximum,C++ native,AFC2,2639,1545,1.708091,41.4551,True,True,17.0218,0.062
govdocs1-thread000,000618.pdf,fast,C++ native,AFC3,58435,51729,1.129637,11.476,True,True,474.2708,0.22
govdocs1-thread000,000618.pdf,balanced,C++ native,AFC3,58435,50328,1.161083,13.8735,True,True,749.9681,0.3235
govdocs1-thread000,000618.pdf,maximum,C++ native,AFC3,58435,50263,1.162585,13.9848,True,True,1239.8311,0.2473
govdocs1-thread000,000619.txt,fast,C++ native,AFC2,291,214,1.359813,26.4605,True,True,0.3806,0.0144
govdocs1-thread000,000619.txt,balanced,C++ native,AFC2,291,209,1.392344,28.1787,True,True,1.9423,0.0293
govdocs1-thread000,000619.txt,maximum,C++ native,AFC2,291,209,1.392344,28.1787,True,True,3.2938,0.0363
govdocs1-thread000,000620.txt,fast,C++ native,AFC2,159881,60844,2.62772,61.9442,True,True,16.274,0.9322
govdocs1-thread000,000620.txt,balanced,C++ native,AFC2,159881,49129,3.25431,69.2715,True,True,133.8504,0.9029
govdocs1-thread000,000620.txt,maximum,C++ native,AFC2,159881,49103,3.256033,69.2878,True,True,264.8446,0.8622
govdocs1-thread000,000621.txt,fast,C++ native,AFC2,1698,1139,1.490781,32.9211,True,True,0.9319,0.0319
govdocs1-thread000,000621.txt,balanced,C++ native,AFC2,1698,1139,1.490781,32.9211,True,True,5.046,0.0531
govdocs1-thread000,000621.txt,maximum,C++ native,AFC2,1698,1139,1.490781,32.9211,True,True,9.4502,0.0494
govdocs1-thread000,000622.txt,fast,C++ native,AFC2,1696,1072,1.58209,36.7925,True,True,0.7676,0.0435
govdocs1-thread000,000622.txt,balanced,C++ native,AFC2,1696,1066,1.590994,37.1462,True,True,5.8991,0.0608
govdocs1-thread000,000622.txt,maximum,C++ native,AFC2,1696,1066,1.590994,37.1462,True,True,8.1186,0.0427
govdocs1-thread000,000623.html,fast,C++ native,AFC2,307,295,1.040678,3.9088,True,True,0.3869,0.0173
govdocs1-thread000,000623.html,balanced,C++ native,AFC2,307,295,1.040678,3.9088,True,True,3.0772,0.0378
govdocs1-thread000,000623.html,maximum,C++ native,AFC2,307,295,1.040678,3.9088,True,True,5.6045,0.0333
govdocs1-thread000,000624.txt,fast,C++ native,AFC2,1244208,368784,3.373812,70.3599,True,True,81.3609,4.1348
govdocs1-thread000,000624.txt,balanced,C++ native,AFC2,1244208,324937,3.829075,73.884,True,True,607.8625,3.5492
govdocs1-thread000,000624.txt,maximum,C++ native,AFC2,1244208,313095,3.973899,74.8358,True,True,1357.7599,4.1246
govdocs1-thread000,000625.txt,fast,C++ native,AFC2,7632,3271,2.333231,57.141,True,True,1.725,0.0631
govdocs1-thread000,000625.txt,balanced,C++ native,AFC2,7632,2654,2.875659,65.2254,True,True,14.1316,0.0682
govdocs1-thread000,000625.txt,maximum,C++ native,AFC2,7632,2654,2.875659,65.2254,True,True,26.2449,0.0813
govdocs1-thread000,000626.txt,fast,C++ native,AFC2,5544,2164,2.561922,60.9668,True,True,1.286,0.0428
govdocs1-thread000,000626.txt,balanced,C++ native,AFC2,5544,1861,2.979044,66.4322,True,True,11.0153,0.0543
govdocs1-thread000,000626.txt,maximum,C++ native,AFC2,5544,1861,2.979044,66.4322,True,True,21.9156,0.0646
govdocs1-thread000,000628.pdf,fast,C++ native,AFC3,376269,185944,2.023561,50.5822,True,True,1425.624,0.8788
govdocs1-thread000,000628.pdf,balanced,C++ native,AFC3,376269,180176,2.088341,52.1151,True,True,2113.348,0.9351
govdocs1-thread000,000628.pdf,maximum,C++ native,AFC3,376269,180023,2.090116,52.1558,True,True,2617.8339,1.1659
govdocs1-thread000,000629.pdf,fast,C++ native,AFC3,303658,282112,1.076374,7.0955,True,True,1095.6596,0.6172
govdocs1-thread000,000629.pdf,balanced,C++ native,AFC2,303658,279586,1.086099,7.9273,True,True,1389.5018,2.7207
govdocs1-thread000,000629.pdf,maximum,C++ native,AFC3,303658,279243,1.087433,8.0403,True,True,1823.3549,0.6546
govdocs1-thread000,000630.pdf,fast,C++ native,AFC3,290656,269875,1.077002,7.1497,True,True,903.3914,0.5912
govdocs1-thread000,000630.pdf,balanced,C++ native,AFC2,290656,267189,1.087829,8.0738,True,True,1132.3115,2.372
govdocs1-thread000,000630.pdf,maximum,C++ native,AFC2,290656,267029,1.088481,8.1289,True,True,1539.5672,2.2952
govdocs1-thread000,000631.pdf,fast,C++ native,AFC3,316727,294299,1.076208,7.0812,True,True,1163.1381,0.7304
govdocs1-thread000,000631.pdf,balanced,C++ native,AFC3,316727,291718,1.08573,7.8961,True,True,1425.0341,0.7968
govdocs1-thread000,000631.pdf,maximum,C++ native,AFC3,316727,291304,1.087273,8.0268,True,True,1823.0445,0.7272
govdocs1-thread000,000632.pdf,fast,C++ native,AFC3,51231,39424,1.299488,23.0466,True,True,57.1315,0.1697
govdocs1-thread000,000632.pdf,balanced,C++ native,AFC2,51231,38136,1.343376,25.5607,True,True,205.5863,0.4994
govdocs1-thread000,000632.pdf,maximum,C++ native,AFC2,51231,38136,1.343376,25.5607,True,True,379.1931,0.4905
govdocs1-thread000,000633.xls,fast,C++ native,AFC2,3922944,1330097,2.949367,66.0944,True,True,152.2904,9.6491
govdocs1-thread000,000633.xls,balanced,C++ native,AFC2,3922944,1224028,3.204946,68.7982,True,True,1455.2553,15.7435
govdocs1-thread000,000633.xls,maximum,C++ native,AFC2,3922944,1208418,3.246347,69.1961,True,True,3847.9393,11.4732
govdocs1-thread000,000634.html,fast,C++ native,AFC2,17269,5043,3.424351,70.7974,True,True,3.2372,0.1141
govdocs1-thread000,000634.html,balanced,C++ native,AFC2,17269,4027,4.288304,76.6808,True,True,25.4336,0.1021
govdocs1-thread000,000634.html,maximum,C++ native,AFC2,17269,4021,4.294703,76.7155,True,True,53.1271,0.1027
govdocs1-thread000,000635.html,fast,C++ native,AFC2,88910,37988,2.340476,57.2736,True,True,11.821,0.5695
govdocs1-thread000,000635.html,balanced,C++ native,AFC2,88910,31865,2.790209,64.1604,True,True,70.3368,0.6759
govdocs1-thread000,000635.html,maximum,C++ native,AFC2,88910,31865,2.790209,64.1604,True,True,153.8592,0.5819
govdocs1-thread000,000636.html,fast,C++ native,AFC2,70748,32582,2.171383,53.9464,True,True,10.1332,0.4189
govdocs1-thread000,000636.html,balanced,C++ native,AFC2,70748,26786,2.64123,62.1389,True,True,71.4083,0.5493
govdocs1-thread000,000636.html,maximum,C++ native,AFC2,70748,26386,2.68127,62.7042,True,True,149.1858,0.4509
govdocs1-thread000,000637.html,fast,C++ native,AFC2,57079,14849,3.843963,73.9852,True,True,7.1026,0.2187
govdocs1-thread000,000637.html,balanced,C++ native,AFC2,57079,13947,4.092565,75.5654,True,True,64.768,0.2703
govdocs1-thread000,000637.html,maximum,C++ native,AFC2,57079,13846,4.122418,75.7424,True,True,122.8866,0.3095
govdocs1-thread000,000638.html,fast,C++ native,AFC2,11387,5446,2.090892,52.1735,True,True,2.3701,0.1029
govdocs1-thread000,000638.html,balanced,C++ native,AFC2,11387,5136,2.217095,54.8959,True,True,17.3388,0.1199
govdocs1-thread000,000638.html,maximum,C++ native,AFC2,11387,5136,2.217095,54.8959,True,True,34.2705,0.1315
govdocs1-thread000,000639.html,fast,C++ native,AFC2,238245,28770,8.281022,87.9242,True,True,9.5443,0.3827
govdocs1-thread000,000639.html,balanced,C++ native,AFC2,238245,20493,11.625677,91.3984,True,True,69.3611,0.3729
govdocs1-thread000,000639.html,maximum,C++ native,AFC2,238245,20493,11.625677,91.3984,True,True,150.2278,0.3719
govdocs1-thread000,000640.html,fast,C++ native,AFC2,46190,13094,3.52757,71.6519,True,True,6.6768,0.2315
govdocs1-thread000,000640.html,balanced,C++ native,AFC2,46190,10029,4.605644,78.2875,True,True,52.1358,0.1964
govdocs1-thread000,000640.html,maximum,C++ native,AFC2,46190,10029,4.605644,78.2875,True,True,115.594,0.237
govdocs1-thread000,000641.txt,fast,C++ native,AFC2,2867,978,2.931493,65.8877,True,True,0.7822,0.0353
govdocs1-thread000,000641.txt,balanced,C++ native,AFC2,2867,949,3.021075,66.8992,True,True,6.1752,0.0556
govdocs1-thread000,000641.txt,maximum,C++ native,AFC2,2867,949,3.021075,66.8992,True,True,9.7083,0.0546
govdocs1-thread000,000642.txt,fast,C++ native,AFC2,1438,628,2.289809,56.3282,True,True,0.613,0.0231
govdocs1-thread000,000642.txt,balanced,C++ native,AFC2,1438,589,2.441426,59.0403,True,True,4.1726,0.0433
govdocs1-thread000,000642.txt,maximum,C++ native,AFC2,1438,589,2.441426,59.0403,True,True,7.0704,0.0521
govdocs1-thread000,000643.txt,fast,C++ native,AFC2,3354,871,3.850746,74.031,True,True,0.6318,0.036
govdocs1-thread000,000643.txt,balanced,C++ native,AFC2,3354,747,4.48996,77.7281,True,True,4.0735,0.0462
govdocs1-thread000,000643.txt,maximum,C++ native,AFC2,3354,747,4.48996,77.7281,True,True,5.8834,0.0469
govdocs1-thread000,000644.txt,fast,C++ native,AFC2,22282,6259,3.559994,71.9101,True,True,3.4089,0.1564
govdocs1-thread000,000644.txt,balanced,C++ native,AFC2,22282,4976,4.477894,77.6681,True,True,28.0623,0.1505
govdocs1-thread000,000644.txt,maximum,C++ native,AFC2,22282,4940,4.510526,77.8296,True,True,54.6121,0.1742
govdocs1-thread000,000645.txt,fast,C++ native,AFC2,22546,4812,4.68537,78.657,True,True,2.7314,0.1257
govdocs1-thread000,000645.txt,balanced,C++ native,AFC2,22546,4180,5.39378,81.4601,True,True,26.9442,0.1373
govdocs1-thread000,000645.txt,maximum,C++ native,AFC2,22546,4174,5.401533,81.4867,True,True,57.3025,0.1507
govdocs1-thread000,000646.txt,fast,C++ native,AFC2,8676,4261,2.036142,50.8875,True,True,2.0305,0.0988
govdocs1-thread000,000646.txt,balanced,C++ native,AFC2,8676,3968,2.186492,54.2646,True,True,17.5659,0.1156
govdocs1-thread000,000646.txt,maximum,C++ native,AFC2,8676,3967,2.187043,54.2762,True,True,26.2623,0.1118
govdocs1-thread000,000647.txt,fast,C++ native,AFC2,22113,8209,2.693751,62.877,True,True,3.769,0.2009
govdocs1-thread000,000647.txt,balanced,C++ native,AFC2,22113,7106,3.111877,67.8651,True,True,34.776,0.1981
govdocs1-thread000,000647.txt,maximum,C++ native,AFC2,22113,7106,3.111877,67.8651,True,True,60.6164,0.2135
govdocs1-thread000,000648.txt,fast,C++ native,AFC2,46377,13794,3.362114,70.2568,True,True,5.9161,0.2338
govdocs1-thread000,000648.txt,balanced,C++ native,AFC2,46377,11862,3.909712,74.4227,True,True,52.454,0.2656
govdocs1-thread000,000648.txt,maximum,C++ native,AFC2,46377,11516,4.02718,75.1687,True,True,115.9994,0.316
govdocs1-thread000,000649.txt,fast,C++ native,AFC2,501907,175708,2.856483,64.9919,True,True,49.7165,2.4664
govdocs1-thread000,000649.txt,balanced,C++ native,AFC2,501907,156466,3.20777,68.8257,True,True,357.8209,2.3475
govdocs1-thread000,000649.txt,maximum,C++ native,AFC2,501907,151797,3.306436,69.756,True,True,869.4807,2.7431
govdocs1-thread000,000650.txt,fast,C++ native,AFC2,501907,169449,2.961994,66.239,True,True,48.4941,2.2887
govdocs1-thread000,000650.txt,balanced,C++ native,AFC2,501907,150397,3.337214,70.0349,True,True,306.1965,2.1599
govdocs1-thread000,000650.txt,maximum,C++ native,AFC2,501907,145802,3.442388,70.9504,True,True,744.3099,2.5912
govdocs1-thread000,000651.txt,fast,C++ native,AFC2,14981,5329,2.811222,64.4283,True,True,2.5799,0.1231
govdocs1-thread000,000651.txt,balanced,C++ native,AFC2,14981,4343,3.449459,71.0099,True,True,22.0814,0.1494
govdocs1-thread000,000651.txt,maximum,C++ native,AFC2,14981,4338,3.453435,71.0433,True,True,40.2991,0.1822
govdocs1-thread000,000652.txt,fast,C++ native,AFC2,137088,49297,2.780859,64.0399,True,True,15.1765,0.852
govdocs1-thread000,000652.txt,balanced,C++ native,AFC2,137088,43598,3.144364,68.1971,True,True,95.3171,0.7154
govdocs1-thread000,000652.txt,maximum,C++ native,AFC2,137088,43356,3.161915,68.3736,True,True,213.0024,0.6262
govdocs1-thread000,000653.txt,fast,C++ native,AFC2,262889,102741,2.558755,60.9185,True,True,27.2876,1.979
govdocs1-thread000,000653.txt,balanced,C++ native,AFC2,262889,86907,3.024946,66.9416,True,True,227.0152,2.21
govdocs1-thread000,000653.txt,maximum,C++ native,AFC2,262889,86907,3.024946,66.9416,True,True,451.7504,1.8461
govdocs1-thread000,000654.txt,fast,C++ native,AFC2,37044,16369,2.263058,55.812,True,True,6.6882,0.2916
govdocs1-thread000,000654.txt,balanced,C++ native,AFC2,37044,14131,2.621471,61.8535,True,True,57.6597,0.3377
govdocs1-thread000,000654.txt,maximum,C++ native,AFC2,37044,13925,2.660251,62.4096,True,True,124.1019,0.312
govdocs1-thread000,000655.txt,fast,C++ native,AFC2,188458,63690,2.958989,66.2047,True,True,18.6329,1.1999
govdocs1-thread000,000655.txt,balanced,C++ native,AFC2,188458,52275,3.605127,72.2617,True,True,142.2946,1.3712
govdocs1-thread000,000655.txt,maximum,C++ native,AFC2,188458,52275,3.605127,72.2617,True,True,300.9004,1.0595
govdocs1-thread000,000656.txt,fast,C++ native,AFC2,1120311,467624,2.395752,58.2594,True,True,135.212,6.3448
govdocs1-thread000,000656.txt,balanced,C++ native,AFC2,1120311,428014,2.617463,61.7951,True,True,864.9323,7.926
govdocs1-thread000,000656.txt,maximum,C++ native,AFC2,1120311,425795,2.631104,61.9931,True,True,1977.9855,7.6694
govdocs1-thread000,000657.txt,fast,C++ native,AFC2,134808,37387,3.605745,72.2665,True,True,10.8242,0.6046
govdocs1-thread000,000657.txt,balanced,C++ native,AFC2,134808,30015,4.491354,77.735,True,True,81.1021,0.5318
govdocs1-thread000,000657.txt,maximum,C++ native,AFC2,134808,30015,4.491354,77.735,True,True,160.1414,0.5492
govdocs1-thread000,000658.txt,fast,C++ native,AFC2,7440685,2115932,3.516505,71.5627,True,True,399.3019,32.8104
govdocs1-thread000,000658.txt,balanced,C++ native,AFC2,7440685,1776373,4.188695,76.1262,True,True,2533.7983,29.1054
govdocs1-thread000,000658.txt,maximum,C++ native,AFC2,7440685,1761936,4.223017,76.3202,True,True,6215.592,26.6327
govdocs1-thread000,000659.txt,fast,C++ native,AFC2,262791,107369,2.44755,59.1428,True,True,29.2632,1.6846
govdocs1-thread000,000659.txt,balanced,C++ native,AFC2,262791,90849,2.892613,65.4292,True,True,194.4122,1.5064
govdocs1-thread000,000659.txt,maximum,C++ native,AFC2,262791,90849,2.892613,65.4292,True,True,460.7892,2.0169
govdocs1-thread000,000660.txt,fast,C++ native,AFC2,1264086,529449,2.38755,58.1161,True,True,161.9486,8.423
govdocs1-thread000,000660.txt,balanced,C++ native,AFC2,1264086,480009,2.633463,62.0272,True,True,930.3184,7.9783
govdocs1-thread000,000660.txt,maximum,C++ native,AFC2,1264086,477261,2.648626,62.2446,True,True,2145.0961,8.1364
govdocs1-thread000,000661.txt,fast,C++ native,AFC2,399089,118490,3.368124,70.3099,True,True,29.5243,1.78
govdocs1-thread000,000661.txt,balanced,C++ native,AFC2,399089,81568,4.892715,79.5615,True,True,202.1516,1.6411
govdocs1-thread000,000661.txt,maximum,C++ native,AFC2,399089,77874,5.124804,80.4871,True,True,444.8456,1.5909
govdocs1-thread000,000662.txt,fast,C++ native,AFC2,828,407,2.034398,50.8454,True,True,0.6619,0.0222
govdocs1-thread000,000662.txt,balanced,C++ native,AFC2,828,405,2.044444,51.087,True,True,2.4676,0.0324
govdocs1-thread000,000662.txt,maximum,C++ native,AFC2,828,405,2.044444,51.087,True,True,3.6971,0.0328
govdocs1-thread000,000663.pdf,fast,C++ native,AFC2,7837,4269,1.835793,45.5276,True,True,6.2429,0.0902
govdocs1-thread000,000663.pdf,balanced,C++ native,AFC2,7837,3949,1.984553,49.6108,True,True,23.7287,0.1461
govdocs1-thread000,000663.pdf,maximum,C++ native,AFC2,7837,3946,1.986062,49.6491,True,True,42.1648,0.1262
govdocs1-thread000,000664.txt,fast,C++ native,AFC2,1002998,388356,2.582677,61.2805,True,True,94.1563,4.803
govdocs1-thread000,000664.txt,balanced,C++ native,AFC2,1002998,343486,2.920055,65.7541,True,True,779.1801,6.4088
govdocs1-thread000,000664.txt,maximum,C++ native,AFC2,1002998,341833,2.934175,65.9189,True,True,1772.6636,6.1207
govdocs1-thread000,000665.txt,fast,C++ native,AFC2,226800,58359,3.88629,74.2685,True,True,16.2597,1.3458
govdocs1-thread000,000665.txt,balanced,C++ native,AFC2,226800,46342,4.894049,79.567,True,True,116.4603,1.1524
govdocs1-thread000,000665.txt,maximum,C++ native,AFC2,226800,46102,4.919526,79.6728,True,True,286.0321,1.2596
govdocs1-thread000,000666.txt,fast,C++ native,AFC2,562728,239223,2.352316,57.4887,True,True,68.1445,3.4868
govdocs1-thread000,000666.txt,balanced,C++ native,AFC2,562728,210547,2.672695,62.5846,True,True,434.2902,3.5382
govdocs1-thread000,000666.txt,maximum,C++ native,AFC2,562728,208784,2.695264,62.8979,True,True,1012.0066,3.3551
govdocs1-thread000,000667.txt,fast,C++ native,AFC2,108830,51383,2.118016,52.786,True,True,16.2567,0.7539
govdocs1-thread000,000667.txt,balanced,C++ native,AFC2,108830,49082,2.21731,54.9003,True,True,97.612,0.7852
govdocs1-thread000,000667.txt,maximum,C++ native,AFC2,108830,49082,2.21731,54.9003,True,True,208.4608,0.8263
govdocs1-thread000,000668.txt,fast,C++ native,AFC2,231743,72983,3.175301,68.5069,True,True,14.0116,0.9894
govdocs1-thread000,000668.txt,balanced,C++ native,AFC2,231743,54344,4.264371,76.5499,True,True,122.8948,1.1446
govdocs1-thread000,000668.txt,maximum,C++ native,AFC2,231743,53918,4.298064,76.7337,True,True,300.2488,1.0129
govdocs1-thread000,000669.txt,fast,C++ native,AFC2,569670,220473,2.583854,61.2981,True,True,85.1574,4.0423
govdocs1-thread000,000669.txt,balanced,C++ native,AFC2,569670,197292,2.887446,65.3673,True,True,465.3665,3.2133
govdocs1-thread000,000669.txt,maximum,C++ native,AFC2,569670,197292,2.887446,65.3673,True,True,994.7972,4.1141
govdocs1-thread000,000670.txt,fast,C++ native,AFC2,1809908,670983,2.697398,62.9272,True,True,192.6941,11.2564
govdocs1-thread000,000670.txt,balanced,C++ native,AFC2,1809908,601948,3.006751,66.7415,True,True,1180.0958,9.9652
govdocs1-thread000,000670.txt,maximum,C++ native,AFC2,1809908,601948,3.006751,66.7415,True,True,2769.2835,8.4417
govdocs1-thread000,000671.pdf,fast,C++ native,AFC3,867979,715426,1.213234,17.5757,True,True,2875.4504,1.9778
govdocs1-thread000,000671.pdf,balanced,C++ native,AFC3,867979,701670,1.237019,19.1605,True,True,4434.0482,1.9404
govdocs1-thread000,000671.pdf,maximum,C++ native,AFC3,867979,700935,1.238316,19.2452,True,True,7304.8514,2.2776
govdocs1-thread000,000672.pdf,fast,C++ native,AFC2,1101626,382844,2.87748,65.2474,True,True,330.4319,3.9852
govdocs1-thread000,000672.pdf,balanced,C++ native,AFC2,1101626,230653,4.776118,79.0625,True,True,851.1137,3.1169
govdocs1-thread000,000672.pdf,maximum,C++ native,AFC2,1101626,222184,4.95817,79.8313,True,True,1536.1611,2.7093
govdocs1-thread000,000674.pdf,fast,C++ native,AFC3,2285075,1976132,1.156337,13.52,True,True,705.8876,3.9764
govdocs1-thread000,000674.pdf,balanced,C++ native,AFC3,2285075,1949872,1.17191,14.6692,True,True,1912.1741,4.8612
govdocs1-thread000,000674.pdf,maximum,C++ native,AFC3,2285075,1949872,1.17191,14.6692,True,True,3572.98,4.3709
govdocs1-thread000,000675.doc,fast,C++ native,AFC2,124416,49143,2.531714,60.5011,True,True,11.3236,0.6444
govdocs1-thread000,000675.doc,balanced,C++ native,AFC2,124416,42497,2.927642,65.8428,True,True,94.1741,0.7478
govdocs1-thread000,000675.doc,maximum,C++ native,AFC2,124416,41651,2.987107,66.5228,True,True,185.5925,0.8283
govdocs1-thread000,000676.pdf,fast,C++ native,AFC3,51485,45709,1.126365,11.2188,True,True,201.3897,0.2137
govdocs1-thread000,000676.pdf,balanced,C++ native,AFC3,51485,45071,1.142309,12.458,True,True,299.954,0.2358
govdocs1-thread000,000676.pdf,maximum,C++ native,AFC3,51485,45071,1.142309,12.458,True,True,398.0657,0.2526
govdocs1-thread000,000677.doc,fast,C++ native,AFC2,1350144,891511,1.514445,33.9692,True,True,149.5612,7.4167
govdocs1-thread000,000677.doc,balanced,C++ native,AFC2,1350144,837526,1.612062,37.9677,True,True,998.6412,8.4308
govdocs1-thread000,000677.doc,maximum,C++ native,AFC2,1350144,826724,1.633125,38.7677,True,True,2072.1549,8.2955
govdocs1-thread000,000678.doc,fast,C++ native,AFC2,29184,9464,3.083686,67.5713,True,True,4.9442,0.2195
govdocs1-thread000,000678.doc,balanced,C++ native,AFC2,29184,8462,3.44883,71.0047,True,True,39.9086,0.1784
govdocs1-thread000,000678.doc,maximum,C++ native,AFC2,29184,8449,3.454137,71.0492,True,True,73.428,0.2183
govdocs1-thread000,000681.jpg,fast,C++ native,AFC1,111869,111877,0.999928,-0.0072,True,True,20.9295,0.0596
govdocs1-thread000,000681.jpg,balanced,C++ native,AFC1,111869,111877,0.999928,-0.0072,True,True,88.7646,0.093
govdocs1-thread000,000681.jpg,maximum,C++ native,AFC1,111869,111877,0.999928,-0.0072,True,True,151.6592,0.0921
govdocs1-thread000,000682.jpg,fast,C++ native,AFC1,125365,125373,0.999936,-0.0064,True,True,21.4059,0.0365
govdocs1-thread000,000682.jpg,balanced,C++ native,AFC1,125365,125373,0.999936,-0.0064,True,True,85.4399,0.0754
govdocs1-thread000,000682.jpg,maximum,C++ native,AFC1,125365,125373,0.999936,-0.0064,True,True,160.493,0.117
govdocs1-thread000,000684.jpg,fast,C++ native,AFC1,84403,84411,0.999905,-0.0095,True,True,17.1517,0.0236
govdocs1-thread000,000684.jpg,balanced,C++ native,AFC1,84403,84411,0.999905,-0.0095,True,True,74.5462,0.0669
govdocs1-thread000,000684.jpg,maximum,C++ native,AFC1,84403,84411,0.999905,-0.0095,True,True,114.1808,0.0662
govdocs1-thread000,000686.doc,fast,C++ native,AFC2,35840,9801,3.65677,72.6535,True,True,5.2452,0.1634
govdocs1-thread000,000686.doc,balanced,C++ native,AFC2,35840,8762,4.09039,75.5525,True,True,49.2719,0.2237
govdocs1-thread000,000686.doc,maximum,C++ native,AFC2,35840,8762,4.09039,75.5525,True,True,88.8886,0.1967
govdocs1-thread000,000687.doc,fast,C++ native,AFC2,64000,39001,1.640984,39.0609,True,True,11.1661,0.4608
govdocs1-thread000,000687.doc,balanced,C++ native,AFC2,64000,36768,1.740644,42.55,True,True,84.7543,0.4431
govdocs1-thread000,000687.doc,maximum,C++ native,AFC2,64000,36521,1.752416,42.9359,True,True,191.2189,0.5055
govdocs1-thread000,000688.gif,fast,C++ native,AFC1,3843,3850,0.998182,-0.1821,True,True,1.5246,0.0178
govdocs1-thread000,000688.gif,balanced,C++ native,AFC1,3843,3850,0.998182,-0.1821,True,True,11.429,0.0277
govdocs1-thread000,000688.gif,maximum,C++ native,AFC1,3843,3850,0.998182,-0.1821,True,True,16.8537,0.0269
govdocs1-thread000,000689.csv,fast,C++ native,AFC2,2575,1134,2.270723,55.9612,True,True,0.8354,0.0381
govdocs1-thread000,000689.csv,balanced,C++ native,AFC2,2575,938,2.745203,63.5728,True,True,7.5816,0.0553
govdocs1-thread000,000689.csv,maximum,C++ native,AFC2,2575,938,2.745203,63.5728,True,True,8.5503,0.0717
govdocs1-thread000,000690.csv,fast,C++ native,AFC2,37449,17870,2.095635,52.2818,True,True,8.1196,0.3415
govdocs1-thread000,000690.csv,balanced,C++ native,AFC2,37449,15028,2.491948,59.8708,True,True,69.0182,0.3511
govdocs1-thread000,000690.csv,maximum,C++ native,AFC2,37449,15028,2.491948,59.8708,True,True,131.2825,0.3221
govdocs1-thread000,000691.doc,fast,C++ native,AFC2,59392,19651,3.02234,66.9131,True,True,10.2533,0.6215
govdocs1-thread000,000691.doc,balanced,C++ native,AFC2,59392,16981,3.497556,71.4086,True,True,70.7632,0.4731
govdocs1-thread000,000691.doc,maximum,C++ native,AFC2,59392,16384,3.625,72.4138,True,True,152.4509,0.6176
govdocs1-thread000,000692.html,fast,C++ native,AFC2,15891,7329,2.168236,53.8796,True,True,3.7784,0.1195
govdocs1-thread000,000692.html,balanced,C++ native,AFC2,15891,5617,2.82909,64.6529,True,True,28.3174,0.1459
govdocs1-thread000,000692.html,maximum,C++ native,AFC2,15891,5617,2.82909,64.6529,True,True,54.6578,0.174
govdocs1-thread000,000693.doc,fast,C++ native,AFC2,59904,20628,2.904014,65.5649,True,True,12.897,0.3836
govdocs1-thread000,000693.doc,balanced,C++ native,AFC2,59904,18143,3.301769,69.7132,True,True,80.5895,0.3447
govdocs1-thread000,000693.doc,maximum,C++ native,AFC2,59904,18043,3.320069,69.8801,True,True,135.5765,0.3228
govdocs1-thread000,000694.html,fast,C++ native,AFC2,11646,5683,2.04927,51.2021,True,True,2.5988,0.0921
govdocs1-thread000,000694.html,balanced,C++ native,AFC2,11646,4524,2.574271,61.154,True,True,19.0343,0.1251
govdocs1-thread000,000694.html,maximum,C++ native,AFC2,11646,4524,2.574271,61.154,True,True,40.3368,0.1602
govdocs1-thread000,000695.doc,fast,C++ native,AFC2,25088,5028,4.989658,79.9585,True,True,3.8182,0.1109
govdocs1-thread000,000695.doc,balanced,C++ native,AFC2,25088,4753,5.278351,81.0547,True,True,32.3181,0.1578
govdocs1-thread000,000695.doc,maximum,C++ native,AFC2,25088,4731,5.302896,81.1424,True,True,63.8252,0.161
govdocs1-thread000,000696.doc,fast,C++ native,AFC2,154624,125925,1.227905,18.5605,True,True,31.7382,1.5465
govdocs1-thread000,000696.doc,balanced,C++ native,AFC2,154624,122311,1.264187,20.8978,True,True,157.5095,1.3897
govdocs1-thread000,000696.doc,maximum,C++ native,AFC2,154624,122276,1.264549,20.9204,True,True,289.9287,1.4743
govdocs1-thread000,000697.log,fast,C++ native,AFC2,109101,47283,2.307404,56.6613,True,True,13.6634,0.5895
govdocs1-thread000,000697.log,balanced,C++ native,AFC2,109101,41340,2.639115,62.1085,True,True,100.5501,0.7904
govdocs1-thread000,000697.log,maximum,C++ native,AFC2,109101,41267,2.643783,62.1754,True,True,214.4893,0.6257
govdocs1-thread000,000698.log,fast,C++ native,AFC2,826163,281128,2.938743,65.9718,True,True,57.1127,4.9272
govdocs1-thread000,000698.log,balanced,C++ native,AFC2,826163,221800,3.724811,73.153,True,True,416.4776,3.552
govdocs1-thread000,000698.log,maximum,C++ native,AFC2,826163,204762,4.034748,75.2153,True,True,948.2356,3.6768
govdocs1-thread000,000699.log,fast,C++ native,AFC2,1865310,606910,3.073454,67.4633,True,True,93.483,9.1502
govdocs1-thread000,000699.log,balanced,C++ native,AFC2,1865310,489886,3.807641,73.737,True,True,753.8872,8.6287
govdocs1-thread000,000699.log,maximum,C++ native,AFC2,1865310,460670,4.049124,75.3033,True,True,1906.0481,9.2996
govdocs1-thread000,000700.xml,fast,C++ native,AFC2,57438,20549,2.795173,64.224,True,True,8.4294,0.3917
govdocs1-thread000,000700.xml,balanced,C++ native,AFC2,57438,16630,3.453879,71.047,True,True,65.8314,0.4072
govdocs1-thread000,000700.xml,maximum,C++ native,AFC2,57438,16383,3.505951,71.4771,True,True,142.4264,0.3993
govdocs1-thread000,000701.doc,fast,C++ native,AFC2,21504,4913,4.376959,77.1531,True,True,3.0426,0.1323
govdocs1-thread000,000701.doc,balanced,C++ native,AFC2,21504,4648,4.626506,78.3854,True,True,34.4777,0.1981
govdocs1-thread000,000701.doc,maximum,C++ native,AFC2,21504,4648,4.626506,78.3854,True,True,54.3238,0.1644
govdocs1-thread000,000702.ps,fast,C++ native,AFC2,1782758,1308295,1.362658,26.614,True,True,204.6389,13.9833
govdocs1-thread000,000702.ps,balanced,C++ native,AFC2,1782758,1275559,1.397629,28.4502,True,True,1109.3,14.0549
govdocs1-thread000,000702.ps,maximum,C++ native,AFC2,1782758,1273909,1.399439,28.5428,True,True,2422.9501,14.6727
govdocs1-thread000,000703.xml,fast,C++ native,AFC2,33843,14533,2.3287,57.0576,True,True,6.6935,0.2807
govdocs1-thread000,000703.xml,balanced,C++ native,AFC2,33843,12443,2.719842,63.2332,True,True,53.68,0.4314
govdocs1-thread000,000703.xml,maximum,C++ native,AFC2,33843,12338,2.742989,63.5434,True,True,104.2788,0.2901
govdocs1-thread000,000704.xml,fast,C++ native,AFC2,57668,21399,2.694892,62.8928,True,True,8.5412,0.4549
govdocs1-thread000,000704.xml,balanced,C++ native,AFC2,57668,18598,3.100764,67.7499,True,True,80.3406,0.5529
govdocs1-thread000,000704.xml,maximum,C++ native,AFC2,57668,18598,3.100764,67.7499,True,True,155.8712,0.4776
govdocs1-thread000,000705.doc,fast,C++ native,AFC2,423936,395382,1.072219,6.7355,True,True,82.1012,3.5201
govdocs1-thread000,000705.doc,balanced,C++ native,AFC2,423936,390651,1.085204,7.8514,True,True,399.5,3.9638
govdocs1-thread000,000705.doc,maximum,C++ native,AFC2,423936,390651,1.085204,7.8514,True,True,823.36,2.8733
govdocs1-thread000,000706.doc,fast,C++ native,AFC2,34304,7642,4.488877,77.7227,True,True,4.1481,0.1296
govdocs1-thread000,000706.doc,balanced,C++ native,AFC2,34304,7198,4.765768,79.017,True,True,44.2158,0.1811
govdocs1-thread000,000706.doc,maximum,C++ native,AFC2,34304,7159,4.791731,79.1307,True,True,69.7662,0.1832
govdocs1-thread000,000707.doc,fast,C++ native,AFC2,84480,38152,2.214301,54.839,True,True,11.0806,0.5903
govdocs1-thread000,000707.doc,balanced,C++ native,AFC2,84480,32774,2.577653,61.205,True,True,68.8581,0.5814
govdocs1-thread000,000707.doc,maximum,C++ native,AFC2,84480,32718,2.582065,61.2713,True,True,169.8619,0.5144
govdocs1-thread000,000710.ppt,fast,C++ native,AFC2,4036608,3921342,1.029395,2.8555,True,True,340.7374,31.0686
govdocs1-thread000,000710.ppt,balanced,C++ native,AFC2,4036608,3907145,1.033135,3.2072,True,True,2036.7021,36.1363
govdocs1-thread000,000710.ppt,maximum,C++ native,AFC2,4036608,3900749,1.034829,3.3657,True,True,4473.654,42.1295
govdocs1-thread000,000711.ppt,fast,C++ native,AFC2,1924608,1596024,1.205877,17.0728,True,True,219.9749,13.9342
govdocs1-thread000,000711.ppt,balanced,C++ native,AFC2,1924608,1529133,1.258627,20.5483,True,True,1183.6719,13.2999
govdocs1-thread000,000711.ppt,maximum,C++ native,AFC2,1924608,1522639,1.263995,20.8858,True,True,2626.654,14.2883
govdocs1-thread000,000712.ppt,fast,C++ native,AFC2,31232,14995,2.082828,51.9883,True,True,7.613,0.3014
govdocs1-thread000,000712.ppt,balanced,C++ native,AFC2,31232,13281,2.35163,57.4763,True,True,53.2835,0.3743
govdocs1-thread000,000712.ppt,maximum,C++ native,AFC2,31232,13150,2.375057,57.8957,True,True,106.7372,0.3673
govdocs1-thread000,000713.ppt,fast,C++ native,AFC2,54272,22248,2.43941,59.0065,True,True,8.6619,0.3645
govdocs1-thread000,000713.ppt,balanced,C++ native,AFC2,54272,20419,2.657917,62.3765,True,True,76.954,0.4095
govdocs1-thread000,000713.ppt,maximum,C++ native,AFC2,54272,20188,2.68833,62.8022,True,True,149.9061,0.4028
govdocs1-thread000,000714.ppt,fast,C++ native,AFC2,488448,397912,1.227528,18.5354,True,True,88.6877,3.7363
govdocs1-thread000,000714.ppt,balanced,C++ native,AFC2,488448,387053,1.261967,20.7586,True,True,470.1858,4.4011
govdocs1-thread000,000714.ppt,maximum,C++ native,AFC2,488448,385015,1.268647,21.1758,True,True,914.9156,4.0028
govdocs1-thread000,000715.ppt,fast,C++ native,AFC2,986624,957148,1.030796,2.9876,True,True,172.7445,8.6557
govdocs1-thread000,000715.ppt,balanced,C++ native,AFC2,986624,947164,1.041661,3.9995,True,True,982.9235,8.1578
govdocs1-thread000,000715.ppt,maximum,C++ native,AFC2,986624,946859,1.041997,4.0304,True,True,1975.593,10.1677
govdocs1-thread000,000716.ppt,fast,C++ native,AFC2,4794880,4686159,1.0232,2.2674,True,True,445.8009,38.7841
govdocs1-thread000,000716.ppt,balanced,C++ native,AFC2,4794880,4669238,1.026908,2.6203,True,True,2384.1501,47.5892
govdocs1-thread000,000716.ppt,maximum,C++ native,AFC2,4794880,4665622,1.027704,2.6958,True,True,5135.1791,33.2327
govdocs1-thread000,000717.ppt,fast,C++ native,AFC2,81920,22238,3.683785,72.854,True,True,7.2765,0.401
govdocs1-thread000,000717.ppt,balanced,C++ native,AFC2,81920,19734,4.151211,75.9106,True,True,53.2131,0.4448
govdocs1-thread000,000717.ppt,maximum,C++ native,AFC2,81920,19107,4.287434,76.676,True,True,119.9757,0.4197
govdocs1-thread000,000718.gz,fast,C++ native,AFC2,390203,372688,1.046996,4.4887,True,True,85.7078,3.7607
govdocs1-thread000,000718.gz,balanced,C++ native,AFC2,390203,369547,1.055895,5.2937,True,True,496.1989,4.5073
govdocs1-thread000,000718.gz,maximum,C++ native,AFC2,390203,369514,1.05599,5.3021,True,True,1020.8118,4.7135
govdocs1-thread000,000719.ppt,fast,C++ native,AFC2,47104,21419,2.199169,54.5283,True,True,8.0134,0.3376
govdocs1-thread000,000719.ppt,balanced,C++ native,AFC2,47104,19178,2.456148,59.2858,True,True,65.3246,0.3514
govdocs1-thread000,000719.ppt,maximum,C++ native,AFC2,47104,18859,2.497693,59.9631,True,True,125.7123,0.3683
govdocs1-thread000,000720.ppt,fast,C++ native,AFC2,544256,520483,1.045675,4.368,True,True,101.4275,4.9604
govdocs1-thread000,000720.ppt,balanced,C++ native,AFC2,544256,514559,1.057713,5.4564,True,True,499.3015,4.5904
govdocs1-thread000,000720.ppt,maximum,C++ native,AFC2,544256,514559,1.057713,5.4564,True,True,1015.5518,4.7153
govdocs1-thread000,000721.csv,fast,C++ native,AFC2,8601,4561,1.885771,46.9713,True,True,2.4855,0.0891
govdocs1-thread000,000721.csv,balanced,C++ native,AFC2,8601,4191,2.052255,51.2731,True,True,18.313,0.1258
govdocs1-thread000,000721.csv,maximum,C++ native,AFC2,8601,4191,2.052255,51.2731,True,True,29.1373,0.1028
govdocs1-thread000,000722.csv,fast,C++ native,AFC2,3815,2275,1.676923,40.367,True,True,1.3255,0.0471
govdocs1-thread000,000722.csv,balanced,C++ native,AFC2,3815,2152,1.77277,43.5911,True,True,10.8712,0.1159
govdocs1-thread000,000722.csv,maximum,C++ native,AFC2,3815,2152,1.77277,43.5911,True,True,18.9182,0.074
govdocs1-thread000,000723.ppt,fast,C++ native,AFC2,820224,738090,1.111279,10.0136,True,True,130.8611,5.2557
govdocs1-thread000,000723.ppt,balanced,C++ native,AFC2,820224,733809,1.117762,10.5355,True,True,815.1504,6.7049
govdocs1-thread000,000723.ppt,maximum,C++ native,AFC2,820224,733809,1.117762,10.5355,True,True,1563.8971,6.6026
govdocs1-thread000,000724.ppt,fast,C++ native,AFC2,629760,554930,1.134846,11.8823,True,True,100.6147,4.6788
govdocs1-thread000,000724.ppt,balanced,C++ native,AFC2,629760,541670,1.162627,13.9879,True,True,508.6485,5.2511
govdocs1-thread000,000724.ppt,maximum,C++ native,AFC2,629760,539655,1.166968,14.3078,True,True,1099.3149,5.1506
govdocs1-thread000,000725.ppt,fast,C++ native,AFC2,1004032,955864,1.050392,4.7975,True,True,153.0401,6.3126
govdocs1-thread000,000725.ppt,balanced,C++ native,AFC2,1004032,946701,1.060559,5.7101,True,True,868.0735,6.5053
govdocs1-thread000,000725.ppt,maximum,C++ native,AFC2,1004032,946332,1.060972,5.7468,True,True,1826.863,9.058
govdocs1-thread000,000726.html,fast,C++ native,AFC2,30317,15984,1.896709,47.2771,True,True,7.2274,0.2873
govdocs1-thread000,000726.html,balanced,C++ native,AFC2,30317,13259,2.286522,56.2655,True,True,55.0246,0.2794
govdocs1-thread000,000726.html,maximum,C++ native,AFC2,30317,13219,2.293441,56.3974,True,True,114.0909,0.3756
govdocs1-thread000,000727.ppt,fast,C++ native,AFC2,679936,527380,1.289271,22.4368,True,True,104.5303,5.4745
govdocs1-thread000,000727.ppt,balanced,C++ native,AFC2,679936,506819,1.341576,25.4608,True,True,615.5126,3.903
govdocs1-thread000,000727.ppt,maximum,C++ native,AFC2,679936,503078,1.351552,26.011,True,True,1290.4541,5.5416
govdocs1-thread000,000728.ppt,fast,C++ native,AFC2,403456,207751,1.942017,48.5071,True,True,44.3952,2.7022
govdocs1-thread000,000728.ppt,balanced,C++ native,AFC2,403456,186265,2.166032,53.8326,True,True,309.8537,2.6948
govdocs1-thread000,000728.ppt,maximum,C++ native,AFC2,403456,180949,2.229667,55.1503,True,True,686.1036,2.6616
govdocs1-thread000,000729.ppt,fast,C++ native,AFC2,373760,194567,1.920984,47.9433,True,True,44.2013,2.6155
govdocs1-thread000,000729.ppt,balanced,C++ native,AFC2,373760,175483,2.129893,53.0493,True,True,278.9637,2.5009
govdocs1-thread000,000729.ppt,maximum,C++ native,AFC2,373760,171494,2.179435,54.1165,True,True,653.9183,2.666
govdocs1-thread000,000730.ps,fast,C++ native,AFC2,315236,142805,2.207458,54.699,True,True,37.6628,1.937
govdocs1-thread000,000730.ps,balanced,C++ native,AFC2,315236,129572,2.432902,58.8968,True,True,283.2028,1.877
govdocs1-thread000,000730.ps,maximum,C++ native,AFC2,315236,129014,2.443425,59.0738,True,True,537.4525,1.8445
govdocs1-thread000,000731.ps,fast,C++ native,AFC2,3410835,1486546,2.29447,56.4169,True,True,176.5493,17.1295
govdocs1-thread000,000731.ps,balanced,C++ native,AFC2,3410835,1258295,2.71068,63.1089,True,True,1540.827,17.6975
govdocs1-thread000,000731.ps,maximum,C++ native,AFC2,3410835,1222110,2.790939,64.1698,True,True,3806.2238,14.2158
govdocs1-thread000,000732.ppt,fast,C++ native,AFC2,683520,577691,1.183193,15.4829,True,True,105.5532,4.9002
govdocs1-thread000,000732.ppt,balanced,C++ native,AFC2,683520,563597,1.212781,17.5449,True,True,619.4357,5.024
govdocs1-thread000,000732.ppt,maximum,C++ native,AFC2,683520,560068,1.220423,18.0612,True,True,1170.089,5.421
govdocs1-thread000,000733.ps,fast,C++ native,AFC2,52862,32032,1.650287,39.4045,True,True,11.5657,0.6606
govdocs1-thread000,000733.ps,balanced,C++ native,AFC2,52862,28653,1.844903,45.7966,True,True,105.1872,0.8064
govdocs1-thread000,000733.ps,maximum,C++ native,AFC2,52862,28590,1.848968,45.9158,True,True,198.0953,0.5657
govdocs1-thread000,000734.ps,fast,C++ native,AFC2,3333545,2158461,1.544408,35.2503,True,True,316.193,23.6752
govdocs1-thread000,000734.ps,balanced,C++ native,AFC2,3333545,2071702,1.609085,37.8529,True,True,1956.8436,24.7539
govdocs1-thread000,000734.ps,maximum,C++ native,AFC2,3333545,2064081,1.615026,38.0815,True,True,4118.1562,24.926
govdocs1-thread000,000735.html,fast,C++ native,AFC2,127193,53747,2.366513,57.7437,True,True,16.8693,1.0282
govdocs1-thread000,000735.html,balanced,C++ native,AFC2,127193,44448,2.861614,65.0547,True,True,128.1541,0.911
govdocs1-thread000,000735.html,maximum,C++ native,AFC2,127193,44448,2.861614,65.0547,True,True,221.2511,1.1397
govdocs1-thread000,000736.gz,fast,C++ native,AFC2,5826642,5802509,1.004159,0.4142,True,True,526.0268,48.8322
govdocs1-thread000,000736.gz,balanced,C++ native,AFC2,5826642,5794582,1.005533,0.5502,True,True,3003.7576,60.2195
govdocs1-thread000,000736.gz,maximum,C++ native,AFC2,5826642,5792854,1.005833,0.5799,True,True,6544.5054,51.4896
govdocs1-thread000,000737.pdf,fast,C++ native,AFC3,3613556,3419750,1.056673,5.3633,True,True,3304.112,3.6746
govdocs1-thread000,000737.pdf,balanced,C++ native,AFC3,3613556,3407713,1.060405,5.6964,True,True,3459.9671,3.4532
govdocs1-thread000,000737.pdf,maximum,C++ native,AFC3,3613556,3400860,1.062542,5.8861,True,True,3688.7374,3.8039
govdocs1-thread000,000738.pdf,fast,C++ native,AFC2,18952,13516,1.40219,28.683,True,True,80.1731,0.1706
govdocs1-thread000,000738.pdf,balanced,C++ native,AFC2,18952,11149,1.699883,41.1724,True,True,198.1522,0.2201
govdocs1-thread000,000738.pdf,maximum,C++ native,AFC2,18952,11102,1.70708,41.4204,True,True,333.6465,0.1588
govdocs1-thread000,000739.pdf,fast,C++ native,AFC3,2585410,2558969,1.010333,1.0227,True,True,1666.4709,3.065
govdocs1-thread000,000739.pdf,balanced,C++ native,AFC3,2585410,2554617,1.012054,1.191,True,True,2180.8853,3.5223
govdocs1-thread000,000739.pdf,maximum,C++ native,AFC3,2585410,2554617,1.012054,1.191,True,True,2716.9166,2.9616
govdocs1-thread000,000740.html,fast,C++ native,AFC2,30978,16465,1.881445,46.8494,True,True,6.8609,0.2316
govdocs1-thread000,000740.html,balanced,C++ native,AFC2,30978,13245,2.338845,57.2439,True,True,56.204,0.2485
govdocs1-thread000,000740.html,maximum,C++ native,AFC2,30978,13069,2.370342,57.812,True,True,106.8411,0.2512
govdocs1-thread000,000741.log,fast,C++ native,AFC2,12351,5683,2.173324,53.9875,True,True,2.5491,0.1146
govdocs1-thread000,000741.log,balanced,C++ native,AFC2,12351,5407,2.284261,56.2222,True,True,22.2325,0.1736
govdocs1-thread000,000741.log,maximum,C++ native,AFC2,12351,5407,2.284261,56.2222,True,True,38.6247,0.1405
govdocs1-thread000,000742.pdf,fast,C++ native,AFC3,18530,14292,1.29653,22.871,True,True,131.8192,0.1637
govdocs1-thread000,000742.pdf,balanced,C++ native,AFC3,18530,14082,1.315864,24.0043,True,True,244.3674,0.1678
govdocs1-thread000,000742.pdf,maximum,C++ native,AFC3,18530,14082,1.315864,24.0043,True,True,392.0732,0.1886
govdocs1-thread000,000743.log,fast,C++ native,AFC2,25255,12324,2.049253,51.2017,True,True,5.9562,0.2225
govdocs1-thread000,000743.log,balanced,C++ native,AFC2,25255,10802,2.337993,57.2283,True,True,51.3101,0.2843
govdocs1-thread000,000743.log,maximum,C++ native,AFC2,25255,10672,2.366473,57.743,True,True,97.5762,0.2962
govdocs1-thread000,000744.pdf,fast,C++ native,AFC2,2006417,1704395,1.177202,15.0528,True,True,1631.7546,14.0368
govdocs1-thread000,000744.pdf,balanced,C++ native,AFC2,2006417,1661401,1.207666,17.1956,True,True,3103.2506,14.8486
govdocs1-thread000,000744.pdf,maximum,C++ native,AFC2,2006417,1643891,1.220529,18.0683,True,True,5257.5263,11.3388
govdocs1-thread000,000745.pdf,fast,C++ native,AFC3,51665,42071,1.228043,18.5696,True,True,324.0029,0.271
govdocs1-thread000,000745.pdf,balanced,C++ native,AFC3,51665,40171,1.286127,22.2472,True,True,656.5401,0.3073
govdocs1-thread000,000745.pdf,maximum,C++ native,AFC3,51665,40122,1.287698,22.342,True,True,1034.9629,0.2988
govdocs1-thread000,000746.pdf,fast,C++ native,AFC3,574613,518793,1.107596,9.7144,True,True,3626.3433,0.8543
govdocs1-thread000,000746.pdf,balanced,C++ native,AFC3,574613,515069,1.115604,10.3625,True,True,4919.5505,0.8464
govdocs1-thread000,000746.pdf,maximum,C++ native,AFC3,574613,514939,1.115886,10.3851,True,True,6210.6339,0.8958
govdocs1-thread000,000747.pdf,fast,C++ native,AFC3,67234,55678,1.207551,17.1877,True,True,470.6235,0.2291
govdocs1-thread000,000747.pdf,balanced,C++ native,AFC3,67234,54675,1.229703,18.6795,True,True,780.9137,0.2887
govdocs1-thread000,000747.pdf,maximum,C++ native,AFC3,67234,54648,1.23031,18.7197,True,True,1080.7976,0.3117
govdocs1-thread000,000748.pdf,fast,C++ native,AFC3,296356,222974,1.329106,24.7614,True,True,1271.8772,1.0068
govdocs1-thread000,000748.pdf,balanced,C++ native,AFC3,296356,213325,1.389223,28.0173,True,True,1722.0348,1.1908
govdocs1-thread000,000748.pdf,maximum,C++ native,AFC3,296356,212665,1.393534,28.24,True,True,2080.2469,1.0505
govdocs1-thread000,000749.html,fast,C++ native,AFC2,63175,32664,1.934086,48.296,True,True,12.5322,0.6895
govdocs1-thread000,000749.html,balanced,C++ native,AFC2,63175,27910,2.263526,55.8211,True,True,110.405,0.6547
govdocs1-thread000,000749.html,maximum,C++ native,AFC2,63175,27760,2.275756,56.0586,True,True,222.5953,0.632
govdocs1-thread000,000750.pdf,fast,C++ native,AFC3,328238,312413,1.050654,4.8212,True,True,272.0037,0.5684
govdocs1-thread000,000750.pdf,balanced,C++ native,AFC3,328238,311085,1.055139,5.2258,True,True,409.7131,0.5422
govdocs1-thread000,000750.pdf,maximum,C++ native,AFC3,328238,311070,1.05519,5.2304,True,True,598.6527,0.5191
govdocs1-thread000,000751.pdf,fast,C++ native,AFC3,384101,366869,1.04697,4.4863,True,True,297.8742,0.8105
govdocs1-thread000,000751.pdf,balanced,C++ native,AFC3,384101,365933,1.049648,4.73,True,True,451.5135,0.6539
govdocs1-thread000,000751.pdf,maximum,C++ native,AFC3,384101,365555,1.050734,4.8284,True,True,594.1186,0.7188
govdocs1-thread000,000752.pdf,fast,C++ native,AFC3,496878,491101,1.011763,1.1627,True,True,445.1869,0.9013
govdocs1-thread000,000752.pdf,balanced,C++ native,AFC3,496878,490353,1.013307,1.3132,True,True,617.4588,0.5051
govdocs1-thread000,000752.pdf,maximum,C++ native,AFC3,496878,490337,1.01334,1.3164,True,True,577.457,0.6673
govdocs1-thread000,000753.pdf,fast,C++ native,AFC2,160991,154156,1.044338,4.2456,True,True,771.8123,1.5212
govdocs1-thread000,000753.pdf,balanced,C++ native,AFC2,160991,150858,1.067169,6.2941,True,True,1048.0541,1.4945
govdocs1-thread000,000753.pdf,maximum,C++ native,AFC2,160991,150474,1.069892,6.5327,True,True,1525.7868,1.4062
govdocs1-thread000,000754.gz,fast,C++ native,AFC1,232167,232175,0.999966,-0.0034,True,True,46.9017,0.0366
govdocs1-thread000,000754.gz,balanced,C++ native,AFC1,232167,232175,0.999966,-0.0034,True,True,187.9038,0.1239
govdocs1-thread000,000754.gz,maximum,C++ native,AFC1,232167,232175,0.999966,-0.0034,True,True,284.6857,0.1222
govdocs1-thread000,000755.pdf,fast,C++ native,AFC3,385217,195621,1.969201,49.218,True,True,1841.6558,1.7335
govdocs1-thread000,000755.pdf,balanced,C++ native,AFC3,385217,179835,2.142058,53.3159,True,True,2556.759,1.6604
govdocs1-thread000,000755.pdf,maximum,C++ native,AFC3,385217,178288,2.160645,53.7175,True,True,3728.8455,1.7356
govdocs1-thread000,000756.csv,fast,C++ native,AFC2,2099672,755488,2.779226,64.0188,True,True,116.8012,11.805
govdocs1-thread000,000756.csv,balanced,C++ native,AFC2,2099672,627786,3.344566,70.1008,True,True,1029.591,10.2615
govdocs1-thread000,000756.csv,maximum,C++ native,AFC2,2099672,607440,3.456592,71.0698,True,True,2375.2429,11.7464
govdocs1-thread000,000757.pdf,fast,C++ native,AFC3,18347,16341,1.122759,10.9337,True,True,13.2226,0.1479
govdocs1-thread000,000757.pdf,balanced,C++ native,AFC3,18347,16127,1.137657,12.1001,True,True,68.0142,0.2711
govdocs1-thread000,000757.pdf,maximum,C++ native,AFC3,18347,16127,1.137657,12.1001,True,True,113.8644,0.205
govdocs1-thread000,000759.doc,fast,C++ native,AFC2,1502208,1368796,1.097467,8.8811,True,True,209.9193,11.9411
govdocs1-thread000,000759.doc,balanced,C++ native,AFC2,1502208,1347531,1.114785,10.2966,True,True,1221.0213,10.1775
govdocs1-thread000,000759.doc,maximum,C++ native,AFC2,1502208,1343676,1.117984,10.5533,True,True,2467.61,12.3899
govdocs1-thread000,000760.pdf,fast,C++ native,AFC3,59141,57221,1.033554,3.2465,True,True,382.1913,0.1298
govdocs1-thread000,000760.pdf,balanced,C++ native,AFC3,59141,56967,1.038162,3.676,True,True,490.0253,0.2092
govdocs1-thread000,000760.pdf,maximum,C++ native,AFC3,59141,56967,1.038162,3.676,True,True,575.7776,0.1914
govdocs1-thread000,000761.pdf,fast,C++ native,AFC3,2145627,2120703,1.011753,1.1616,True,True,697.5213,2.6801
govdocs1-thread000,000761.pdf,balanced,C++ native,AFC3,2145627,2116268,1.013873,1.3683,True,True,969.7587,2.6733
govdocs1-thread000,000761.pdf,maximum,C++ native,AFC3,2145627,2116268,1.013873,1.3683,True,True,1298.3153,2.6154
govdocs1-thread000,000762.pdf,fast,C++ native,AFC3,2393778,2279826,1.049983,4.7603,True,True,3226.5138,4.4003
govdocs1-thread000,000762.pdf,balanced,C++ native,AFC3,2393778,2268339,1.0553,5.2402,True,True,5085.3809,5.135
govdocs1-thread000,000762.pdf,maximum,C++ native,AFC3,2393778,2267236,1.055813,5.2863,True,True,7410.3773,4.6894
govdocs1-thread000,000763.pdf,fast,C++ native,AFC2,404009,318233,1.269538,21.2312,True,True,396.8111,3.2172
govdocs1-thread000,000763.pdf,balanced,C++ native,AFC2,404009,310895,1.299503,23.0475,True,True,1180.1848,3.8935
govdocs1-thread000,000763.pdf,maximum,C++ native,AFC2,404009,310276,1.302096,23.2007,True,True,2327.1083,4.3267
govdocs1-thread000,000764.csv,fast,C++ native,AFC2,8305,4126,2.012845,50.3191,True,True,2.1438,0.0795
govdocs1-thread000,000764.csv,balanced,C++ native,AFC2,8305,3848,2.158264,53.6665,True,True,14.1335,0.0941
govdocs1-thread000,000764.csv,maximum,C++ native,AFC2,8305,3848,2.158264,53.6665,True,True,22.5755,0.0987
govdocs1-thread000,000765.log,fast,C++ native,AFC2,69246,30449,2.274163,56.0278,True,True,9.7889,0.6245
govdocs1-thread000,000765.log,balanced,C++ native,AFC2,69246,25555,2.709685,63.0953,True,True,65.0579,0.4767
govdocs1-thread000,000765.log,maximum,C++ native,AFC2,69246,24623,2.812249,64.4413,True,True,119.8967,0.5067
govdocs1-thread000,000766.ps,fast,C++ native,AFC2,5141572,1802148,2.853024,64.9495,True,True,283.5923,21.7073
govdocs1-thread000,000766.ps,balanced,C++ native,AFC2,5141572,1583498,3.246971,69.2021,True,True,2407.6107,20.305
govdocs1-thread000,000766.ps,maximum,C++ native,AFC2,5141572,1530732,3.358898,70.2283,True,True,6272.2789,18.2117
govdocs1-thread000,000767.ps,fast,C++ native,AFC2,4928658,1524007,3.234013,69.0787,True,True,219.9245,18.6574
govdocs1-thread000,000767.ps,balanced,C++ native,AFC2,4928658,1295915,3.803226,73.7065,True,True,2122.3003,18.0013
govdocs1-thread000,000767.ps,maximum,C++ native,AFC2,4928658,1268785,3.884549,74.257,True,True,5682.1207,18.6619
govdocs1-thread000,000768.ps,fast,C++ native,AFC2,452744,63967,7.077774,85.8713,True,True,22.3608,1.2792
govdocs1-thread000,000768.ps,balanced,C++ native,AFC2,452744,55570,8.147274,87.726,True,True,177.032,1.4329
govdocs1-thread000,000768.ps,maximum,C++ native,AFC2,452744,55186,8.203965,87.8108,True,True,512.8644,1.3588
govdocs1-thread000,000770.pdf,fast,C++ native,AFC3,46927,35445,1.323938,24.4678,True,True,287.1801,0.3222
govdocs1-thread000,000770.pdf,balanced,C++ native,AFC3,46927,33243,1.411636,29.1602,True,True,511.2557,0.2698
govdocs1-thread000,000770.pdf,maximum,C++ native,AFC3,46927,32921,1.425443,29.8464,True,True,782.6683,0.3048
govdocs1-thread000,000771.doc,fast,C++ native,AFC2,3030016,2655156,1.141182,12.3716,True,True,277.5187,17.4386
govdocs1-thread000,000771.doc,balanced,C++ native,AFC2,3030016,2611430,1.16029,13.8146,True,True,1837.9457,22.5469
govdocs1-thread000,000771.doc,maximum,C++ native,AFC2,3030016,2598136,1.166227,14.2534,True,True,3448.1367,23.0537
govdocs1-thread000,000772.ps,fast,C++ native,AFC2,310380,149145,2.081062,51.9476,True,True,44.284,2.4765
govdocs1-thread000,000772.ps,balanced,C++ native,AFC2,310380,131925,2.3527,57.4957,True,True,279.7733,2.368
govdocs1-thread000,000772.ps,maximum,C++ native,AFC2,310380,130611,2.37637,57.919,True,True,618.7372,3.2529
govdocs1-thread000,000773.ps,fast,C++ native,AFC2,317492,142219,2.232416,55.2055,True,True,41.7758,2.392
govdocs1-thread000,000773.ps,balanced,C++ native,AFC2,317492,126350,2.512798,60.2037,True,True,262.3183,2.8433
govdocs1-thread000,000773.ps,maximum,C++ native,AFC2,317492,124362,2.552966,60.8299,True,True,679.7379,2.2269
govdocs1-thread000,000774.ps,fast,C++ native,AFC2,4540613,1738270,2.612145,61.7173,True,True,210.3094,22.9887
govdocs1-thread000,000774.ps,balanced,C++ native,AFC2,4540613,1541261,2.946038,66.0561,True,True,1565.7931,24.8844
govdocs1-thread000,000774.ps,maximum,C++ native,AFC2,4540613,1466696,3.095811,67.6983,True,True,4609.2758,20.7852
govdocs1-thread000,000775.xls,fast,C++ native,AFC2,96768,40128,2.411483,58.5317,True,True,12.2885,0.4799
govdocs1-thread000,000775.xls,balanced,C++ native,AFC2,96768,35131,2.75449,63.6956,True,True,79.5132,0.5806
govdocs1-thread000,000775.xls,maximum,C++ native,AFC2,96768,35131,2.75449,63.6956,True,True,210.1379,0.6487
govdocs1-thread000,000776.xls,fast,C++ native,AFC2,2082816,447344,4.655961,78.5222,True,True,93.2854,4.0639
govdocs1-thread000,000776.xls,balanced,C++ native,AFC2,2082816,395150,5.27095,81.0281,True,True,592.1401,4.0435
govdocs1-thread000,000776.xls,maximum,C++ native,AFC2,2082816,385571,5.4019,81.488,True,True,1240.8938,4.06
govdocs1-thread000,000777.xls,fast,C++ native,AFC2,137728,55584,2.477835,59.6422,True,True,15.3546,0.935
govdocs1-thread000,000777.xls,balanced,C++ native,AFC2,137728,46553,2.95852,66.1993,True,True,102.3494,0.9132
govdocs1-thread000,000777.xls,maximum,C++ native,AFC2,137728,45462,3.029519,66.9915,True,True,221.2716,0.8267
govdocs1-thread000,000778.xls,fast,C++ native,AFC2,150528,61469,2.448844,59.1644,True,True,16.2953,0.9883
govdocs1-thread000,000778.xls,balanced,C++ native,AFC2,150528,51122,2.944486,66.0382,True,True,112.5618,0.9424
govdocs1-thread000,000778.xls,maximum,C++ native,AFC2,150528,49959,3.013031,66.8108,True,True,230.1799,0.9632
govdocs1-thread000,000779.xls,fast,C++ native,AFC2,620032,285359,2.172814,53.9767,True,True,59.6626,3.456
govdocs1-thread000,000779.xls,balanced,C++ native,AFC2,620032,247759,2.502561,60.0409,True,True,410.7748,3.1838
govdocs1-thread000,000779.xls,maximum,C++ native,AFC2,620032,239727,2.586409,61.3364,True,True,845.3701,3.1776
govdocs1-thread000,000780.xls,fast,C++ native,AFC2,96768,42622,2.270377,55.9544,True,True,12.6727,0.751
govdocs1-thread000,000780.xls,balanced,C++ native,AFC2,96768,37340,2.591537,61.4129,True,True,88.4977,0.7691
govdocs1-thread000,000780.xls,maximum,C++ native,AFC2,96768,37143,2.605282,61.6164,True,True,165.3581,0.721
govdocs1-thread000,000781.xls,fast,C++ native,AFC2,282112,119460,2.36156,57.6551,True,True,30.8317,1.9001
govdocs1-thread000,000781.xls,balanced,C++ native,AFC2,282112,106802,2.641449,62.142,True,True,234.363,2.1336
govdocs1-thread000,000781.xls,maximum,C++ native,AFC2,282112,105367,2.677423,62.6506,True,True,516.8573,1.5936
govdocs1-thread000,000782.xls,fast,C++ native,AFC2,30720,14717,2.087382,52.0931,True,True,5.1933,0.2823
govdocs1-thread000,000782.xls,balanced,C++ native,AFC2,30720,13148,2.336477,57.2005,True,True,53.1472,0.3006
govdocs1-thread000,000782.xls,maximum,C++ native,AFC2,30720,13148,2.336477,57.2005,True,True,110.3227,0.3993
govdocs1-thread000,000783.html,fast,C++ native,AFC2,149711,65267,2.293824,56.4047,True,True,16.106,0.7939
govdocs1-thread000,000783.html,balanced,C++ native,AFC2,149711,53712,2.787291,64.1229,True,True,126.9706,1.0251
govdocs1-thread000,000783.html,maximum,C++ native,AFC2,149711,53712,2.787291,64.1229,True,True,276.5232,0.8667
govdocs1-thread000,000784.html,fast,C++ native,AFC2,9842,5594,1.759385,43.162,True,True,3.2272,0.0901
govdocs1-thread000,000784.html,balanced,C++ native,AFC2,9842,4930,1.996349,49.9086,True,True,21.8329,0.1572
govdocs1-thread000,000784.html,maximum,C++ native,AFC2,9842,4930,1.996349,49.9086,True,True,33.3042,0.1305
govdocs1-thread000,000785.html,fast,C++ native,AFC2,34473,17724,1.94499,48.5858,True,True,7.4322,0.3512
govdocs1-thread000,000785.html,balanced,C++ native,AFC2,34473,15545,2.217626,54.9067,True,True,62.7246,0.2914
govdocs1-thread000,000785.html,maximum,C++ native,AFC2,34473,15545,2.217626,54.9067,True,True,135.628,0.2777
govdocs1-thread000,000786.gz,fast,C++ native,AFC1,282032,282040,0.999972,-0.0028,True,True,61.0538,0.0498
govdocs1-thread000,000786.gz,balanced,C++ native,AFC2,282032,282016,1.000057,0.0057,True,True,234.7419,2.3686
govdocs1-thread000,000786.gz,maximum,C++ native,AFC2,282032,282016,1.000057,0.0057,True,True,370.4987,2.3604
govdocs1-thread000,000787.html,fast,C++ native,AFC2,17137,9179,1.866979,46.4375,True,True,5.0524,0.1609
govdocs1-thread000,000787.html,balanced,C++ native,AFC2,17137,7552,2.2692,55.9316,True,True,42.8746,0.2056
govdocs1-thread000,000787.html,maximum,C++ native,AFC2,17137,7519,2.279159,56.1242,True,True,86.0807,0.2212
govdocs1-thread000,000788.doc,fast,C++ native,AFC2,34816,12296,2.83149,64.6829,True,True,5.714,0.2564
govdocs1-thread000,000788.doc,balanced,C++ native,AFC2,34816,11124,3.129809,68.0492,True,True,61.244,0.2659
govdocs1-thread000,000788.doc,maximum,C++ native,AFC2,34816,11085,3.140821,68.1612,True,True,113.3013,0.2879
govdocs1-thread000,000789.html,fast,C++ native,AFC2,9541,5412,1.762934,43.2764,True,True,2.8881,0.0948
govdocs1-thread000,000789.html,balanced,C++ native,AFC2,9541,4992,1.911258,47.6784,True,True,19.7283,0.1238
govdocs1-thread000,000789.html,maximum,C++ native,AFC2,9541,4987,1.913174,47.7308,True,True,33.3621,0.119
govdocs1-thread000,000790.doc,fast,C++ native,AFC2,77824,40640,1.914961,47.7796,True,True,11.5905,0.6817
govdocs1-thread000,000790.doc,balanced,C++ native,AFC2,77824,35636,2.183859,54.2095,True,True,86.2126,0.7945
govdocs1-thread000,000790.doc,maximum,C++ native,AFC2,77824,35545,2.18945,54.3264,True,True,189.3524,0.7714
govdocs1-thread000,000791.html,fast,C++ native,AFC2,61312,26289,2.33223,57.1226,True,True,10.1224,0.4952
govdocs1-thread000,000791.html,balanced,C++ native,AFC2,61312,21049,2.912822,65.669,True,True,85.8146,0.4152
govdocs1-thread000,000791.html,maximum,C++ native,AFC2,61312,21049,2.912822,65.669,True,True,167.7461,0.4957
govdocs1-thread000,000792.html,fast,C++ native,AFC2,37681,19267,1.955727,48.8681,True,True,7.9771,0.38
govdocs1-thread000,000792.html,balanced,C++ native,AFC2,37681,15838,2.379151,57.9682,True,True,74.5071,0.4127
govdocs1-thread000,000792.html,maximum,C++ native,AFC2,37681,15691,2.40144,58.3583,True,True,164.937,0.3429
govdocs1-thread000,000793.html,fast,C++ native,AFC2,9023,4945,1.824671,45.1956,True,True,2.6831,0.1041
govdocs1-thread000,000793.html,balanced,C++ native,AFC2,9023,4466,2.020376,50.5043,True,True,19.7536,0.124
govdocs1-thread000,000793.html,maximum,C++ native,AFC2,9023,4462,2.022187,50.5486,True,True,31.5782,0.1222
govdocs1-thread000,000794.html,fast,C++ native,AFC2,68613,31757,2.160563,53.7158,True,True,10.2952,0.4565
govdocs1-thread000,000794.html,balanced,C++ native,AFC2,68613,25498,2.690917,62.8379,True,True,63.6475,0.4458
govdocs1-thread000,000794.html,maximum,C++ native,AFC2,68613,24797,2.766988,63.8596,True,True,122.5528,0.4403
govdocs1-thread000,000795.doc,fast,C++ native,AFC2,826368,395139,2.091335,52.1837,True,True,89.2327,4.9544
govdocs1-thread000,000795.doc,balanced,C++ native,AFC2,826368,340199,2.429072,58.832,True,True,730.419,4.8197
govdocs1-thread000,000795.doc,maximum,C++ native,AFC2,826368,337029,2.45192,59.2156,True,True,1497.7244,4.4779
govdocs1-thread000,000796.doc,fast,C++ native,AFC2,108032,53944,2.002669,50.0666,True,True,14.4699,0.8339
govdocs1-thread000,000796.doc,balanced,C++ native,AFC2,108032,48327,2.235438,55.266,True,True,110.7173,0.9499
govdocs1-thread000,000796.doc,maximum,C++ native,AFC2,108032,47798,2.260178,55.7557,True,True,226.5656,0.8398
govdocs1-thread000,000797.html,fast,C++ native,AFC2,25869,11575,2.234903,55.2553,True,True,5.2207,0.2055
govdocs1-thread000,000797.html,balanced,C++ native,AFC2,25869,8981,2.880414,65.2828,True,True,49.2727,0.2059
govdocs1-thread000,000797.html,maximum,C++ native,AFC2,25869,8649,2.990982,66.5662,True,True,87.4876,0.2511
govdocs1-thread000,000798.html,fast,C++ native,AFC2,335,272,1.231618,18.806,True,True,0.4094,0.0156
govdocs1-thread000,000798.html,balanced,C++ native,AFC2,335,272,1.231618,18.806,True,True,2.5482,0.0332
govdocs1-thread000,000798.html,maximum,C++ native,AFC2,335,272,1.231618,18.806,True,True,4.449,0.0344
govdocs1-thread000,000799.doc,fast,C++ native,AFC2,149504,60731,2.461741,59.3783,True,True,17.6289,1.0376
govdocs1-thread000,000799.doc,balanced,C++ native,AFC2,149504,52366,2.854982,64.9735,True,True,114.498,1.0331
govdocs1-thread000,000799.doc,maximum,C++ native,AFC2,149504,52204,2.863842,65.0819,True,True,293.9583,1.0564
govdocs1-thread000,000800.html,fast,C++ native,AFC2,2516,1607,1.56565,36.1288,True,True,1.2671,0.055
govdocs1-thread000,000800.html,balanced,C++ native,AFC2,2516,1578,1.594423,37.2814,True,True,7.0755,0.0613
govdocs1-thread000,000800.html,maximum,C++ native,AFC2,2516,1578,1.594423,37.2814,True,True,10.5816,0.0578
govdocs1-thread000,000801.doc,fast,C++ native,AFC2,6149120,4555203,1.349911,25.9211,True,True,416.4312,37.6956
govdocs1-thread000,000801.doc,balanced,C++ native,AFC2,6149120,4377042,1.404857,28.8184,True,True,3022.1284,32.3223
govdocs1-thread000,000801.doc,maximum,C++ native,AFC2,6149120,4359734,1.410435,29.0999,True,True,7598.4308,38.3713
govdocs1-thread000,000802.doc,fast,C++ native,AFC2,228864,100219,2.283639,56.2102,True,True,26.532,1.7084
govdocs1-thread000,000802.doc,balanced,C++ native,AFC2,228864,86323,2.651252,62.282,True,True,206.7326,1.5758
govdocs1-thread000,000802.doc,maximum,C++ native,AFC2,228864,86248,2.653557,62.3147,True,True,445.1202,1.6026
govdocs1-thread000,000803.rtf,fast,C++ native,AFC2,45138,15114,2.986503,66.516,True,True,6.9628,0.2652
govdocs1-thread000,000803.rtf,balanced,C++ native,AFC2,45138,11436,3.947009,74.6644,True,True,54.563,0.2696
govdocs1-thread000,000803.rtf,maximum,C++ native,AFC2,45138,11327,3.984992,74.9058,True,True,118.0283,0.2825
govdocs1-thread000,000804.doc,fast,C++ native,AFC2,130048,53282,2.440749,59.029,True,True,13.507,0.772
govdocs1-thread000,000804.doc,balanced,C++ native,AFC2,130048,44548,2.919278,65.745,True,True,112.308,0.9506
govdocs1-thread000,000804.doc,maximum,C++ native,AFC2,130048,44548,2.919278,65.745,True,True,289.4104,1.1141
govdocs1-thread000,000805.html,fast,C++ native,AFC2,4938,2809,1.757921,43.1146,True,True,1.7663,0.087
govdocs1-thread000,000805.html,balanced,C++ native,AFC2,4938,2577,1.916182,47.8129,True,True,13.6466,0.0847
govdocs1-thread000,000805.html,maximum,C++ native,AFC2,4938,2577,1.916182,47.8129,True,True,19.4853,0.0915
govdocs1-thread000,000806.doc,fast,C++ native,AFC2,55296,22253,2.484878,59.7566,True,True,9.9368,0.4866
govdocs1-thread000,000806.doc,balanced,C++ native,AFC2,55296,18252,3.029586,66.9922,True,True,81.1492,0.5506
govdocs1-thread000,000806.doc,maximum,C++ native,AFC2,55296,18197,3.038743,67.0917,True,True,178.8197,0.4029
govdocs1-thread000,000807.pdf,fast,C++ native,AFC2,2768386,596236,4.643104,78.4627,True,True,2580.314,6.1696
govdocs1-thread000,000807.pdf,balanced,C++ native,AFC2,2768386,516392,5.361016,81.3468,True,True,4331.5163,6.1088
govdocs1-thread000,000807.pdf,maximum,C++ native,AFC2,2768386,516392,5.361016,81.3468,True,True,7300.014,5.852
govdocs1-thread000,000808.html,fast,C++ native,AFC2,5334,3337,1.598442,37.4391,True,True,1.7523,0.0637
govdocs1-thread000,000808.html,balanced,C++ native,AFC2,5334,3143,1.697105,41.0761,True,True,13.0346,0.1316
govdocs1-thread000,000808.html,maximum,C++ native,AFC2,5334,3143,1.697105,41.0761,True,True,26.0711,0.0978
govdocs1-thread000,000809.pdf,fast,C++ native,AFC3,32034,27647,1.158679,13.6948,True,True,18.8986,0.2146
govdocs1-thread000,000809.pdf,balanced,C++ native,AFC3,32034,26774,1.196459,16.4201,True,True,104.405,0.259
govdocs1-thread000,000809.pdf,maximum,C++ native,AFC3,32034,26742,1.197891,16.5199,True,True,176.4435,0.2807
govdocs1-thread000,000810.pdf,fast,C++ native,AFC3,30055,24710,1.216309,17.7841,True,True,161.8253,0.2102
govdocs1-thread000,000810.pdf,balanced,C++ native,AFC3,30055,23962,1.254278,20.2728,True,True,345.9578,0.2312
govdocs1-thread000,000810.pdf,maximum,C++ native,AFC3,30055,23949,1.254958,20.3161,True,True,524.6539,0.2476
govdocs1-thread000,000811.pdf,fast,C++ native,AFC3,69137,62889,1.09935,9.0371,True,True,85.1316,0.243
govdocs1-thread000,000811.pdf,balanced,C++ native,AFC3,69137,61670,1.12108,10.8003,True,True,254.06,0.3193
govdocs1-thread000,000811.pdf,maximum,C++ native,AFC3,69137,61670,1.12108,10.8003,True,True,420.4756,0.3503
govdocs1-thread000,000812.html,fast,C++ native,AFC2,9164,5432,1.68704,40.7246,True,True,2.6702,0.112
govdocs1-thread000,000812.html,balanced,C++ native,AFC2,9164,4845,1.891434,47.1301,True,True,19.948,0.1184
govdocs1-thread000,000812.html,maximum,C++ native,AFC2,9164,4815,1.903219,47.4574,True,True,33.7406,0.1346
govdocs1-thread000,000813.pdf,fast,C++ native,AFC3,104965,92538,1.134291,11.8392,True,True,497.5318,0.3215
govdocs1-thread000,000813.pdf,balanced,C++ native,AFC3,104965,90910,1.154603,13.3902,True,True,729.9449,0.4128
govdocs1-thread000,000813.pdf,maximum,C++ native,AFC3,104965,90794,1.156079,13.5007,True,True,963.0968,0.3673
govdocs1-thread000,000814.html,fast,C++ native,AFC2,2753,1705,1.614663,38.0676,True,True,1.194,0.0434
govdocs1-thread000,000814.html,balanced,C++ native,AFC2,2753,1506,1.828021,45.296,True,True,7.9769,0.0614
govdocs1-thread000,000814.html,maximum,C++ native,AFC2,2753,1506,1.828021,45.296,True,True,13.7885,0.051
govdocs1-thread000,000815.html,fast,C++ native,AFC2,30810,13919,2.213521,54.8231,True,True,9.5885,0.3022
govdocs1-thread000,000815.html,balanced,C++ native,AFC2,30810,11021,2.795572,64.2291,True,True,51.3838,0.285
govdocs1-thread000,000815.html,maximum,C++ native,AFC2,30810,11021,2.795572,64.2291,True,True,117.5658,0.2838
govdocs1-thread000,000816.pdf,fast,C++ native,AFC3,43914,37971,1.156514,13.5333,True,True,110.3082,0.2389
govdocs1-thread000,000816.pdf,balanced,C++ native,AFC3,43914,37275,1.178109,15.1182,True,True,247.7772,0.2801
govdocs1-thread000,000816.pdf,maximum,C++ native,AFC3,43914,37269,1.178298,15.1318,True,True,409.2382,0.2802
govdocs1-thread000,000817.pdf,fast,C++ native,AFC3,1471951,1398313,1.052662,5.0027,True,True,2428.8127,1.9582
govdocs1-thread000,000817.pdf,balanced,C++ native,AFC3,1471951,1392172,1.057305,5.4199,True,True,3289.5004,2.7596
govdocs1-thread000,000817.pdf,maximum,C++ native,AFC3,1471951,1392086,1.057371,5.4258,True,True,4439.408,2.3736
govdocs1-thread000,000818.pdf,fast,C++ native,AFC3,23182,20004,1.158868,13.7089,True,True,13.9226,0.1957
govdocs1-thread000,000818.pdf,balanced,C++ native,AFC3,23182,19508,1.188333,15.8485,True,True,85.4782,0.2274
govdocs1-thread000,000818.pdf,maximum,C++ native,AFC3,23182,19457,1.191448,16.0685,True,True,142.8856,0.2745
govdocs1-thread000,000819.html,fast,C++ native,AFC2,11630,6665,1.744936,42.6913,True,True,3.6288,0.1361
govdocs1-thread000,000819.html,balanced,C++ native,AFC2,11630,5486,2.119942,52.8289,True,True,25.3009,0.1262
govdocs1-thread000,000819.html,maximum,C++ native,AFC2,11630,5486,2.119942,52.8289,True,True,48.305,0.1739
govdocs1-thread000,000820.html,fast,C++ native,AFC2,10954,6011,1.822326,45.1251,True,True,2.824,0.1362
govdocs1-thread000,000820.html,balanced,C++ native,AFC2,10954,5352,2.046712,51.1411,True,True,21.1457,0.1456
govdocs1-thread000,000820.html,maximum,C++ native,AFC2,10954,5282,2.073836,51.7802,True,True,38.5591,0.161
govdocs1-thread000,000821.html,fast,C++ native,AFC2,17868,7238,2.468638,59.4918,True,True,4.0411,0.1072
govdocs1-thread000,000821.html,balanced,C++ native,AFC2,17868,6276,2.847036,64.8758,True,True,31.3898,0.1325
govdocs1-thread000,000821.html,maximum,C++ native,AFC2,17868,6249,2.859337,65.0269,True,True,62.0376,0.1541
govdocs1-thread000,000823.html,fast,C++ native,AFC2,16647,7788,2.137519,53.2168,True,True,4.2447,0.12
govdocs1-thread000,000823.html,balanced,C++ native,AFC2,16647,5945,2.800168,64.2879,True,True,32.2164,0.1583
govdocs1-thread000,000823.html,maximum,C++ native,AFC2,16647,5933,2.805832,64.3599,True,True,67.9843,0.182
govdocs1-thread000,000824.html,fast,C++ native,AFC2,8441,4854,1.738978,42.495,True,True,2.4931,0.1147
govdocs1-thread000,000824.html,balanced,C++ native,AFC2,8441,4441,1.900698,47.3878,True,True,20.0195,0.1181
govdocs1-thread000,000824.html,maximum,C++ native,AFC2,8441,4439,1.901554,47.4114,True,True,32.0786,0.1279
govdocs1-thread000,000825.pdf,fast,C++ native,AFC3,46623,42304,1.102094,9.2637,True,True,58.4064,0.1211
govdocs1-thread000,000825.pdf,balanced,C++ native,AFC3,46623,41697,1.118138,10.5656,True,True,209.4504,0.2317
govdocs1-thread000,000825.pdf,maximum,C++ native,AFC3,46623,41680,1.118594,10.6021,True,True,336.646,0.2329
govdocs1-thread000,000826.pdf,fast,C++ native,AFC2,1863437,1828430,1.019146,1.8786,True,True,2705.6306,15.5193
govdocs1-thread000,000826.pdf,balanced,C++ native,AFC2,1863437,1822075,1.0227,2.2197,True,True,4201.6681,12.2927
govdocs1-thread000,000826.pdf,maximum,C++ native,AFC2,1863437,1821118,1.023238,2.271,True,True,6011.9606,15.3359
govdocs1-thread000,000827.txt,fast,C++ native,AFC2,992,622,1.594855,37.2984,True,True,0.9502,0.0459
govdocs1-thread000,000827.txt,balanced,C++ native,AFC2,992,622,1.594855,37.2984,True,True,3.5815,0.0391
govdocs1-thread000,000827.txt,maximum,C++ native,AFC2,992,622,1.594855,37.2984,True,True,7.575,0.0426
govdocs1-thread000,000828.txt,fast,C++ native,AFC2,1513,958,1.579332,36.6821,True,True,1.0381,0.0488
govdocs1-thread000,000828.txt,balanced,C++ native,AFC2,1513,958,1.579332,36.6821,True,True,6.8407,0.0505
govdocs1-thread000,000828.txt,maximum,C++ native,AFC2,1513,958,1.579332,36.6821,True,True,10.9229,0.0491
govdocs1-thread000,000829.txt,fast,C++ native,AFC2,1426,856,1.665888,39.9719,True,True,0.8243,0.0299
govdocs1-thread000,000829.txt,balanced,C++ native,AFC2,1426,828,1.722222,41.9355,True,True,4.2954,0.0555
govdocs1-thread000,000829.txt,maximum,C++ native,AFC2,1426,828,1.722222,41.9355,True,True,7.9845,0.0461
govdocs1-thread000,000830.html,fast,C++ native,AFC2,89891,35160,2.556627,60.886,True,True,11.5807,0.562
govdocs1-thread000,000830.html,balanced,C++ native,AFC2,89891,28742,3.127514,68.0257,True,True,82.404,0.4874
govdocs1-thread000,000830.html,maximum,C++ native,AFC2,89891,28742,3.127514,68.0257,True,True,152.1593,0.5034
govdocs1-thread000,000831.txt,fast,C++ native,AFC2,1483,895,1.656983,39.6494,True,True,0.8391,0.0519
govdocs1-thread000,000831.txt,balanced,C++ native,AFC2,1483,887,1.671928,40.1888,True,True,4.8084,0.0639
govdocs1-thread000,000831.txt,maximum,C++ native,AFC2,1483,887,1.671928,40.1888,True,True,9.0299,0.051
govdocs1-thread000,000832.txt,fast,C++ native,AFC2,3409,1954,1.744626,42.6811,True,True,1.0569,0.0448
govdocs1-thread000,000832.txt,balanced,C++ native,AFC2,3409,1865,1.827882,45.2919,True,True,8.5221,0.0769
govdocs1-thread000,000832.txt,maximum,C++ native,AFC2,3409,1865,1.827882,45.2919,True,True,15.8372,0.0867
govdocs1-thread000,000833.txt,fast,C++ native,AFC2,3392,1962,1.728848,42.158,True,True,1.2606,0.0701
govdocs1-thread000,000833.txt,balanced,C++ native,AFC2,3392,1882,1.802338,44.5165,True,True,7.9338,0.1038
govdocs1-thread000,000833.txt,maximum,C++ native,AFC2,3392,1882,1.802338,44.5165,True,True,13.6787,0.0731
govdocs1-thread000,000834.pdf,fast,C++ native,AFC3,51588,40145,1.285042,22.1815,True,True,83.1805,0.2876
govdocs1-thread000,000834.pdf,balanced,C++ native,AFC3,51588,38595,1.33665,25.1861,True,True,178.5606,0.3342
govdocs1-thread000,000834.pdf,maximum,C++ native,AFC3,51588,38435,1.342214,25.4962,True,True,357.9352,0.3389
govdocs1-thread000,000835.txt,fast,C++ native,AFC2,21301,10310,2.066052,51.5985,True,True,5.2376,0.1334
govdocs1-thread000,000835.txt,balanced,C++ native,AFC2,21301,7296,2.919545,65.7481,True,True,40.5834,0.236
govdocs1-thread000,000835.txt,maximum,C++ native,AFC2,21301,7110,2.995921,66.6213,True,True,77.7535,0.1784
govdocs1-thread000,000836.txt,fast,C++ native,AFC2,8464,4682,1.807774,44.6834,True,True,2.2543,0.0873
govdocs1-thread000,000836.txt,balanced,C++ native,AFC2,8464,4154,2.037554,50.9216,True,True,19.2707,0.1384
govdocs1-thread000,000836.txt,maximum,C++ native,AFC2,8464,4154,2.037554,50.9216,True,True,32.937,0.1162
govdocs1-thread000,000837.txt,fast,C++ native,AFC2,8189,4589,1.784485,43.9614,True,True,2.4329,0.102
govdocs1-thread000,000837.txt,balanced,C++ native,AFC2,8189,4251,1.92637,48.0889,True,True,19.5702,0.1061
govdocs1-thread000,000837.txt,maximum,C++ native,AFC2,8189,4251,1.92637,48.0889,True,True,30.3869,0.1651
govdocs1-thread000,000838.pdf,fast,C++ native,AFC3,40395,28999,1.392979,28.2114,True,True,293.9849,0.2277
govdocs1-thread000,000838.pdf,balanced,C++ native,AFC3,40395,27999,1.44273,30.687,True,True,422.4841,0.3599
govdocs1-thread000,000838.pdf,maximum,C++ native,AFC3,40395,27927,1.44645,30.8652,True,True,683.9555,0.2303
govdocs1-thread000,000839.pdf,fast,C++ native,AFC3,185106,171398,1.079978,7.4055,True,True,517.9012,0.6364
govdocs1-thread000,000839.pdf,balanced,C++ native,AFC3,185106,167869,1.102681,9.312,True,True,968.6275,0.5376
govdocs1-thread000,000839.pdf,maximum,C++ native,AFC3,185106,167832,1.102924,9.332,True,True,1424.1113,0.5762
govdocs1-thread000,000840.pdf,fast,C++ native,AFC2,13138,11133,1.180095,15.2611,True,True,6.1888,0.1342
govdocs1-thread000,000840.pdf,balanced,C++ native,AFC2,13138,10418,1.261087,20.7033,True,True,34.8221,0.165
govdocs1-thread000,000840.pdf,maximum,C++ native,AFC2,13138,10418,1.261087,20.7033,True,True,52.856,0.1681
govdocs1-thread000,000841.txt,fast,C++ native,AFC2,8960,5136,1.744548,42.6786,True,True,2.5895,0.0988
govdocs1-thread000,000841.txt,balanced,C++ native,AFC2,8960,4773,1.877226,46.7299,True,True,19.3659,0.1427
govdocs1-thread000,000841.txt,maximum,C++ native,AFC2,8960,4773,1.877226,46.7299,True,True,32.4945,0.1286
govdocs1-thread000,000842.txt,fast,C++ native,AFC2,823,562,1.464413,31.7132,True,True,0.68,0.0243
govdocs1-thread000,000842.txt,balanced,C++ native,AFC2,823,557,1.477558,32.3208,True,True,4.3984,0.0441
govdocs1-thread000,000842.txt,maximum,C++ native,AFC2,823,557,1.477558,32.3208,True,True,6.5733,0.0387
govdocs1-thread000,000843.pdf,fast,C++ native,AFC3,119705,108017,1.108205,9.764,True,True,671.6266,0.317
govdocs1-thread000,000843.pdf,balanced,C++ native,AFC3,119705,106498,1.124012,11.033,True,True,1005.405,0.4111
govdocs1-thread000,000843.pdf,maximum,C++ native,AFC3,119705,106407,1.124973,11.109,True,True,1268.5658,0.4595
govdocs1-thread000,000844.txt,fast,C++ native,AFC2,9163,5120,1.789648,44.1231,True,True,2.4414,0.0957
govdocs1-thread000,000844.txt,balanced,C++ native,AFC2,9163,4712,1.94461,48.5758,True,True,18.3498,0.1264
govdocs1-thread000,000844.txt,maximum,C++ native,AFC2,9163,4712,1.94461,48.5758,True,True,32.045,0.1449
govdocs1-thread000,000845.swf,fast,C++ native,AFC2,336600,328449,1.024817,2.4216,True,True,70.9963,3.0359
govdocs1-thread000,000845.swf,balanced,C++ native,AFC2,336600,325482,1.034159,3.303,True,True,350.4503,3.0555
govdocs1-thread000,000845.swf,maximum,C++ native,AFC2,336600,325468,1.034203,3.3072,True,True,679.6297,3.1622
govdocs1-thread000,000846.txt,fast,C++ native,AFC2,20699,10922,1.895166,47.2342,True,True,5.1339,0.1398
govdocs1-thread000,000846.txt,balanced,C++ native,AFC2,20699,8313,2.489955,59.8386,True,True,44.2196,0.1728
govdocs1-thread000,000846.txt,maximum,C++ native,AFC2,20699,7740,2.674289,62.6069,True,True,75.6963,0.2522
govdocs1-thread000,000847.txt,fast,C++ native,AFC2,33059,15895,2.079836,51.9193,True,True,8.5213,0.2418
govdocs1-thread000,000847.txt,balanced,C++ native,AFC2,33059,12660,2.611295,61.7048,True,True,56.8845,0.3066
govdocs1-thread000,000847.txt,maximum,C++ native,AFC2,33059,12324,2.682489,62.7212,True,True,134.2212,0.3575
govdocs1-thread000,000848.txt,fast,C++ native,AFC2,27934,15326,1.822654,45.135,True,True,7.8671,0.2469
govdocs1-thread000,000848.txt,balanced,C++ native,AFC2,27934,12335,2.264613,55.8423,True,True,54.7366,0.2759
govdocs1-thread000,000848.txt,maximum,C++ native,AFC2,27934,12335,2.264613,55.8423,True,True,235.0528,0.3361
govdocs1-thread000,000849.txt,fast,C++ native,AFC2,40403,20547,1.96637,49.1449,True,True,8.7975,0.3704
govdocs1-thread000,000849.txt,balanced,C++ native,AFC2,40403,17912,2.255639,55.6667,True,True,78.4573,0.393
govdocs1-thread000,000849.txt,maximum,C++ native,AFC2,40403,17878,2.259928,55.7508,True,True,150.8174,0.4099
govdocs1-thread000,000850.txt,fast,C++ native,AFC2,44597,22345,1.995838,49.8957,True,True,10.0247,0.5423
govdocs1-thread000,000850.txt,balanced,C++ native,AFC2,44597,18924,2.356637,57.5667,True,True,87.7614,0.48
govdocs1-thread000,000850.txt,maximum,C++ native,AFC2,44597,18882,2.361879,57.6608,True,True,183.3247,0.4523
govdocs1-thread000,000851.txt,fast,C++ native,AFC2,12507,6311,1.981778,49.5403,True,True,2.9025,0.1231
govdocs1-thread000,000851.txt,balanced,C++ native,AFC2,12507,5659,2.210108,54.7533,True,True,21.1569,0.15
govdocs1-thread000,000851.txt,maximum,C++ native,AFC2,12507,5659,2.210108,54.7533,True,True,40.9081,0.1905
govdocs1-thread000,000852.txt,fast,C++ native,AFC2,16458,8722,1.886953,47.0045,True,True,4.5218,0.1704
govdocs1-thread000,000852.txt,balanced,C++ native,AFC2,16458,7746,2.12471,52.9347,True,True,39.124,0.2512
govdocs1-thread000,000852.txt,maximum,C++ native,AFC2,16458,7746,2.12471,52.9347,True,True,64.7141,0.2224
govdocs1-thread000,000853.pdf,fast,C++ native,AFC3,456708,433377,1.053835,5.1085,True,True,2969.5179,0.7765
govdocs1-thread000,000853.pdf,balanced,C++ native,AFC3,456708,431180,1.059205,5.5896,True,True,3217.5852,0.731
govdocs1-thread000,000853.pdf,maximum,C++ native,AFC3,456708,430906,1.059878,5.6496,True,True,4197.8389,0.7421
govdocs1-thread000,000854.pdf,fast,C++ native,AFC3,267421,241724,1.106307,9.6092,True,True,2144.0143,0.7172
govdocs1-thread000,000854.pdf,balanced,C++ native,AFC3,267421,238713,1.120262,10.7351,True,True,3275.2025,0.7923
govdocs1-thread000,000854.pdf,maximum,C++ native,AFC3,267421,238661,1.120506,10.7546,True,True,4631.2276,0.9053
govdocs1-thread000,000855.txt,fast,C++ native,AFC2,4211,2550,1.651373,39.4443,True,True,1.6351,0.0674
govdocs1-thread000,000855.txt,balanced,C++ native,AFC2,4211,2443,1.7237,41.9853,True,True,10.2417,0.0972
govdocs1-thread000,000855.txt,maximum,C++ native,AFC2,4211,2443,1.7237,41.9853,True,True,16.8598,0.096
govdocs1-thread000,000856.txt,fast,C++ native,AFC2,3872,2308,1.677643,40.3926,True,True,1.3768,0.0605
govdocs1-thread000,000856.txt,balanced,C++ native,AFC2,3872,2186,1.771272,43.5434,True,True,9.7391,0.0807
govdocs1-thread000,000856.txt,maximum,C++ native,AFC2,3872,2186,1.771272,43.5434,True,True,14.0626,0.0833
govdocs1-thread000,000857.txt,fast,C++ native,AFC2,58343,30097,1.938499,48.4137,True,True,9.8119,0.5234
govdocs1-thread000,000857.txt,balanced,C++ native,AFC2,58343,26011,2.243013,55.4171,True,True,93.1314,0.465
govdocs1-thread000,000857.txt,maximum,C++ native,AFC2,58343,25972,2.246381,55.4839,True,True,197.3385,0.5627
govdocs1-thread000,000858.txt,fast,C++ native,AFC2,186576,65740,2.838089,64.765,True,True,17.0138,1.0717
govdocs1-thread000,000858.txt,balanced,C++ native,AFC2,186576,53014,3.519372,71.5858,True,True,160.8042,1.0353
govdocs1-thread000,000858.txt,maximum,C++ native,AFC2,186576,52028,3.586069,72.1143,True,True,317.2753,1.2288
govdocs1-thread000,000859.pdf,fast,C++ native,AFC2,4119909,2424464,1.699307,41.1525,True,True,6364.025,22.4502
govdocs1-thread000,000859.pdf,balanced,C++ native,AFC2,4119909,2165863,1.902202,47.4293,True,True,8657.6588,20.8084
govdocs1-thread000,000859.pdf,maximum,C++ native,AFC2,4119909,2149727,1.91648,47.821,True,True,11875.8642,16.4012
govdocs1-thread000,000860.txt,fast,C++ native,AFC2,43436,23477,1.850151,45.9504,True,True,10.1689,0.4269
govdocs1-thread000,000860.txt,balanced,C++ native,AFC2,43436,19134,2.270095,55.949,True,True,77.8528,0.5226
govdocs1-thread000,000860.txt,maximum,C++ native,AFC2,43436,19134,2.270095,55.949,True,True,151.5507,0.4801
govdocs1-thread000,000861.txt,fast,C++ native,AFC2,36197,17656,2.050125,51.2225,True,True,8.0767,0.3458
govdocs1-thread000,000861.txt,balanced,C++ native,AFC2,36197,14684,2.465064,59.4331,True,True,57.851,0.3112
govdocs1-thread000,000861.txt,maximum,C++ native,AFC2,36197,14671,2.467248,59.469,True,True,133.0631,0.2696
govdocs1-thread000,000862.txt,fast,C++ native,AFC2,19449,10292,1.88972,47.0821,True,True,5.0941,0.205
govdocs1-thread000,000862.txt,balanced,C++ native,AFC2,19449,9264,2.099417,52.3677,True,True,37.1233,0.2026
govdocs1-thread000,000862.txt,maximum,C++ native,AFC2,19449,9264,2.099417,52.3677,True,True,77.5604,0.188
govdocs1-thread000,000863.txt,fast,C++ native,AFC2,56582,28961,1.953731,48.8159,True,True,10.16,0.4669
govdocs1-thread000,000863.txt,balanced,C++ native,AFC2,56582,24642,2.296161,56.449,True,True,92.0857,0.5315
govdocs1-thread000,000863.txt,maximum,C++ native,AFC2,56582,24642,2.296161,56.449,True,True,206.6626,0.4638
govdocs1-thread000,000864.txt,fast,C++ native,AFC2,21704,9280,2.338793,57.2429,True,True,4.3553,0.2018
govdocs1-thread000,000864.txt,balanced,C++ native,AFC2,21704,7544,2.876988,65.2414,True,True,36.1037,0.1986
govdocs1-thread000,000864.txt,maximum,C++ native,AFC2,21704,7410,2.929015,65.8588,True,True,68.4528,0.1909
govdocs1-thread000,000865.gz,fast,C++ native,AFC2,266146,254133,1.047271,4.5137,True,True,59.323,2.6693
govdocs1-thread000,000865.gz,balanced,C++ native,AFC2,266146,252100,1.055716,5.2776,True,True,346.3942,2.8184
govdocs1-thread000,000865.gz,maximum,C++ native,AFC2,266146,252100,1.055716,5.2776,True,True,644.9011,2.8222
govdocs1-thread000,000866.txt,fast,C++ native,AFC2,68396,26955,2.537414,60.5898,True,True,9.8014,0.5041
govdocs1-thread000,000866.txt,balanced,C++ native,AFC2,68396,21420,3.193091,68.6824,True,True,56.5146,0.5501
govdocs1-thread000,000866.txt,maximum,C++ native,AFC2,68396,20323,3.365448,70.2863,True,True,114.5932,0.4992
govdocs1-thread000,000867.jpg,fast,C++ native,AFC1,25745,25753,0.999689,-0.0311,True,True,7.4375,0.0171
govdocs1-thread000,000867.jpg,balanced,C++ native,AFC1,25745,25753,0.999689,-0.0311,True,True,40.4055,0.0399
govdocs1-thread000,000867.jpg,maximum,C++ native,AFC1,25745,25753,0.999689,-0.0311,True,True,78.9264,0.0366
govdocs1-thread000,000868.jpg,fast,C++ native,AFC1,25831,25839,0.99969,-0.031,True,True,6.9374,0.0159
govdocs1-thread000,000868.jpg,balanced,C++ native,AFC1,25831,25839,0.99969,-0.031,True,True,38.7802,0.032
govdocs1-thread000,000868.jpg,maximum,C++ native,AFC1,25831,25839,0.99969,-0.031,True,True,66.967,0.0431
govdocs1-thread000,000869.jpg,fast,C++ native,AFC1,5143,5150,0.998641,-0.1361,True,True,1.8029,0.0132
govdocs1-thread000,000869.jpg,balanced,C++ native,AFC1,5143,5150,0.998641,-0.1361,True,True,13.0627,0.026
govdocs1-thread000,000869.jpg,maximum,C++ native,AFC1,5143,5150,0.998641,-0.1361,True,True,19.6647,0.0297
govdocs1-thread000,000870.jpg,fast,C++ native,AFC1,145826,145834,0.999945,-0.0055,True,True,29.5058,0.0285
govdocs1-thread000,000870.jpg,balanced,C++ native,AFC1,145826,145834,0.999945,-0.0055,True,True,123.4073,0.083
govdocs1-thread000,000870.jpg,maximum,C++ native,AFC1,145826,145834,0.999945,-0.0055,True,True,187.5525,0.1066
govdocs1-thread000,000871.jpg,fast,C++ native,AFC1,12657,12664,0.999447,-0.0553,True,True,3.6932,0.0127
govdocs1-thread000,000871.jpg,balanced,C++ native,AFC1,12657,12664,0.999447,-0.0553,True,True,21.6908,0.0312
govdocs1-thread000,000871.jpg,maximum,C++ native,AFC1,12657,12664,0.999447,-0.0553,True,True,34.6133,0.0363
govdocs1-thread000,000872.jpg,fast,C++ native,AFC2,73959,73483,1.006478,0.6436,True,True,15.3417,0.4957
govdocs1-thread000,000872.jpg,balanced,C++ native,AFC2,73959,73245,1.009748,0.9654,True,True,77.9706,0.7037
govdocs1-thread000,000872.jpg,maximum,C++ native,AFC2,73959,73245,1.009748,0.9654,True,True,124.1793,0.6594
govdocs1-thread000,000873.jpg,fast,C++ native,AFC1,34755,34763,0.99977,-0.023,True,True,8.294,0.0154
govdocs1-thread000,000873.jpg,balanced,C++ native,AFC1,34755,34763,0.99977,-0.023,True,True,48.6443,0.0425
govdocs1-thread000,000873.jpg,maximum,C++ native,AFC1,34755,34763,0.99977,-0.023,True,True,84.8288,0.0462
govdocs1-thread000,000874.jpg,fast,C++ native,AFC1,5726,5733,0.998779,-0.1222,True,True,2.1557,0.0137
govdocs1-thread000,000874.jpg,balanced,C++ native,AFC1,5726,5733,0.998779,-0.1222,True,True,15.0751,0.026
govdocs1-thread000,000874.jpg,maximum,C++ native,AFC1,5726,5733,0.998779,-0.1222,True,True,28.0272,0.027
govdocs1-thread000,000875.html,fast,C++ native,AFC2,17105,6945,2.462923,59.3978,True,True,4.1561,0.128
govdocs1-thread000,000875.html,balanced,C++ native,AFC2,17105,5635,3.035492,67.0564,True,True,33.3953,0.1428
govdocs1-thread000,000875.html,maximum,C++ native,AFC2,17105,5413,3.159985,68.3543,True,True,63.2038,0.1467
govdocs1-thread000,000876.jpg,fast,C++ native,AFC1,1234732,1234740,0.999994,-0.0006,True,True,213.0446,0.2261
govdocs1-thread000,000876.jpg,balanced,C++ native,AFC1,1234732,1234740,0.999994,-0.0006,True,True,1219.8093,0.4171
govdocs1-thread000,000876.jpg,maximum,C++ native,AFC1,1234732,1234740,0.999994,-0.0006,True,True,2450.1561,0.3863
govdocs1-thread000,000877.html,fast,C++ native,AFC2,65798,25984,2.532251,60.5094,True,True,8.4849,0.3008
govdocs1-thread000,000877.html,balanced,C++ native,AFC2,65798,18243,3.606753,72.2742,True,True,48.4262,0.3458
govdocs1-thread000,000877.html,maximum,C++ native,AFC2,65798,17612,3.735975,73.2332,True,True,100.6216,0.3553
govdocs1-thread000,000878.pdf,fast,C++ native,AFC3,47134,42566,1.107316,9.6915,True,True,57.6391,0.1694
govdocs1-thread000,000878.pdf,balanced,C++ native,AFC3,47134,41911,1.124621,11.0812,True,True,134.8586,0.2519
govdocs1-thread000,000878.pdf,maximum,C++ native,AFC3,47134,41911,1.124621,11.0812,True,True,223.2067,0.2512
govdocs1-thread000,000879.jpg,fast,C++ native,AFC1,994547,994555,0.999992,-0.0008,True,True,181.2637,0.1439
govdocs1-thread000,000879.jpg,balanced,C++ native,AFC1,994547,994555,0.999992,-0.0008,True,True,997.7599,0.4194
govdocs1-thread000,000879.jpg,maximum,C++ native,AFC1,994547,994555,0.999992,-0.0008,True,True,2222.1296,0.413
govdocs1-thread000,000880.jpg,fast,C++ native,AFC1,109152,109160,0.999927,-0.0073,True,True,21.009,0.023
govdocs1-thread000,000880.jpg,balanced,C++ native,AFC1,109152,109160,0.999927,-0.0073,True,True,77.0272,0.0636
govdocs1-thread000,000880.jpg,maximum,C++ native,AFC1,109152,109160,0.999927,-0.0073,True,True,128.3642,0.0794
govdocs1-thread000,000881.jpg,fast,C++ native,AFC2,130944,122668,1.067467,6.3203,True,True,23.9244,1.1333
govdocs1-thread000,000881.jpg,balanced,C++ native,AFC2,130944,121324,1.079292,7.3467,True,True,137.8726,1.0552
govdocs1-thread000,000881.jpg,maximum,C++ native,AFC2,130944,121318,1.079345,7.3512,True,True,234.2245,1.1824
govdocs1-thread000,000882.pdf,fast,C++ native,AFC3,19607,16036,1.222686,18.2129,True,True,129.9478,0.1258
govdocs1-thread000,000882.pdf,balanced,C++ native,AFC3,19607,15598,1.25702,20.4468,True,True,283.3797,0.1786
govdocs1-thread000,000882.pdf,maximum,C++ native,AFC3,19607,15598,1.25702,20.4468,True,True,441.6453,0.261
govdocs1-thread000,000883.jpg,fast,C++ native,AFC1,57816,57824,0.999862,-0.0138,True,True,14.1638,0.021
govdocs1-thread000,000883.jpg,balanced,C++ native,AFC1,57816,57824,0.999862,-0.0138,True,True,79.6191,0.0575
govdocs1-thread000,000883.jpg,maximum,C++ native,AFC1,57816,57824,0.999862,-0.0138,True,True,129.2634,0.0596
govdocs1-thread000,000884.jpg,fast,C++ native,AFC2,103940,103355,1.00566,0.5628,True,True,18.5778,0.6669
govdocs1-thread000,000884.jpg,balanced,C++ native,AFC2,103940,103092,1.008226,0.8159,True,True,106.0463,0.8877
govdocs1-thread000,000884.jpg,maximum,C++ native,AFC2,103940,103092,1.008226,0.8159,True,True,162.8467,0.9372
govdocs1-thread000,000885.pdf,fast,C++ native,AFC3,52185,42617,1.224511,18.3348,True,True,198.9501,0.2723
govdocs1-thread000,000885.pdf,balanced,C++ native,AFC3,52185,40194,1.298328,22.9779,True,True,436.8225,0.3164
govdocs1-thread000,000885.pdf,maximum,C++ native,AFC3,52185,40107,1.301144,23.1446,True,True,681.417,0.294
govdocs1-thread000,000886.pdf,fast,C++ native,AFC3,376076,360073,1.044444,4.2553,True,True,54.1515,0.6649
govdocs1-thread000,000886.pdf,balanced,C++ native,AFC3,376076,355683,1.057335,5.4226,True,True,110.7087,0.6504
govdocs1-thread000,000886.pdf,maximum,C++ native,AFC3,376076,355683,1.057335,5.4226,True,True,166.4776,0.7067
govdocs1-thread000,000887.pdf,fast,C++ native,AFC3,1307071,1207914,1.082089,7.5862,True,True,2285.7491,1.8471
govdocs1-thread000,000887.pdf,balanced,C++ native,AFC3,1307071,1195559,1.093272,8.5314,True,True,2819.2654,2.5682
govdocs1-thread000,000887.pdf,maximum,C++ native,AFC3,1307071,1195559,1.093272,8.5314,True,True,4333.8572,2.3341
govdocs1-thread000,000888.jpg,fast,C++ native,AFC2,2723425,2709183,1.005257,0.5229,True,True,281.492,22.8958
govdocs1-thread000,000888.jpg,balanced,C++ native,AFC2,2723425,2707141,1.006015,0.5979,True,True,1689.4778,22.4867
govdocs1-thread000,000888.jpg,maximum,C++ native,AFC2,2723425,2707141,1.006015,0.5979,True,True,3622.2071,22.7716
govdocs1-thread000,000889.jpg,fast,C++ native,AFC2,48406,47563,1.017724,1.7415,True,True,12.2046,0.4437
govdocs1-thread000,000889.jpg,balanced,C++ native,AFC2,48406,47470,1.019718,1.9336,True,True,79.5668,0.3163
govdocs1-thread000,000889.jpg,maximum,C++ native,AFC2,48406,47470,1.019718,1.9336,True,True,113.9283,0.4582
govdocs1-thread000,000890.jpg,fast,C++ native,AFC2,21392,21136,1.012112,1.1967,True,True,5.6314,0.193
govdocs1-thread000,000890.jpg,balanced,C++ native,AFC2,21392,20964,1.020416,2.0007,True,True,38.0321,0.2661
govdocs1-thread000,000890.jpg,maximum,C++ native,AFC2,21392,20964,1.020416,2.0007,True,True,60.5553,0.1781
govdocs1-thread000,000891.html,fast,C++ native,AFC2,22226,12178,1.825094,45.2083,True,True,5.0923,0.2494
govdocs1-thread000,000891.html,balanced,C++ native,AFC2,22226,10522,2.112336,52.659,True,True,47.4197,0.2498
govdocs1-thread000,000891.html,maximum,C++ native,AFC2,22226,10507,2.115352,52.7265,True,True,88.9841,0.2519
govdocs1-thread000,000892.html,fast,C++ native,AFC2,18395,10461,1.758436,43.1313,True,True,4.6865,0.1577
govdocs1-thread000,000892.html,balanced,C++ native,AFC2,18395,8825,2.084419,52.025,True,True,37.4527,0.2039
govdocs1-thread000,000892.html,maximum,C++ native,AFC2,18395,8825,2.084419,52.025,True,True,76.2558,0.2248
govdocs1-thread000,000893.html,fast,C++ native,AFC2,28262,15303,1.846827,45.8531,True,True,9.1469,0.3497
govdocs1-thread000,000893.html,balanced,C++ native,AFC2,28262,12427,2.274242,56.0293,True,True,66.9468,0.4236
govdocs1-thread000,000893.html,maximum,C++ native,AFC2,28262,12303,2.297163,56.468,True,True,107.9132,0.287
govdocs1-thread000,000894.html,fast,C++ native,AFC2,21757,11553,1.883234,46.8998,True,True,5.5714,0.2202
govdocs1-thread000,000894.html,balanced,C++ native,AFC2,21757,10101,2.153945,53.5736,True,True,47.852,0.2249
govdocs1-thread000,000894.html,maximum,C++ native,AFC2,21757,10042,2.1666,53.8447,True,True,81.1585,0.2384
govdocs1-thread000,000895.html,fast,C++ native,AFC2,36204,19123,1.893218,47.1799,True,True,9.5249,0.3579
govdocs1-thread000,000895.html,balanced,C++ native,AFC2,36204,16298,2.221377,54.9829,True,True,66.3368,0.3598
govdocs1-thread000,000895.html,maximum,C++ native,AFC2,36204,16235,2.229997,55.1569,True,True,125.1734,0.3899
govdocs1-thread000,000896.jpg,fast,C++ native,AFC2,24174,23681,1.020818,2.0394,True,True,6.8081,0.1998
govdocs1-thread000,000896.jpg,balanced,C++ native,AFC2,24174,23566,1.0258,2.5151,True,True,39.8243,0.1819
govdocs1-thread000,000896.jpg,maximum,C++ native,AFC2,24174,23566,1.0258,2.5151,True,True,85.0702,0.2085
govdocs1-thread000,000897.jpg,fast,C++ native,AFC2,57596,44936,1.281734,21.9807,True,True,9.9345,0.3963
govdocs1-thread000,000897.jpg,balanced,C++ native,AFC2,57596,44936,1.281734,21.9807,True,True,77.1241,0.5249
govdocs1-thread000,000897.jpg,maximum,C++ native,AFC2,57596,44936,1.281734,21.9807,True,True,140.6505,0.4689
govdocs1-thread000,000898.html,fast,C++ native,AFC2,22593,13335,1.694263,40.9773,True,True,8.2542,0.2268
govdocs1-thread000,000898.html,balanced,C++ native,AFC2,22593,11428,1.976986,49.418,True,True,50.1174,0.2132
govdocs1-thread000,000898.html,maximum,C++ native,AFC2,22593,11422,1.978025,49.4445,True,True,100.3162,0.2179
govdocs1-thread000,000899.pdf,fast,C++ native,AFC3,135640,115561,1.173752,14.8032,True,True,788.9115,0.3856
govdocs1-thread000,000899.pdf,balanced,C++ native,AFC3,135640,112436,1.206375,17.107,True,True,992.7743,0.5451
govdocs1-thread000,000899.pdf,maximum,C++ native,AFC3,135640,112240,1.208482,17.2515,True,True,1366.3151,0.4777
govdocs1-thread000,000900.jpg,fast,C++ native,AFC1,17267,17275,0.999537,-0.0463,True,True,5.0469,0.0195
govdocs1-thread000,000900.jpg,balanced,C++ native,AFC1,17267,17275,0.999537,-0.0463,True,True,28.3388,0.0322
govdocs1-thread000,000900.jpg,maximum,C++ native,AFC1,17267,17275,0.999537,-0.0463,True,True,51.5946,0.0358
govdocs1-thread000,000901.pdf,fast,C++ native,AFC3,24248,19762,1.227001,18.5005,True,True,14.8692,0.2498
govdocs1-thread000,000901.pdf,balanced,C++ native,AFC3,24248,18587,1.304568,23.3463,True,True,86.4497,0.2646
govdocs1-thread000,000901.pdf,maximum,C++ native,AFC3,24248,18489,1.311483,23.7504,True,True,150.2523,0.2462
govdocs1-thread000,000902.jpg,fast,C++ native,AFC2,29629,29129,1.017165,1.6875,True,True,7.7455,0.2877
govdocs1-thread000,000902.jpg,balanced,C++ native,AFC2,29629,28971,1.022712,2.2208,True,True,53.4485,0.303
govdocs1-thread000,000902.jpg,maximum,C++ native,AFC2,29629,28971,1.022712,2.2208,True,True,90.695,0.2611
govdocs1-thread000,000903.jpg,fast,C++ native,AFC1,99121,99129,0.999919,-0.0081,True,True,20.8423,0.0221
govdocs1-thread000,000903.jpg,balanced,C++ native,AFC1,99121,99129,0.999919,-0.0081,True,True,69.0434,0.0696
govdocs1-thread000,000903.jpg,maximum,C++ native,AFC1,99121,99129,0.999919,-0.0081,True,True,134.5644,0.0634
govdocs1-thread000,000904.pdf,fast,C++ native,AFC2,320888,271797,1.180616,15.2985,True,True,90.7235,2.6531
govdocs1-thread000,000904.pdf,balanced,C++ native,AFC2,320888,264652,1.21249,17.5251,True,True,341.2841,2.7635
govdocs1-thread000,000904.pdf,maximum,C++ native,AFC2,320888,262243,1.223628,18.2758,True,True,612.1196,2.7995
govdocs1-thread000,000905.jpg,fast,C++ native,AFC1,9322,9329,0.99925,-0.0751,True,True,3.4439,0.018
govdocs1-thread000,000905.jpg,balanced,C++ native,AFC1,9322,9329,0.99925,-0.0751,True,True,18.3622,0.0277
govdocs1-thread000,000905.jpg,maximum,C++ native,AFC1,9322,9329,0.99925,-0.0751,True,True,26.5806,0.03
govdocs1-thread000,000906.jpg,fast,C++ native,AFC2,17571,17502,1.003942,0.3927,True,True,5.6389,0.1194
govdocs1-thread000,000906.jpg,balanced,C++ native,AFC2,17571,17493,1.004459,0.4439,True,True,31.4534,0.1917
govdocs1-thread000,000906.jpg,maximum,C++ native,AFC2,17571,17493,1.004459,0.4439,True,True,60.089,0.1834
govdocs1-thread000,000907.html,fast,C++ native,AFC2,37497,18782,1.996433,49.9107,True,True,7.7143,0.3388
govdocs1-thread000,000907.html,balanced,C++ native,AFC2,37497,15455,2.426205,58.7834,True,True,59.0849,0.3851
govdocs1-thread000,000907.html,maximum,C++ native,AFC2,37497,15455,2.426205,58.7834,True,True,128.6596,0.3988
govdocs1-thread000,000908.jpg,fast,C++ native,AFC1,12412,12419,0.999436,-0.0564,True,True,3.8119,0.0154
govdocs1-thread000,000908.jpg,balanced,C++ native,AFC1,12412,12419,0.999436,-0.0564,True,True,20.3156,0.0277
govdocs1-thread000,000908.jpg,maximum,C++ native,AFC1,12412,12419,0.999436,-0.0564,True,True,33.6556,0.03
govdocs1-thread000,000909.jpg,fast,C++ native,AFC1,9906,9913,0.999294,-0.0707,True,True,2.873,0.0132
govdocs1-thread000,000909.jpg,balanced,C++ native,AFC1,9906,9913,0.999294,-0.0707,True,True,18.5278,0.0289
govdocs1-thread000,000909.jpg,maximum,C++ native,AFC1,9906,9913,0.999294,-0.0707,True,True,29.3235,0.0296
govdocs1-thread000,000910.jpg,fast,C++ native,AFC1,35942,35950,0.999777,-0.0223,True,True,8.8182,0.0158
govdocs1-thread000,000910.jpg,balanced,C++ native,AFC1,35942,35950,0.999777,-0.0223,True,True,54.858,0.0404
govdocs1-thread000,000910.jpg,maximum,C++ native,AFC1,35942,35950,0.999777,-0.0223,True,True,96.6189,0.0475
govdocs1-thread000,000911.doc,fast,C++ native,AFC2,46080,17005,2.709791,63.0968,True,True,7.1439,0.2903
govdocs1-thread000,000911.doc,balanced,C++ native,AFC2,46080,14926,3.08723,67.6085,True,True,57.1531,0.2901
govdocs1-thread000,000911.doc,maximum,C++ native,AFC2,46080,14702,3.134267,68.0946,True,True,120.1447,0.2878
govdocs1-thread000,000912.jpg,fast,C++ native,AFC1,14692,14699,0.999524,-0.0476,True,True,3.7426,0.0131
govdocs1-thread000,000912.jpg,balanced,C++ native,AFC1,14692,14699,0.999524,-0.0476,True,True,24.6163,0.0319
govdocs1-thread000,000912.jpg,maximum,C++ native,AFC1,14692,14699,0.999524,-0.0476,True,True,34.6793,0.0365
govdocs1-thread000,000913.doc,fast,C++ native,AFC2,174592,74793,2.334336,57.1613,True,True,15.6325,0.9383
govdocs1-thread000,000913.doc,balanced,C++ native,AFC2,174592,63518,2.748701,63.6192,True,True,125.7781,1.0479
govdocs1-thread000,000913.doc,maximum,C++ native,AFC2,174592,62601,2.788965,64.1444,True,True,266.3405,1.1386
govdocs1-thread000,000916.html,fast,C++ native,AFC2,9902,5809,1.704596,41.3351,True,True,2.8949,0.089
govdocs1-thread000,000916.html,balanced,C++ native,AFC2,9902,4625,2.140973,53.2923,True,True,22.2099,0.1176
govdocs1-thread000,000916.html,maximum,C++ native,AFC2,9902,4625,2.140973,53.2923,True,True,38.7317,0.1168
govdocs1-thread000,000917.html,fast,C++ native,AFC2,90363,30018,3.010294,66.7807,True,True,8.6442,0.3719
govdocs1-thread000,000917.html,balanced,C++ native,AFC2,90363,25723,3.512926,71.5337,True,True,64.0506,0.4337
govdocs1-thread000,000917.html,maximum,C++ native,AFC2,90363,25397,3.558019,71.8945,True,True,116.2045,0.3741
govdocs1-thread000,000918.html,fast,C++ native,AFC2,60120,27996,2.14745,53.4331,True,True,11.2357,0.5201
govdocs1-thread000,000918.html,balanced,C++ native,AFC2,60120,23045,2.608809,61.6683,True,True,95.2459,0.5412
govdocs1-thread000,000918.html,maximum,C++ native,AFC2,60120,22480,2.674377,62.6081,True,True,189.308,0.4972
govdocs1-thread000,000919.html,fast,C++ native,AFC2,36522,15879,2.300019,56.5221,True,True,6.5109,0.2542
govdocs1-thread000,000919.html,balanced,C++ native,AFC2,36522,12229,2.986507,66.5161,True,True,54.4079,0.3302
govdocs1-thread000,000919.html,maximum,C++ native,AFC2,36522,12122,3.012869,66.809,True,True,103.7987,0.3579
govdocs1-thread000,000920.txt,fast,C++ native,AFC2,3302465,697896,4.73203,78.8674,True,True,110.0044,8.3394
govdocs1-thread000,000920.txt,balanced,C++ native,AFC2,3302465,579093,5.702823,82.4648,True,True,1005.5841,8.0328
govdocs1-thread000,000920.txt,maximum,C++ native,AFC2,3302465,574672,5.746696,82.5987,True,True,2826.4638,7.9123
govdocs1-thread000,000921.txt,fast,C++ native,AFC2,547799,153720,3.563616,71.9386,True,True,40.234,1.9921
govdocs1-thread000,000921.txt,balanced,C++ native,AFC2,547799,120852,4.532809,77.9386,True,True,255.1623,1.7054
govdocs1-thread000,000921.txt,maximum,C++ native,AFC2,547799,120852,4.532809,77.9386,True,True,574.8443,1.8152
govdocs1-thread000,000922.java,fast,C++ native,AFC2,14152,5506,2.570287,61.0938,True,True,2.792,0.1304
govdocs1-thread000,000922.java,balanced,C++ native,AFC2,14152,4966,2.849778,64.9096,True,True,23.5479,0.1106
govdocs1-thread000,000922.java,maximum,C++ native,AFC2,14152,4966,2.849778,64.9096,True,True,41.8886,0.137
govdocs1-thread000,000923.xml,fast,C++ native,AFC2,13498,6294,2.144582,53.3709,True,True,3.0264,0.087
govdocs1-thread000,000923.xml,balanced,C++ native,AFC2,13498,3817,3.536285,71.7217,True,True,20.2925,0.1091
govdocs1-thread000,000923.xml,maximum,C++ native,AFC2,13498,3817,3.536285,71.7217,True,True,39.9622,0.1061
govdocs1-thread000,000924.txt,fast,C++ native,AFC2,5799402,2372179,2.444757,59.0961,True,True,380.8229,26.9983
govdocs1-thread000,000924.txt,balanced,C++ native,AFC2,5799402,2266342,2.558926,60.9211,True,True,2875.2492,34.2597
govdocs1-thread000,000924.txt,maximum,C++ native,AFC2,5799402,2254651,2.572195,61.1227,True,True,7169.2731,32.1346
govdocs1-thread000,000925.txt,fast,C++ native,AFC2,501907,176319,2.846585,64.8702,True,True,51.5036,2.5746
govdocs1-thread000,000925.txt,balanced,C++ native,AFC2,501907,154196,3.254994,69.278,True,True,347.5753,2.7454
govdocs1-thread000,000925.txt,maximum,C++ native,AFC2,501907,149283,3.362118,70.2568,True,True,804.4558,2.6404
govdocs1-thread000,000926.txt,fast,C++ native,AFC2,226440,85887,2.636487,62.0707,True,True,21.9598,1.331
govdocs1-thread000,000926.txt,balanced,C++ native,AFC2,226440,76699,2.95232,66.1283,True,True,166.038,1.4423
govdocs1-thread000,000926.txt,maximum,C++ native,AFC2,226440,75909,2.983045,66.4772,True,True,364.5806,1.6014
govdocs1-thread000,000927.txt,fast,C++ native,AFC2,501907,174115,2.882618,65.3093,True,True,49.8549,2.5492
govdocs1-thread000,000927.txt,balanced,C++ native,AFC2,501907,154862,3.240995,69.1453,True,True,370.5905,2.79
govdocs1-thread000,000927.txt,maximum,C++ native,AFC2,501907,149934,3.34752,70.1271,True,True,822.4334,2.7662
govdocs1-thread000,000928.txt,fast,C++ native,AFC2,262808,108315,2.426331,58.7855,True,True,31.1959,1.8695
govdocs1-thread000,000928.txt,balanced,C++ native,AFC2,262808,92926,2.828143,64.6411,True,True,205.2344,1.7634
govdocs1-thread000,000928.txt,maximum,C++ native,AFC2,262808,92501,2.841137,64.8028,True,True,467.4463,1.8612
govdocs1-thread000,000929.txt,fast,C++ native,AFC2,356264,133607,2.666507,62.4978,True,True,36.3854,2.0108
govdocs1-thread000,000929.txt,balanced,C++ native,AFC2,356264,106359,3.349637,70.146,True,True,297.0385,1.5847
govdocs1-thread000,000929.txt,maximum,C++ native,AFC2,356264,104972,3.393896,70.5353,True,True,573.4768,1.7782
govdocs1-thread000,000930.txt,fast,C++ native,AFC2,422950,128788,3.284079,69.5501,True,True,33.6904,2.0038
govdocs1-thread000,000930.txt,balanced,C++ native,AFC2,422950,116650,3.625804,72.4199,True,True,258.5853,2.2625
govdocs1-thread000,000930.txt,maximum,C++ native,AFC2,422950,115864,3.6504,72.6057,True,True,628.0071,2.1703
govdocs1-thread000,000931.txt,fast,C++ native,AFC2,836423,286105,2.923483,65.7942,True,True,71.8238,4.6296
govdocs1-thread000,000931.txt,balanced,C++ native,AFC2,836423,245326,3.409435,70.6696,True,True,488.4308,4.03
govdocs1-thread000,000931.txt,maximum,C++ native,AFC2,836423,242005,3.456222,71.0667,True,True,1167.6568,3.7294
govdocs1-thread000,000932.txt,fast,C++ native,AFC2,913990,300062,3.046004,67.1701,True,True,72.0664,4.7355
govdocs1-thread000,000932.txt,balanced,C++ native,AFC2,913990,253456,3.606109,72.2693,True,True,533.3169,4.5476
govdocs1-thread000,000932.txt,maximum,C++ native,AFC2,913990,249726,3.659971,72.6774,True,True,1175.8642,5.1938
govdocs1-thread000,000933.txt,fast,C++ native,AFC2,1640607,609848,2.69019,62.8279,True,True,196.8998,11.5454
govdocs1-thread000,000933.txt,balanced,C++ native,AFC2,1640607,542948,3.021665,66.9057,True,True,1165.8294,10.548
govdocs1-thread000,000933.txt,maximum,C++ native,AFC2,1640607,542527,3.02401,66.9313,True,True,2424.133,10.3696
govdocs1-thread000,000934.txt,fast,C++ native,AFC2,1165752,492650,2.366288,57.7397,True,True,158.5643,7.8507
govdocs1-thread000,000934.txt,balanced,C++ native,AFC2,1165752,450881,2.585498,61.3227,True,True,985.3211,8.5581
govdocs1-thread000,000934.txt,maximum,C++ native,AFC2,1165752,448691,2.598118,61.5106,True,True,2086.7444,7.5477
govdocs1-thread000,000935.txt,fast,C++ native,AFC2,126412,59981,2.107534,52.5512,True,True,18.6889,0.8533
govdocs1-thread000,000935.txt,balanced,C++ native,AFC2,126412,57307,2.205874,54.6665,True,True,95.6969,1.0889
govdocs1-thread000,000935.txt,maximum,C++ native,AFC2,126412,57307,2.205874,54.6665,True,True,204.6737,0.8164
govdocs1-thread000,000936.txt,fast,C++ native,AFC2,282052,67716,4.165219,75.9917,True,True,14.2815,0.7628
govdocs1-thread000,000936.txt,balanced,C++ native,AFC2,282052,53234,5.298343,81.1262,True,True,135.6079,1.1744
govdocs1-thread000,000936.txt,maximum,C++ native,AFC2,282052,53234,5.298343,81.1262,True,True,322.7099,1.111
govdocs1-thread000,000937.txt,fast,C++ native,AFC2,300289,112779,2.662632,62.4432,True,True,30.1454,1.876
govdocs1-thread000,000937.txt,balanced,C++ native,AFC2,300289,95117,3.157049,68.3248,True,True,226.3647,1.938
govdocs1-thread000,000937.txt,maximum,C++ native,AFC2,300289,93499,3.211681,68.8637,True,True,475.4207,1.9515
govdocs1-thread000,000938.txt,fast,C++ native,AFC2,29393421,11844775,2.481552,59.7026,True,True,3075.6567,209.5846
govdocs1-thread000,000938.txt,balanced,C++ native,AFC2,29393421,11548107,2.545302,60.7119,True,True,18956.2462,226.3957
govdocs1-thread000,000938.txt,maximum,C++ native,AFC2,29393421,11343966,2.591106,61.4064,True,True,37396.803,216.4458
govdocs1-thread000,000939.txt,fast,C++ native,AFC2,119678,56521,2.117408,52.7724,True,True,20.7317,1.0394
govdocs1-thread000,000939.txt,balanced,C++ native,AFC2,119678,53252,2.24739,55.5039,True,True,113.5857,1.0046
govdocs1-thread000,000939.txt,maximum,C++ native,AFC2,119678,53251,2.247432,55.5048,True,True,213.0468,0.9338
govdocs1-thread000,000940.txt,fast,C++ native,AFC2,167487,74402,2.251109,55.5774,True,True,21.8406,1.2828
govdocs1-thread000,000940.txt,balanced,C++ native,AFC2,167487,62130,2.695751,62.9046,True,True,164.1977,1.2744
govdocs1-thread000,000940.txt,maximum,C++ native,AFC2,167487,61769,2.711506,63.1201,True,True,317.1454,1.1616
govdocs1-thread000,000941.txt,fast,C++ native,AFC2,437315,183239,2.386583,58.0991,True,True,51.3647,2.6274
govdocs1-thread000,000941.txt,balanced,C++ native,AFC2,437315,160283,2.728393,63.3484,True,True,375.6093,2.3656
govdocs1-thread000,000941.txt,maximum,C++ native,AFC2,437315,158490,2.759259,63.7584,True,True,785.8354,2.2155
govdocs1-thread000,000942.txt,fast,C++ native,AFC2,425167,177722,2.392315,58.1995,True,True,51.4026,2.9394
govdocs1-thread000,000942.txt,balanced,C++ native,AFC2,425167,162878,2.61034,61.6908,True,True,354.7752,2.94
govdocs1-thread000,000942.txt,maximum,C++ native,AFC2,425167,162878,2.61034,61.6908,True,True,828.1828,3.1151
govdocs1-thread000,000943.pdf,fast,C++ native,AFC2,51770,39647,1.305773,23.417,True,True,16.4117,0.5576
govdocs1-thread000,000943.pdf,balanced,C++ native,AFC2,51770,39116,1.323499,24.4427,True,True,75.096,0.463
govdocs1-thread000,000943.pdf,maximum,C++ native,AFC2,51770,39116,1.323499,24.4427,True,True,155.2679,0.4983
govdocs1-thread000,000944.doc,fast,C++ native,AFC2,571904,305962,1.869199,46.5012,True,True,53.6816,3.344
govdocs1-thread000,000944.doc,balanced,C++ native,AFC2,571904,279616,2.045319,51.1079,True,True,397.9786,3.1913
govdocs1-thread000,000944.doc,maximum,C++ native,AFC2,571904,276164,2.070885,51.7115,True,True,922.4053,3.592
govdocs1-thread000,000945.pdf,fast,C++ native,AFC3,29269,23321,1.255049,20.3218,True,True,101.405,0.1873
govdocs1-thread000,000945.pdf,balanced,C++ native,AFC3,29269,22427,1.305079,23.3763,True,True,163.8111,0.2382
govdocs1-thread000,000945.pdf,maximum,C++ native,AFC3,29269,22281,1.31363,23.8751,True,True,266.8658,0.2708
govdocs1-thread000,000946.doc,fast,C++ native,AFC2,31232,10555,2.958977,66.2045,True,True,5.3629,0.2822
govdocs1-thread000,000946.doc,balanced,C++ native,AFC2,31232,9608,3.250624,69.2367,True,True,47.1747,0.266
govdocs1-thread000,000946.doc,maximum,C++ native,AFC2,31232,9608,3.250624,69.2367,True,True,90.1991,0.2683
govdocs1-thread000,000947.html,fast,C++ native,AFC2,308,294,1.047619,4.5455,True,True,0.4372,0.0155
govdocs1-thread000,000947.html,balanced,C++ native,AFC2,308,294,1.047619,4.5455,True,True,2.9875,0.0357
govdocs1-thread000,000947.html,maximum,C++ native,AFC2,308,294,1.047619,4.5455,True,True,4.4773,0.0301
govdocs1-thread000,000948.doc,fast,C++ native,AFC2,62976,41743,1.50866,33.716,True,True,12.672,0.4724
govdocs1-thread000,000948.doc,balanced,C++ native,AFC2,62976,38845,1.621213,38.3178,True,True,91.9324,0.5292
govdocs1-thread000,000948.doc,maximum,C++ native,AFC2,62976,38845,1.621213,38.3178,True,True,206.1149,0.7166
govdocs1-thread000,000949.doc,fast,C++ native,AFC2,69120,32233,2.144386,53.3666,True,True,10.0615,0.5369
govdocs1-thread000,000949.doc,balanced,C++ native,AFC2,69120,28375,2.435947,58.9482,True,True,62.0271,0.4995
govdocs1-thread000,000949.doc,maximum,C++ native,AFC2,69120,27855,2.481422,59.7005,True,True,104.7521,0.4645
govdocs1-thread000,000950.doc,fast,C++ native,AFC2,171520,79651,2.153394,53.5617,True,True,16.6318,0.915
govdocs1-thread000,000950.doc,balanced,C++ native,AFC2,171520,72313,2.371911,57.8399,True,True,144.5389,1.1339
govdocs1-thread000,000950.doc,maximum,C++ native,AFC2,171520,71621,2.394828,58.2434,True,True,309.5727,1.1583
govdocs1-thread000,000951.html,fast,C++ native,AFC2,308,294,1.047619,4.5455,True,True,0.4513,0.0252
govdocs1-thread000,000951.html,balanced,C++ native,AFC2,308,294,1.047619,4.5455,True,True,2.9848,0.0395
govdocs1-thread000,000951.html,maximum,C++ native,AFC2,308,294,1.047619,4.5455,True,True,5.8796,0.0869
govdocs1-thread000,000952.doc,fast,C++ native,AFC2,247296,89202,2.772315,63.9291,True,True,23.045,1.8408
govdocs1-thread000,000952.doc,balanced,C++ native,AFC2,247296,71997,3.43481,70.8863,True,True,123.137,1.0999
govdocs1-thread000,000952.doc,maximum,C++ native,AFC2,247296,69029,3.582494,72.0865,True,True,297.9783,1.0785
govdocs1-thread000,000953.doc,fast,C++ native,AFC2,101376,51840,1.955556,48.8636,True,True,11.8344,0.6921
govdocs1-thread000,000953.doc,balanced,C++ native,AFC2,101376,47280,2.144162,53.3617,True,True,77.6802,0.692
govdocs1-thread000,000953.doc,maximum,C++ native,AFC2,101376,47140,2.15053,53.4998,True,True,149.9613,0.61
govdocs1-thread000,000954.pdf,fast,C++ native,AFC3,69431,57624,1.204897,17.0054,True,True,222.0911,0.3176
govdocs1-thread000,000954.pdf,balanced,C++ native,AFC3,69431,55528,1.250378,20.0242,True,True,298.339,0.319
govdocs1-thread000,000954.pdf,maximum,C++ native,AFC3,69431,55487,1.251302,20.0832,True,True,425.4465,0.3518
govdocs1-thread000,000955.pdf,fast,C++ native,AFC2,193435,105637,1.831129,45.3889,True,True,208.6789,1.6588
govdocs1-thread000,000955.pdf,balanced,C++ native,AFC2,193435,97414,1.9857,49.6399,True,True,431.7405,1.5652
govdocs1-thread000,000955.pdf,maximum,C++ native,AFC2,193435,96489,2.004736,50.1181,True,True,769.6124,1.4856
govdocs1-thread000,000956.pdf,fast,C++ native,AFC3,277775,207438,1.339075,25.3216,True,True,1631.4668,0.9906
govdocs1-thread000,000956.pdf,balanced,C++ native,AFC3,277775,200771,1.383541,27.7217,True,True,2296.7646,0.7722
govdocs1-thread000,000956.pdf,maximum,C++ native,AFC3,277775,200771,1.383541,27.7217,True,True,3156.108,0.8044
govdocs1-thread000,000957.doc,fast,C++ native,AFC2,46592,20037,2.325298,56.9948,True,True,8.1935,0.3863
govdocs1-thread000,000957.doc,balanced,C++ native,AFC2,46592,17115,2.72229,63.2662,True,True,75.0757,0.3723
govdocs1-thread000,000957.doc,maximum,C++ native,AFC2,46592,17057,2.731547,63.3907,True,True,137.5567,0.3972
govdocs1-thread000,000958.doc,fast,C++ native,AFC2,652800,524337,1.245001,19.6788,True,True,106.5984,4.8248
govdocs1-thread000,000958.doc,balanced,C++ native,AFC2,652800,509848,1.280382,21.8983,True,True,586.4548,4.9489
govdocs1-thread000,000958.doc,maximum,C++ native,AFC2,652800,508494,1.283791,22.1057,True,True,1258.0597,4.9166
govdocs1-thread000,000959.xls,fast,C++ native,AFC2,31744,8208,3.867446,74.1431,True,True,5.4784,0.2022
govdocs1-thread000,000959.xls,balanced,C++ native,AFC2,31744,7455,4.258082,76.5152,True,True,40.2278,0.1775
govdocs1-thread000,000959.xls,maximum,C++ native,AFC2,31744,7387,4.297279,76.7295,True,True,75.1652,0.1543
govdocs1-thread000,000960.doc,fast,C++ native,AFC2,78336,30457,2.57202,61.12,True,True,8.0076,0.4094
govdocs1-thread000,000960.doc,balanced,C++ native,AFC2,78336,26745,2.928996,65.8586,True,True,54.7909,0.478
govdocs1-thread000,000960.doc,maximum,C++ native,AFC2,78336,26745,2.928996,65.8586,True,True,145.8764,0.452
govdocs1-thread000,000961.doc,fast,C++ native,AFC2,1376768,668746,2.058731,51.4264,True,True,103.8254,5.5691
govdocs1-thread000,000961.doc,balanced,C++ native,AFC2,1376768,591822,2.326321,57.0137,True,True,790.0514,5.5954
govdocs1-thread000,000961.doc,maximum,C++ native,AFC2,1376768,579144,2.377246,57.9345,True,True,1594.1022,5.2735
govdocs1-thread000,000962.jpg,fast,C++ native,AFC1,209546,209554,0.999962,-0.0038,True,True,41.9098,0.0511
govdocs1-thread000,000962.jpg,balanced,C++ native,AFC2,209546,209332,1.001022,0.1021,True,True,216.6507,2.0353
govdocs1-thread000,000962.jpg,maximum,C++ native,AFC2,209546,209332,1.001022,0.1021,True,True,358.7184,2.0039
govdocs1-thread000,000963.doc,fast,C++ native,AFC2,113152,34597,3.270573,69.4243,True,True,10.0374,0.6486
govdocs1-thread000,000963.doc,balanced,C++ native,AFC2,113152,24419,4.633769,78.4193,True,True,63.3342,0.5113
govdocs1-thread000,000963.doc,maximum,C++ native,AFC2,113152,24036,4.707605,78.7578,True,True,121.4628,0.6336
govdocs1-thread000,000964.doc,fast,C++ native,AFC2,424448,134181,3.16325,68.3869,True,True,31.1939,1.8334
govdocs1-thread000,000964.doc,balanced,C++ native,AFC2,424448,106736,3.976615,74.853,True,True,251.248,1.9196
govdocs1-thread000,000964.doc,maximum,C++ native,AFC2,424448,104962,4.043825,75.2709,True,True,500.8292,1.7452
govdocs1-thread000,000965.doc,fast,C++ native,AFC2,238080,163978,1.451902,31.1248,True,True,33.6063,1.7043
govdocs1-thread000,000965.doc,balanced,C++ native,AFC2,238080,155151,1.534505,34.8324,True,True,207.871,1.6642
govdocs1-thread000,000965.doc,maximum,C++ native,AFC2,238080,154539,1.540582,35.0895,True,True,430.2792,1.37
govdocs1-thread000,000966.doc,fast,C++ native,AFC2,1344000,1094120,1.228384,18.5923,True,True,138.7566,7.785
govdocs1-thread000,000966.doc,balanced,C++ native,AFC2,1344000,1055001,1.273932,21.5029,True,True,1065.7463,10.5076
govdocs1-thread000,000966.doc,maximum,C++ native,AFC2,1344000,1047824,1.282658,22.0369,True,True,2227.5033,9.4961
govdocs1-thread000,000967.doc,fast,C++ native,AFC2,48128,21708,2.217063,54.8953,True,True,8.3098,0.3597
govdocs1-thread000,000967.doc,balanced,C++ native,AFC2,48128,18536,2.596461,61.486,True,True,67.4695,0.4308
govdocs1-thread000,000967.doc,maximum,C++ native,AFC2,48128,18490,2.60292,61.5816,True,True,153.4416,0.4363
govdocs1-thread000,000968.jpg,fast,C++ native,AFC1,12253,12260,0.999429,-0.0571,True,True,3.8596,0.0166
govdocs1-thread000,000968.jpg,balanced,C++ native,AFC1,12253,12260,0.999429,-0.0571,True,True,17.7664,0.0308
govdocs1-thread000,000968.jpg,maximum,C++ native,AFC1,12253,12260,0.999429,-0.0571,True,True,30.3402,0.0332
govdocs1-thread000,000969.jpg,fast,C++ native,AFC1,1710,1717,0.995923,-0.4094,True,True,1.0829,0.0086
govdocs1-thread000,000969.jpg,balanced,C++ native,AFC1,1710,1717,0.995923,-0.4094,True,True,7.7883,0.0406
govdocs1-thread000,000969.jpg,maximum,C++ native,AFC1,1710,1717,0.995923,-0.4094,True,True,17.2475,0.0322
govdocs1-thread000,000970.doc,fast,C++ native,AFC2,43520,16095,2.703945,63.017,True,True,7.2928,0.3225
govdocs1-thread000,000970.doc,balanced,C++ native,AFC2,43520,14323,3.03847,67.0887,True,True,68.2375,0.3175
govdocs1-thread000,000970.doc,maximum,C++ native,AFC2,43520,14230,3.058327,67.3024,True,True,126.6899,0.3271
govdocs1-thread000,000971.doc,fast,C++ native,AFC2,73216,21866,3.348395,70.1349,True,True,7.4548,0.4069
govdocs1-thread000,000971.doc,balanced,C++ native,AFC2,73216,15654,4.677143,78.6194,True,True,47.9706,0.4286
govdocs1-thread000,000971.doc,maximum,C++ native,AFC2,73216,14670,4.990866,79.9634,True,True,80.1331,0.3384
govdocs1-thread000,000972.gif,fast,C++ native,AFC1,24614,24622,0.999675,-0.0325,True,True,6.1148,0.0178
govdocs1-thread000,000972.gif,balanced,C++ native,AFC1,24614,24622,0.999675,-0.0325,True,True,34.7765,0.0374
govdocs1-thread000,000972.gif,maximum,C++ native,AFC1,24614,24622,0.999675,-0.0325,True,True,53.5219,0.0454
govdocs1-thread000,000973.doc,fast,C++ native,AFC2,428032,164373,2.604029,61.598,True,True,38.4076,2.1307
govdocs1-thread000,000973.doc,balanced,C++ native,AFC2,428032,139845,3.06076,67.3284,True,True,278.2495,2.2676
govdocs1-thread000,000973.doc,maximum,C++ native,AFC2,428032,135275,3.164162,68.3961,True,True,661.1493,2.2178
govdocs1-thread000,000974.doc,fast,C++ native,AFC2,285184,153147,1.862159,46.2989,True,True,30.6191,2.054
govdocs1-thread000,000974.doc,balanced,C++ native,AFC2,285184,137947,2.067345,51.6288,True,True,241.3866,2.0558
govdocs1-thread000,000974.doc,maximum,C++ native,AFC2,285184,136155,2.094554,52.2571,True,True,525.8934,1.7483
govdocs1-thread000,000975.xml,fast,C++ native,AFC2,33479,13986,2.393751,58.2246,True,True,6.8446,0.2185
govdocs1-thread000,000975.xml,balanced,C++ native,AFC2,33479,11622,2.880657,65.2857,True,True,55.4893,0.2964
govdocs1-thread000,000975.xml,maximum,C++ native,AFC2,33479,11622,2.880657,65.2857,True,True,155.0864,0.2421
govdocs1-thread000,000976.doc,fast,C++ native,AFC2,129536,51758,2.502724,60.0435,True,True,11.066,0.6514
govdocs1-thread000,000976.doc,balanced,C++ native,AFC2,129536,44805,2.891106,65.4112,True,True,86.6901,0.8487
govdocs1-thread000,000976.doc,maximum,C++ native,AFC2,129536,44182,2.931873,65.8921,True,True,198.4671,0.7743
govdocs1-thread000,000977.doc,fast,C++ native,AFC2,38400,10771,3.565129,71.9505,True,True,5.7979,0.1802
govdocs1-thread000,000977.doc,balanced,C++ native,AFC2,38400,9087,4.225817,76.3359,True,True,46.2036,0.2542
govdocs1-thread000,000977.doc,maximum,C++ native,AFC2,38400,9087,4.225817,76.3359,True,True,94.5864,0.2604
govdocs1-thread000,000978.xml,fast,C++ native,AFC2,156498,50905,3.074315,67.4724,True,True,11.7363,0.6844
govdocs1-thread000,000978.xml,balanced,C++ native,AFC2,156498,38853,4.027952,75.1735,True,True,106.8038,0.6629
govdocs1-thread000,000978.xml,maximum,C++ native,AFC2,156498,38853,4.027952,75.1735,True,True,227.4909,0.8679
govdocs1-thread000,000979.doc,fast,C++ native,AFC2,1795072,1664583,1.078391,7.2693,True,True,284.2264,14.2651
govdocs1-thread000,000979.doc,balanced,C++ native,AFC2,1795072,1645606,1.090827,8.3265,True,True,1315.8681,13.9809
govdocs1-thread000,000979.doc,maximum,C++ native,AFC2,1795072,1641903,1.093287,8.5327,True,True,2877.8979,15.0173
govdocs1-thread000,000980.ps,fast,C++ native,AFC2,6327212,2012277,3.144305,68.1965,True,True,250.4319,22.603
govdocs1-thread000,000980.ps,balanced,C++ native,AFC2,6327212,1692988,3.737305,73.2427,True,True,1738.1601,18.5017
govdocs1-thread000,000980.ps,maximum,C++ native,AFC2,6327212,1657012,3.818447,73.8113,True,True,4099.7837,17.9225
govdocs1-thread000,000981.doc,fast,C++ native,AFC2,33280,10714,3.106216,67.8065,True,True,5.405,0.205
govdocs1-thread000,000981.doc,balanced,C++ native,AFC2,33280,9841,3.38177,70.4297,True,True,49.153,0.198
govdocs1-thread000,000981.doc,maximum,C++ native,AFC2,33280,9841,3.38177,70.4297,True,True,81.3484,0.2011
govdocs1-thread000,000982.ppt,fast,C++ native,AFC2,1104384,934211,1.182157,15.4089,True,True,214.5923,10.9323
govdocs1-thread000,000982.ppt,balanced,C++ native,AFC2,1104384,917226,1.204048,16.9468,True,True,1050.1553,10.1637
govdocs1-thread000,000982.ppt,maximum,C++ native,AFC2,1104384,915134,1.2068,17.1362,True,True,2287.5127,10.7319
govdocs1-thread000,000983.ppt,fast,C++ native,AFC2,92160,45487,2.026073,50.6434,True,True,10.9647,0.6122
govdocs1-thread000,000983.ppt,balanced,C++ native,AFC2,92160,38221,2.41124,58.5276,True,True,73.1579,0.5873
govdocs1-thread000,000983.ppt,maximum,C++ native,AFC2,92160,37389,2.464896,59.4303,True,True,139.5961,0.5838
govdocs1-thread000,000984.ppt,fast,C++ native,AFC2,923136,794014,1.162619,13.9873,True,True,138.5119,6.6771
govdocs1-thread000,000984.ppt,balanced,C++ native,AFC2,923136,780296,1.183059,15.4733,True,True,822.926,7.0718
govdocs1-thread000,000984.ppt,maximum,C++ native,AFC2,923136,777810,1.18684,15.7426,True,True,1574.3944,7.7899
govdocs1-thread000,000985.ppt,fast,C++ native,AFC2,1238016,896978,1.380208,27.5471,True,True,149.7479,7.9447
govdocs1-thread000,000985.ppt,balanced,C++ native,AFC2,1238016,858542,1.441998,30.6518,True,True,910.3042,8.1035
govdocs1-thread000,000985.ppt,maximum,C++ native,AFC2,1238016,855809,1.446603,30.8725,True,True,1894.4365,8.3
govdocs1-thread000,000986.ppt,fast,C++ native,AFC2,275456,241954,1.138464,12.1624,True,True,49.5839,2.2409
govdocs1-thread000,000986.ppt,balanced,C++ native,AFC2,275456,236368,1.165369,14.1903,True,True,258.9697,2.4141
govdocs1-thread000,000986.ppt,maximum,C++ native,AFC2,275456,235775,1.1683,14.4056,True,True,545.4036,2.5167
govdocs1-thread000,000987.ppt,fast,C++ native,AFC2,1231360,1182972,1.040904,3.9296,True,True,193.8435,9.7602
govdocs1-thread000,000987.ppt,balanced,C++ native,AFC2,1231360,1175217,1.047772,4.5594,True,True,1015.1566,9.2149
govdocs1-thread000,000987.ppt,maximum,C++ native,AFC2,1231360,1174736,1.048201,4.5985,True,True,1997.9471,9.8653
govdocs1-thread000,000988.ppt,fast,C++ native,AFC2,130560,95555,1.366334,26.8114,True,True,23.3163,0.9534
govdocs1-thread000,000988.ppt,balanced,C++ native,AFC2,130560,91685,1.424006,29.7756,True,True,123.5423,1.2843
govdocs1-thread000,000988.ppt,maximum,C++ native,AFC2,130560,91310,1.429854,30.0628,True,True,255.9563,0.9849
govdocs1-thread000,000989.ppt,fast,C++ native,AFC2,358400,280284,1.278703,21.7958,True,True,55.8202,2.7412
govdocs1-thread000,000989.ppt,balanced,C++ native,AFC2,358400,271916,1.318054,24.1306,True,True,290.6861,3.5233
govdocs1-thread000,000989.ppt,maximum,C++ native,AFC2,358400,271294,1.321076,24.3041,True,True,745.7484,2.8329
govdocs1-thread000,000990.ppt,fast,C++ native,AFC2,584704,502284,1.16409,14.096,True,True,95.8132,4.4197
govdocs1-thread000,000990.ppt,balanced,C++ native,AFC2,584704,487188,1.200161,16.6778,True,True,468.4255,4.4661
govdocs1-thread000,000990.ppt,maximum,C++ native,AFC2,584704,486180,1.202649,16.8502,True,True,992.479,4.4583
govdocs1-thread000,000991.ppt,fast,C++ native,AFC2,343040,262320,1.307716,23.5308,True,True,55.0685,2.4404
govdocs1-thread000,000991.ppt,balanced,C++ native,AFC2,343040,247749,1.384627,27.7784,True,True,302.6986,2.9613
govdocs1-thread000,000991.ppt,maximum,C++ native,AFC2,343040,247386,1.386659,27.8842,True,True,609.0621,2.6319
govdocs1-thread000,000992.ppt,fast,C++ native,AFC2,70144,38172,1.837577,45.5805,True,True,10.9266,0.6638
govdocs1-thread000,000992.ppt,balanced,C++ native,AFC2,70144,34437,2.036879,50.9053,True,True,67.4719,0.5515
govdocs1-thread000,000992.ppt,maximum,C++ native,AFC2,70144,34283,2.046029,51.1248,True,True,131.8442,0.5745
govdocs1-thread000,000993.ppt,fast,C++ native,AFC2,401920,156278,2.571827,61.1171,True,True,35.5969,2.3246
govdocs1-thread000,000993.ppt,balanced,C++ native,AFC2,401920,131364,3.05959,67.3159,True,True,246.1061,2.2101
govdocs1-thread000,000993.ppt,maximum,C++ native,AFC2,401920,126788,3.170016,68.4544,True,True,570.8119,2.1431
govdocs1-thread000,000994.ppt,fast,C++ native,AFC2,1641984,1411208,1.163531,14.0547,True,True,224.1671,11.883
govdocs1-thread000,000994.ppt,balanced,C++ native,AFC2,1641984,1364488,1.20337,16.9,True,True,1188.6814,12.2442
govdocs1-thread000,000994.ppt,maximum,C++ native,AFC2,1641984,1335736,1.229273,18.6511,True,True,2682.6281,12.2967
govdocs1-thread000,000995.ppt,fast,C++ native,AFC2,116736,38743,3.013086,66.8114,True,True,11.3364,0.8473
govdocs1-thread000,000995.ppt,balanced,C++ native,AFC2,116736,29557,3.949521,74.6805,True,True,80.4584,0.6373
govdocs1-thread000,000995.ppt,maximum,C++ native,AFC2,116736,27214,4.289557,76.6876,True,True,130.2093,0.668
govdocs1-thread000,000996.ps,fast,C++ native,AFC2,1062610,705208,1.506804,33.6344,True,True,173.2193,8.7987
govdocs1-thread000,000996.ps,balanced,C++ native,AFC2,1062610,670870,1.583928,36.8658,True,True,864.5185,9.3805
govdocs1-thread000,000996.ps,maximum,C++ native,AFC2,1062610,668136,1.59041,37.1231,True,True,1760.9465,9.3744
govdocs1-thread000,000997.ppt,fast,C++ native,AFC2,62976,32268,1.951655,48.7614,True,True,10.2217,0.3736
govdocs1-thread000,000997.ppt,balanced,C++ native,AFC2,62976,30235,2.082884,51.9896,True,True,93.1636,0.64
govdocs1-thread000,000997.ppt,maximum,C++ native,AFC2,62976,30212,2.08447,52.0262,True,True,173.7089,0.5694
govdocs1-thread000,000998.ppt,fast,C++ native,AFC2,453632,417055,1.087703,8.0631,True,True,88.0313,3.1847
govdocs1-thread000,000998.ppt,balanced,C++ native,AFC2,453632,412482,1.099762,9.0712,True,True,475.0321,4.186
govdocs1-thread000,000998.ppt,maximum,C++ native,AFC2,453632,411761,1.101688,9.2302,True,True,975.3035,4.1088
govdocs1-thread000,000999.ppt,fast,C++ native,AFC2,430592,298972,1.440242,30.5672,True,True,59.9058,2.8877
govdocs1-thread000,000999.ppt,balanced,C++ native,AFC2,430592,279595,1.540056,35.0673,True,True,377.5904,2.869
govdocs1-thread000,000999.ppt,maximum,C++ native,AFC2,430592,276554,1.556991,35.7735,True,True,727.1477,3.6311
govdocs1-thread000,ziUrAJ8W,fast,C++ native,AFC1,131010734,131010743,1.0,-0.0,True,True,17243.9446,147.9951
govdocs1-thread000,ziUrAJ8W,balanced,C++ native,AFC1,131010734,131010743,1.0,-0.0,True,True,116934.2477,454.6769
govdocs1-thread000,ziUrAJ8W,maximum,C++ native,AFC1,131010734,131010743,1.0,-0.0,True,True,252649.2424,941.0541
