corpus,file,preset,backend,container,original_bytes,compressed_bytes,ratio,saved_percent,byte_equal,sha256_equal,compression_ms,decompression_ms
govdocs1-thread000,000000.swf,fast,C++ native,AFC2,80468,76733,1.048675,4.6416,True,True,32.7816,0.6521
govdocs1-thread000,000000.swf,balanced,C++ native,AFC2,80468,76021,1.058497,5.5264,True,True,69.6198,0.6466
govdocs1-thread000,000000.swf,maximum,C++ native,AFC2,80468,76021,1.058497,5.5264,True,True,82.5898,0.615
govdocs1-thread000,000001.doc,fast,C++ native,AFC2,40960,12518,3.272088,69.4385,True,True,10.0708,0.3281
govdocs1-thread000,000001.doc,balanced,C++ native,AFC2,40960,11902,3.441438,70.9424,True,True,28.6417,0.2937
govdocs1-thread000,000001.doc,maximum,C++ native,AFC2,40960,11902,3.441438,70.9424,True,True,57.9085,0.2743
govdocs1-thread000,000002.doc,fast,C++ native,AFC2,57856,35987,1.607692,37.799,True,True,14.2157,0.3708
govdocs1-thread000,000002.doc,balanced,C++ native,AFC2,57856,34569,1.673638,40.2499,True,True,43.252,0.3656
govdocs1-thread000,000002.doc,maximum,C++ native,AFC2,57856,34525,1.675771,40.326,True,True,81.5891,0.3697
govdocs1-thread000,000003.doc,fast,C++ native,AFC2,55808,34899,1.599129,37.466,True,True,14.4327,0.3564
govdocs1-thread000,000003.doc,balanced,C++ native,AFC2,55808,33612,1.660359,39.7721,True,True,42.0751,0.3565
govdocs1-thread000,000003.doc,maximum,C++ native,AFC2,55808,33494,1.666209,39.9835,True,True,87.9576,0.3328
govdocs1-thread000,000004.doc,fast,C++ native,AFC2,175616,111746,1.571564,36.3691,True,True,31.915,1.0724
govdocs1-thread000,000004.doc,balanced,C++ native,AFC2,175616,108183,1.623323,38.398,True,True,90.4229,1.0348
govdocs1-thread000,000004.doc,maximum,C++ native,AFC2,175616,107893,1.627687,38.5631,True,True,169.2745,1.1545
govdocs1-thread000,000005.doc,fast,C++ native,AFC2,180736,142869,1.265047,20.9516,True,True,39.9765,1.3322
govdocs1-thread000,000005.doc,balanced,C++ native,AFC2,180736,139936,1.291562,22.5744,True,True,96.4466,1.2265
govdocs1-thread000,000005.doc,maximum,C++ native,AFC2,180736,139162,1.298745,23.0026,True,True,187.3126,1.3147
govdocs1-thread000,000006.doc,fast,C++ native,AFC2,67584,23295,2.901223,65.5318,True,True,11.97,0.4844
govdocs1-thread000,000006.doc,balanced,C++ native,AFC2,67584,20853,3.240973,69.1451,True,True,34.2536,0.5114
govdocs1-thread000,000006.doc,maximum,C++ native,AFC2,67584,20853,3.240973,69.1451,True,True,66.3165,0.5318
govdocs1-thread000,000007.doc,fast,C++ native,AFC2,179200,46446,3.858244,74.0815,True,True,17.8089,0.6728
govdocs1-thread000,000007.doc,balanced,C++ native,AFC2,179200,40833,4.388607,77.2137,True,True,46.1587,0.7886
govdocs1-thread000,000007.doc,maximum,C++ native,AFC2,179200,39676,4.516584,77.8594,True,True,89.1223,0.6267
govdocs1-thread000,000008.ppt,fast,C++ native,AFC2,304640,217809,1.398657,28.5028,True,True,57.6435,1.8563
govdocs1-thread000,000008.ppt,balanced,C++ native,AFC2,304640,214612,1.419492,29.5523,True,True,156.2732,1.822
govdocs1-thread000,000008.ppt,maximum,C++ native,AFC2,304640,211129,1.442909,30.6956,True,True,320.0611,1.7476
govdocs1-thread000,000009.pdf,fast,C++ native,AFC3,39586,34797,1.137627,12.0977,True,True,240.3765,0.249
govdocs1-thread000,000009.pdf,balanced,C++ native,AFC3,39586,34011,1.163918,14.0833,True,True,321.6582,0.1727
govdocs1-thread000,000009.pdf,maximum,C++ native,AFC3,39586,33969,1.165357,14.1894,True,True,445.5534,0.2141
govdocs1-thread000,000010.pdf,fast,C++ native,AFC3,120441,115820,1.039898,3.8367,True,True,744.144,0.2483
govdocs1-thread000,000010.pdf,balanced,C++ native,AFC3,120441,115285,1.044724,4.2809,True,True,850.0424,0.3167
govdocs1-thread000,000010.pdf,maximum,C++ native,AFC3,120441,115285,1.044724,4.2809,True,True,1856.2656,0.3407
govdocs1-thread000,000011.pdf,fast,C++ native,AFC3,31367,23106,1.357526,26.3366,True,True,237.2328,0.3358
govdocs1-thread000,000011.pdf,balanced,C++ native,AFC3,31367,22215,1.411974,29.1772,True,True,411.2593,0.3182
govdocs1-thread000,000011.pdf,maximum,C++ native,AFC3,31367,22194,1.41331,29.2441,True,True,628.3302,0.348
govdocs1-thread000,000012.pdf,fast,C++ native,AFC3,22857,18080,1.264215,20.8995,True,True,182.17,0.2845
govdocs1-thread000,000012.pdf,balanced,C++ native,AFC3,22857,17615,1.297587,22.9339,True,True,227.2889,0.1951
govdocs1-thread000,000012.pdf,maximum,C++ native,AFC3,22857,17615,1.297587,22.9339,True,True,370.9088,0.2479
govdocs1-thread000,000013.pdf,fast,C++ native,AFC3,38638,34999,1.103974,9.4182,True,True,225.2414,0.2999
govdocs1-thread000,000013.pdf,balanced,C++ native,AFC3,38638,34505,1.11978,10.6967,True,True,478.01,0.1969
govdocs1-thread000,000013.pdf,maximum,C++ native,AFC3,38638,34505,1.11978,10.6967,True,True,809.2976,0.2918
govdocs1-thread000,000014.html,fast,C++ native,AFC2,38053,14345,2.652701,62.3026,True,True,22.5779,1.1826
govdocs1-thread000,000014.html,balanced,C++ native,AFC2,38053,12624,3.014338,66.8252,True,True,89.3577,0.3581
govdocs1-thread000,000014.html,maximum,C++ native,AFC2,38053,12624,3.014338,66.8252,True,True,223.3896,0.357
govdocs1-thread000,000015.pdf,fast,C++ native,AFC3,55964,49324,1.13462,11.8648,True,True,317.0275,0.3562
govdocs1-thread000,000015.pdf,balanced,C++ native,AFC3,55964,48238,1.160164,13.8053,True,True,602.9114,0.3092
govdocs1-thread000,000015.pdf,maximum,C++ native,AFC3,55964,48238,1.160164,13.8053,True,True,1277.2688,0.3566
govdocs1-thread000,000016.pdf,fast,C++ native,AFC3,150586,144818,1.039829,3.8304,True,True,1683.0611,0.4826
govdocs1-thread000,000016.pdf,balanced,C++ native,AFC3,150586,143916,1.046346,4.4294,True,True,1812.2574,0.403
govdocs1-thread000,000016.pdf,maximum,C++ native,AFC3,150586,143871,1.046674,4.4592,True,True,2242.1674,0.4294
govdocs1-thread000,000017.swf,fast,C++ native,AFC1,7690,7697,0.999091,-0.091,True,True,5.674,0.0288
govdocs1-thread000,000017.swf,balanced,C++ native,AFC1,7690,7697,0.999091,-0.091,True,True,21.474,0.0403
govdocs1-thread000,000017.swf,maximum,C++ native,AFC1,7690,7697,0.999091,-0.091,True,True,42.631,0.0178
govdocs1-thread000,000018.pdf,fast,C++ native,AFC3,94424,60164,1.569444,36.2831,True,True,103.3708,0.7295
govdocs1-thread000,000018.pdf,balanced,C++ native,AFC3,94424,57862,1.631883,38.7211,True,True,267.6838,0.7198
govdocs1-thread000,000018.pdf,maximum,C++ native,AFC3,94424,57855,1.63208,38.7285,True,True,494.3856,0.8599
govdocs1-thread000,000019.pdf,fast,C++ native,AFC3,124152,118956,1.04368,4.1852,True,True,164.0901,0.4086
govdocs1-thread000,000019.pdf,balanced,C++ native,AFC3,124152,118543,1.047316,4.5178,True,True,205.0303,0.351
govdocs1-thread000,000019.pdf,maximum,C++ native,AFC3,124152,118343,1.049086,4.6789,True,True,242.6693,0.3646
govdocs1-thread000,000020.pdf,fast,C++ native,AFC2,4755,3550,1.339437,25.3417,True,True,39.2515,0.144
govdocs1-thread000,000020.pdf,balanced,C++ native,AFC2,4755,3412,1.393611,28.244,True,True,82.5261,0.1384
govdocs1-thread000,000020.pdf,maximum,C++ native,AFC2,4755,3412,1.393611,28.244,True,True,147.5703,0.1551
govdocs1-thread000,000021.pdf,fast,C++ native,AFC2,4521,3302,1.36917,26.9631,True,True,31.6594,0.1435
govdocs1-thread000,000021.pdf,balanced,C++ native,AFC2,4521,3153,1.433873,30.2588,True,True,74.7863,0.1001
govdocs1-thread000,000021.pdf,maximum,C++ native,AFC2,4521,3153,1.433873,30.2588,True,True,113.1514,0.1175
govdocs1-thread000,000022.pdf,fast,C++ native,AFC3,21235,17427,1.218512,17.9327,True,True,34.0878,0.1402
govdocs1-thread000,000022.pdf,balanced,C++ native,AFC3,21235,17080,1.243267,19.5668,True,True,104.5903,0.1872
govdocs1-thread000,000022.pdf,maximum,C++ native,AFC3,21235,17078,1.243413,19.5762,True,True,222.0975,0.1826
govdocs1-thread000,000024.pdf,fast,C++ native,AFC3,44121,41992,1.0507,4.8254,True,True,811.0181,0.2299
govdocs1-thread000,000024.pdf,balanced,C++ native,AFC3,44121,41566,1.061469,5.7909,True,True,1088.4523,0.2236
govdocs1-thread000,000024.pdf,maximum,C++ native,AFC3,44121,41566,1.061469,5.7909,True,True,1630.5642,0.2449
govdocs1-thread000,000025.pdf,fast,C++ native,AFC3,197832,191724,1.031858,3.0875,True,True,1767.5814,0.3153
govdocs1-thread000,000025.pdf,balanced,C++ native,AFC3,197832,190728,1.037247,3.5909,True,True,1118.7674,0.3192
govdocs1-thread000,000025.pdf,maximum,C++ native,AFC3,197832,190716,1.037312,3.597,True,True,1115.2997,0.3013
govdocs1-thread000,000026.pdf,fast,C++ native,AFC3,97475,92588,1.052782,5.0136,True,True,513.4207,0.1617
govdocs1-thread000,000026.pdf,balanced,C++ native,AFC3,97475,92341,1.055598,5.267,True,True,568.1356,0.1752
govdocs1-thread000,000026.pdf,maximum,C++ native,AFC3,97475,92186,1.057373,5.426,True,True,575.2812,0.1437
govdocs1-thread000,000027.csv,fast,C++ native,AFC2,38637,17551,2.201413,54.5746,True,True,12.1495,0.4215
govdocs1-thread000,000027.csv,balanced,C++ native,AFC2,38637,15941,2.42375,58.7416,True,True,32.2595,0.2404
govdocs1-thread000,000027.csv,maximum,C++ native,AFC2,38637,15941,2.42375,58.7416,True,True,69.3874,0.2672
govdocs1-thread000,000028.pdf,fast,C++ native,AFC3,205925,165299,1.245773,19.7285,True,True,1150.542,0.4858
govdocs1-thread000,000028.pdf,balanced,C++ native,AFC3,205925,162316,1.268667,21.1771,True,True,1299.2192,0.5148
govdocs1-thread000,000028.pdf,maximum,C++ native,AFC3,205925,161706,1.273453,21.4734,True,True,1592.6503,0.4641
govdocs1-thread000,000029.pdf,fast,C++ native,AFC3,3727214,3717317,1.002662,0.2655,True,True,127.39,4.8308
govdocs1-thread000,000029.pdf,balanced,C++ native,AFC3,3727214,3716144,1.002979,0.297,True,True,143.5451,7.2455
govdocs1-thread000,000029.pdf,maximum,C++ native,AFC3,3727214,3716099,1.002991,0.2982,True,True,166.6225,5.6759
govdocs1-thread000,000030.xls,fast,C++ native,AFC2,7883264,2352212,3.351426,70.162,True,True,286.2299,18.5479
govdocs1-thread000,000030.xls,balanced,C++ native,AFC2,7883264,2229897,3.535259,71.7135,True,True,1021.3467,16.5738
govdocs1-thread000,000030.xls,maximum,C++ native,AFC2,7883264,2197865,3.586783,72.1199,True,True,4667.3482,17.1176
govdocs1-thread000,000031.xls,fast,C++ native,AFC2,2374656,820968,2.892507,65.4279,True,True,202.1102,7.3427
govdocs1-thread000,000031.xls,balanced,C++ native,AFC2,2374656,783118,3.032309,67.0218,True,True,629.4419,7.9105
govdocs1-thread000,000031.xls,maximum,C++ native,AFC2,2374656,723477,3.282283,69.5334,True,True,1545.6366,6.4263
govdocs1-thread000,000032.xls,fast,C++ native,AFC2,28598784,8031779,3.560704,71.9157,True,True,471.1863,57.6756
govdocs1-thread000,000032.xls,balanced,C++ native,AFC2,28598784,7379042,3.875677,74.1981,True,True,4914.7894,52.3987
govdocs1-thread000,000032.xls,maximum,C++ native,AFC2,28598784,7020994,4.073324,75.45,True,True,17522.1306,45.6046
govdocs1-thread000,000033.xls,fast,C++ native,AFC2,5580288,2651483,2.104591,52.4848,True,True,272.2895,20.2838
govdocs1-thread000,000033.xls,balanced,C++ native,AFC2,5580288,2404118,2.321137,56.9177,True,True,1114.3809,18.3701
govdocs1-thread000,000033.xls,maximum,C++ native,AFC2,5580288,2079369,2.683645,62.7372,True,True,2439.046,16.5249
govdocs1-thread000,000034.xls,fast,C++ native,AFC2,14257664,5302477,2.688869,62.8096,True,True,413.3732,45.4575
govdocs1-thread000,000034.xls,balanced,C++ native,AFC2,14257664,4794741,2.973605,66.3708,True,True,1904.3704,40.2405
govdocs1-thread000,000034.xls,maximum,C++ native,AFC2,14257664,4571726,3.118661,67.935,True,True,7250.4534,39.1144
govdocs1-thread000,000035.xls,fast,C++ native,AFC2,34304,9880,3.472065,71.1987,True,True,9.8556,0.199
govdocs1-thread000,000035.xls,balanced,C++ native,AFC2,34304,9559,3.58866,72.1344,True,True,25.5937,0.2296
govdocs1-thread000,000035.xls,maximum,C++ native,AFC2,34304,9426,3.639296,72.5222,True,True,47.4291,0.2883
govdocs1-thread000,000036.xls,fast,C++ native,AFC2,81920,18008,4.549089,78.0176,True,True,11.3544,0.289
govdocs1-thread000,000036.xls,balanced,C++ native,AFC2,81920,16851,4.861433,79.4299,True,True,35.3916,0.2584
govdocs1-thread000,000036.xls,maximum,C++ native,AFC2,81920,16851,4.861433,79.4299,True,True,63.9868,0.2749
govdocs1-thread000,000037.xls,fast,C++ native,AFC2,3795968,1356233,2.798905,64.2717,True,True,246.4735,11.2631
govdocs1-thread000,000037.xls,balanced,C++ native,AFC2,3795968,1267633,2.994532,66.6058,True,True,814.1854,10.0143
govdocs1-thread000,000037.xls,maximum,C++ native,AFC2,3795968,1155279,3.285759,69.5656,True,True,1852.7268,9.8755
govdocs1-thread000,000038.xls,fast,C++ native,AFC2,71680,23047,3.110166,67.8474,True,True,10.7209,0.3564
govdocs1-thread000,000038.xls,balanced,C++ native,AFC2,71680,22045,3.251531,69.2453,True,True,28.4564,0.344
govdocs1-thread000,000038.xls,maximum,C++ native,AFC2,71680,22045,3.251531,69.2453,True,True,45.5329,0.2919
govdocs1-thread000,000039.xml,fast,C++ native,AFC2,3480,1857,1.87399,46.6379,True,True,2.6475,0.0476
govdocs1-thread000,000039.xml,balanced,C++ native,AFC2,3480,1739,2.00115,50.0287,True,True,4.3631,0.0324
govdocs1-thread000,000039.xml,maximum,C++ native,AFC2,3480,1739,2.00115,50.0287,True,True,7.728,0.0334
govdocs1-thread000,000040.xls,fast,C++ native,AFC2,52224,22262,2.345881,57.3721,True,True,13.2966,0.3051
govdocs1-thread000,000040.xls,balanced,C++ native,AFC2,52224,21559,2.422376,58.7182,True,True,35.4227,0.3022
govdocs1-thread000,000040.xls,maximum,C++ native,AFC2,52224,21547,2.423725,58.7412,True,True,71.2642,0.2797
govdocs1-thread000,000041.xls,fast,C++ native,AFC2,101376,34874,2.906922,65.5994,True,True,17.407,0.4521
govdocs1-thread000,000041.xls,balanced,C++ native,AFC2,101376,32745,3.095923,67.6995,True,True,43.0873,0.453
govdocs1-thread000,000041.xls,maximum,C++ native,AFC2,101376,32745,3.095923,67.6995,True,True,77.6514,0.4894
govdocs1-thread000,000042.xls,fast,C++ native,AFC2,92160,28708,3.210255,68.8498,True,True,14.4087,0.4908
govdocs1-thread000,000042.xls,balanced,C++ native,AFC2,92160,27315,3.37397,70.3613,True,True,37.9905,0.4195
govdocs1-thread000,000042.xls,maximum,C++ native,AFC2,92160,27315,3.37397,70.3613,True,True,55.6571,0.4134
govdocs1-thread000,000043.xls,fast,C++ native,AFC2,14646272,5489998,2.66781,62.5161,True,True,423.2647,45.7416
govdocs1-thread000,000043.xls,balanced,C++ native,AFC2,14646272,5026682,2.913706,65.6794,True,True,1788.3713,40.9327
govdocs1-thread000,000043.xls,maximum,C++ native,AFC2,14646272,4776191,3.066517,67.3897,True,True,7329.8743,40.2255
govdocs1-thread000,000044.xls,fast,C++ native,AFC2,167424,59591,2.809552,64.4071,True,True,24.016,0.9189
govdocs1-thread000,000044.xls,balanced,C++ native,AFC2,167424,55236,3.031067,67.0083,True,True,71.3314,0.8792
govdocs1-thread000,000044.xls,maximum,C++ native,AFC2,167424,54953,3.046676,67.1773,True,True,120.5651,0.8182
govdocs1-thread000,000045.xls,fast,C++ native,AFC2,2823168,1347809,2.094635,52.259,True,True,187.5583,10.481
govdocs1-thread000,000045.xls,balanced,C++ native,AFC2,2823168,1189991,2.372428,57.8491,True,True,655.4085,10.0635
govdocs1-thread000,000045.xls,maximum,C++ native,AFC2,2823168,881157,3.203933,68.7884,True,True,1531.2129,8.0692
govdocs1-thread000,000046.xls,fast,C++ native,AFC2,74240,23635,3.141104,68.1641,True,True,11.9255,0.4033
govdocs1-thread000,000046.xls,balanced,C++ native,AFC2,74240,21466,3.458492,71.0857,True,True,34.8796,0.369
govdocs1-thread000,000046.xls,maximum,C++ native,AFC2,74240,21466,3.458492,71.0857,True,True,49.9699,0.3303
govdocs1-thread000,000047.xls,fast,C++ native,AFC2,2742784,974532,2.814463,64.4692,True,True,205.5823,9.6583
govdocs1-thread000,000047.xls,balanced,C++ native,AFC2,2742784,919926,2.981527,66.4601,True,True,671.5552,9.2618
govdocs1-thread000,000047.xls,maximum,C++ native,AFC2,2742784,866759,3.164414,68.3986,True,True,1645.9773,8.806
govdocs1-thread000,000048.xls,fast,C++ native,AFC2,2856960,1038770,2.75033,63.6407,True,True,202.3835,9.8422
govdocs1-thread000,000048.xls,balanced,C++ native,AFC2,2856960,980671,2.913271,65.6743,True,True,737.4506,9.8988
govdocs1-thread000,000048.xls,maximum,C++ native,AFC2,2856960,897636,3.18276,68.5807,True,True,1681.5789,8.3411
govdocs1-thread000,000049.xls,fast,C++ native,AFC2,3138560,1182643,2.653852,62.3189,True,True,191.8495,9.567
govdocs1-thread000,000049.xls,balanced,C++ native,AFC2,3138560,1075276,2.918841,65.7398,True,True,669.4106,9.2707
govdocs1-thread000,000049.xls,maximum,C++ native,AFC2,3138560,968419,3.240911,69.1445,True,True,1617.4264,8.4077
govdocs1-thread000,000050.xls,fast,C++ native,AFC2,9473536,4051857,2.338073,57.2297,True,True,281.4123,29.4792
govdocs1-thread000,000050.xls,balanced,C++ native,AFC2,9473536,2819144,3.36043,70.2419,True,True,1074.3142,21.5157
govdocs1-thread000,000050.xls,maximum,C++ native,AFC2,9473536,2430440,3.897869,74.345,True,True,2858.8585,18.7749
govdocs1-thread000,000051.xls,fast,C++ native,AFC2,3769856,1150233,3.277472,69.4887,True,True,228.7818,10.7441
govdocs1-thread000,000051.xls,balanced,C++ native,AFC2,3769856,1096294,3.438727,70.9195,True,True,789.0846,9.3691
govdocs1-thread000,000051.xls,maximum,C++ native,AFC2,3769856,1071918,3.516926,71.5661,True,True,1818.3567,9.0859
govdocs1-thread000,000052.xls,fast,C++ native,AFC2,2434048,962733,2.528269,60.4472,True,True,217.8814,9.0735
govdocs1-thread000,000052.xls,balanced,C++ native,AFC2,2434048,917210,2.653752,62.3175,True,True,645.6242,7.7414
govdocs1-thread000,000052.xls,maximum,C++ native,AFC2,2434048,869666,2.798831,64.2708,True,True,1469.3608,8.5257
govdocs1-thread000,000053.xls,fast,C++ native,AFC2,6325248,1686774,3.749908,73.3327,True,True,233.3669,19.1133
govdocs1-thread000,000053.xls,balanced,C++ native,AFC2,6325248,1415279,4.469259,77.6249,True,True,908.7703,16.9288
govdocs1-thread000,000053.xls,maximum,C++ native,AFC2,6325248,1309675,4.829632,79.2945,True,True,3575.3958,17.2735
govdocs1-thread000,000054.xls,fast,C++ native,AFC2,169472,73034,2.320453,56.905,True,True,28.3566,0.8695
govdocs1-thread000,000054.xls,balanced,C++ native,AFC2,169472,67639,2.505537,60.0884,True,True,76.4525,0.9296
govdocs1-thread000,000054.xls,maximum,C++ native,AFC2,169472,67639,2.505537,60.0884,True,True,152.6093,0.9041
govdocs1-thread000,000055.xls,fast,C++ native,AFC2,14073344,5315904,2.647404,62.2271,True,True,405.9575,43.9307
govdocs1-thread000,000055.xls,balanced,C++ native,AFC2,14073344,4790585,2.937709,65.9599,True,True,1837.7943,40.2235
govdocs1-thread000,000055.xls,maximum,C++ native,AFC2,14073344,4543170,3.097693,67.7179,True,True,10024.2104,93.2222
govdocs1-thread000,000056.html,fast,C++ native,AFC2,6664,3749,1.777541,43.7425,True,True,8.1106,0.1072
govdocs1-thread000,000056.html,balanced,C++ native,AFC2,6664,3429,1.943424,48.5444,True,True,22.9977,0.0997
govdocs1-thread000,000056.html,maximum,C++ native,AFC2,6664,3414,1.951963,48.7695,True,True,45.3231,0.1529
govdocs1-thread000,000057.html,fast,C++ native,AFC2,15893,8760,1.814269,44.8814,True,True,10.5086,0.2192
govdocs1-thread000,000057.html,balanced,C++ native,AFC2,15893,7651,2.077245,51.8593,True,True,51.1771,0.1953
govdocs1-thread000,000057.html,maximum,C++ native,AFC2,15893,7651,2.077245,51.8593,True,True,99.3887,0.2322
govdocs1-thread000,000058.html,fast,C++ native,AFC2,734,526,1.395437,28.3379,True,True,1.9104,0.0449
govdocs1-thread000,000058.html,balanced,C++ native,AFC2,734,508,1.444882,30.7902,True,True,6.4312,0.0448
govdocs1-thread000,000058.html,maximum,C++ native,AFC2,734,508,1.444882,30.7902,True,True,14.2296,0.0343
govdocs1-thread000,000059.html,fast,C++ native,AFC2,30388,16461,1.84606,45.8306,True,True,27.6045,0.3903
govdocs1-thread000,000059.html,balanced,C++ native,AFC2,30388,14393,2.111304,52.6359,True,True,98.7745,0.3816
govdocs1-thread000,000059.html,maximum,C++ native,AFC2,30388,14112,2.153345,53.5606,True,True,243.5227,0.3411
govdocs1-thread000,000060.html,fast,C++ native,AFC2,32414,15534,2.086649,52.0763,True,True,22.6578,0.4676
govdocs1-thread000,000060.html,balanced,C++ native,AFC2,32414,13121,2.470391,59.5206,True,True,92.5307,0.3222
govdocs1-thread000,000060.html,maximum,C++ native,AFC2,32414,12667,2.558933,60.9212,True,True,247.1405,0.3647
govdocs1-thread000,000061.html,fast,C++ native,AFC2,2788,1676,1.663484,39.8852,True,True,5.3564,0.0619
govdocs1-thread000,000061.html,balanced,C++ native,AFC2,2788,1622,1.718866,41.8221,True,True,15.6511,0.0862
govdocs1-thread000,000061.html,maximum,C++ native,AFC2,2788,1622,1.718866,41.8221,True,True,31.1305,0.0628
govdocs1-thread000,000062.html,fast,C++ native,AFC2,3576,2080,1.719231,41.8345,True,True,5.817,0.0948
govdocs1-thread000,000062.html,balanced,C++ native,AFC2,3576,1994,1.79338,44.2394,True,True,18.3181,0.0706
govdocs1-thread000,000062.html,maximum,C++ native,AFC2,3576,1994,1.79338,44.2394,True,True,35.1656,0.0794
govdocs1-thread000,000063.html,fast,C++ native,AFC2,37251,16440,2.265876,55.867,True,True,28.8788,0.5542
govdocs1-thread000,000063.html,balanced,C++ native,AFC2,37251,13557,2.747732,63.6063,True,True,103.1388,0.4875
govdocs1-thread000,000063.html,maximum,C++ native,AFC2,37251,12701,2.932919,65.9043,True,True,239.0109,0.4006
govdocs1-thread000,000064.html,fast,C++ native,AFC2,4125,2618,1.57563,36.5333,True,True,4.2077,0.1315
govdocs1-thread000,000064.html,balanced,C++ native,AFC2,4125,2548,1.618917,38.2303,True,True,22.1602,0.1248
govdocs1-thread000,000064.html,maximum,C++ native,AFC2,4125,2548,1.618917,38.2303,True,True,38.0116,0.1284
govdocs1-thread000,000065.html,fast,C++ native,AFC2,5883,3295,1.785432,43.9912,True,True,6.3286,0.1804
govdocs1-thread000,000065.html,balanced,C++ native,AFC2,5883,3042,1.933925,48.2917,True,True,30.718,0.1432
govdocs1-thread000,000065.html,maximum,C++ native,AFC2,5883,3042,1.933925,48.2917,True,True,53.3795,0.1268
govdocs1-thread000,000066.html,fast,C++ native,AFC2,14998,8614,1.741119,42.5657,True,True,12.6335,0.273
govdocs1-thread000,000066.html,balanced,C++ native,AFC2,14998,7796,1.923807,48.0197,True,True,50.0117,0.2247
govdocs1-thread000,000066.html,maximum,C++ native,AFC2,14998,7796,1.923807,48.0197,True,True,95.9419,0.2488
govdocs1-thread000,000067.xml,fast,C++ native,AFC2,3483,1859,1.873588,46.6265,True,True,3.4248,0.0548
govdocs1-thread000,000067.xml,balanced,C++ native,AFC2,3483,1740,2.001724,50.0431,True,True,12.6707,0.0721
govdocs1-thread000,000067.xml,maximum,C++ native,AFC2,3483,1740,2.001724,50.0431,True,True,27.6378,0.0509
govdocs1-thread000,000068.html,fast,C++ native,AFC2,2758,1666,1.655462,39.5939,True,True,2.4968,0.0742
govdocs1-thread000,000068.html,balanced,C++ native,AFC2,2758,1666,1.655462,39.5939,True,True,12.7233,0.0674
govdocs1-thread000,000068.html,maximum,C++ native,AFC2,2758,1666,1.655462,39.5939,True,True,23.0447,0.0622
govdocs1-thread000,000069.html,fast,C++ native,AFC2,9750,4988,1.954691,48.841,True,True,8.4322,0.1596
govdocs1-thread000,000069.html,balanced,C++ native,AFC2,9750,4702,2.073586,51.7744,True,True,32.1496,0.1361
govdocs1-thread000,000069.html,maximum,C++ native,AFC2,9750,4664,2.09048,52.1641,True,True,73.6109,0.1145
govdocs1-thread000,000070.html,fast,C++ native,AFC2,29327,10438,2.809638,64.4082,True,True,17.8159,0.3637
govdocs1-thread000,000070.html,balanced,C++ native,AFC2,29327,7931,3.697768,72.9567,True,True,72.1633,0.3229
govdocs1-thread000,000070.html,maximum,C++ native,AFC2,29327,7931,3.697768,72.9567,True,True,163.1066,0.2734
govdocs1-thread000,000071.html,fast,C++ native,AFC2,47111,18616,2.530673,60.4848,True,True,24.7124,0.5547
govdocs1-thread000,000071.html,balanced,C++ native,AFC2,47111,16483,2.858157,65.0124,True,True,123.8753,0.4398
govdocs1-thread000,000071.html,maximum,C++ native,AFC2,47111,15629,3.014332,66.8252,True,True,275.9811,0.6004
govdocs1-thread000,000072.html,fast,C++ native,AFC2,19192,9863,1.945858,48.6088,True,True,19.7482,0.3093
govdocs1-thread000,000072.html,balanced,C++ native,AFC2,19192,8718,2.201422,54.5748,True,True,72.6703,0.3077
govdocs1-thread000,000072.html,maximum,C++ native,AFC2,19192,8582,2.236309,55.2835,True,True,164.5303,0.3047
govdocs1-thread000,000073.html,fast,C++ native,AFC2,16919,9122,1.854747,46.0843,True,True,18.4834,0.336
govdocs1-thread000,000073.html,balanced,C++ native,AFC2,16919,7534,2.245686,55.4702,True,True,60.9407,0.2779
govdocs1-thread000,000073.html,maximum,C++ native,AFC2,16919,7495,2.257372,55.7007,True,True,150.5171,0.2594
govdocs1-thread000,000074.html,fast,C++ native,AFC2,16807,9130,1.840854,45.6774,True,True,17.3805,0.2916
govdocs1-thread000,000074.html,balanced,C++ native,AFC2,16807,7503,2.240037,55.3579,True,True,62.2771,0.3051
govdocs1-thread000,000074.html,maximum,C++ native,AFC2,16807,7468,2.250536,55.5661,True,True,161.2045,0.2692
govdocs1-thread000,000075.html,fast,C++ native,AFC2,3809,2027,1.879132,46.7839,True,True,3.5663,0.0684
govdocs1-thread000,000075.html,balanced,C++ native,AFC2,3809,2027,1.879132,46.7839,True,True,18.5029,0.0861
govdocs1-thread000,000075.html,maximum,C++ native,AFC2,3809,2027,1.879132,46.7839,True,True,29.2614,0.0721
govdocs1-thread000,000076.html,fast,C++ native,AFC2,2384,1589,1.500315,33.3473,True,True,2.3042,0.0691
govdocs1-thread000,000076.html,balanced,C++ native,AFC2,2384,1589,1.500315,33.3473,True,True,9.6903,0.0712
govdocs1-thread000,000076.html,maximum,C++ native,AFC2,2384,1589,1.500315,33.3473,True,True,28.0593,0.0674
govdocs1-thread000,000077.html,fast,C++ native,AFC2,32681,11323,2.886249,65.353,True,True,17.7801,0.3516
govdocs1-thread000,000077.html,balanced,C++ native,AFC2,32681,9021,3.622769,72.3968,True,True,72.6865,0.3176
govdocs1-thread000,000077.html,maximum,C++ native,AFC2,32681,8968,3.644179,72.559,True,True,168.8816,0.361
govdocs1-thread000,000078.html,fast,C++ native,AFC2,2989,1857,1.609585,37.8722,True,True,4.1146,0.0665
govdocs1-thread000,000078.html,balanced,C++ native,AFC2,2989,1726,1.73175,42.2549,True,True,15.316,0.0823
govdocs1-thread000,000078.html,maximum,C++ native,AFC2,2989,1726,1.73175,42.2549,True,True,30.2222,0.067
govdocs1-thread000,000079.html,fast,C++ native,AFC2,15084,8373,1.801505,44.4909,True,True,12.9993,0.2973
govdocs1-thread000,000079.html,balanced,C++ native,AFC2,15084,7130,2.115568,52.7314,True,True,50.6219,0.2844
govdocs1-thread000,000079.html,maximum,C++ native,AFC2,15084,7077,2.131412,53.0827,True,True,112.9212,0.2765
govdocs1-thread000,000080.html,fast,C++ native,AFC2,635,452,1.404867,28.8189,True,True,1.9201,0.0282
govdocs1-thread000,000080.html,balanced,C++ native,AFC2,635,432,1.469907,31.9685,True,True,5.5448,0.0361
govdocs1-thread000,000080.html,maximum,C++ native,AFC2,635,432,1.469907,31.9685,True,True,11.8798,0.0327
govdocs1-thread000,000081.txt,fast,C++ native,AFC2,13150,6685,1.967091,49.1635,True,True,10.0407,0.2028
govdocs1-thread000,000081.txt,balanced,C++ native,AFC2,13150,6041,2.176792,54.0608,True,True,41.6015,0.2516
govdocs1-thread000,000081.txt,maximum,C++ native,AFC2,13150,6041,2.176792,54.0608,True,True,89.7428,0.2262
govdocs1-thread000,000082.txt,fast,C++ native,AFC2,2687,1601,1.678326,40.4168,True,True,3.4166,0.0753
govdocs1-thread000,000082.txt,balanced,C++ native,AFC2,2687,1549,1.734668,42.3521,True,True,12.9955,0.0658
govdocs1-thread000,000082.txt,maximum,C++ native,AFC2,2687,1549,1.734668,42.3521,True,True,26.0979,0.0663
govdocs1-thread000,000083.unk,fast,C++ native,AFC2,7671,4281,1.791871,44.1924,True,True,8.805,0.1607
govdocs1-thread000,000083.unk,balanced,C++ native,AFC2,7671,3994,1.920631,47.9338,True,True,26.8955,0.1487
govdocs1-thread000,000083.unk,maximum,C++ native,AFC2,7671,3994,1.920631,47.9338,True,True,48.3991,0.158
govdocs1-thread000,000084.txt,fast,C++ native,AFC2,512,408,1.254902,20.3125,True,True,1.3521,0.0276
govdocs1-thread000,000084.txt,balanced,C++ native,AFC2,512,408,1.254902,20.3125,True,True,8.6596,0.0343
govdocs1-thread000,000084.txt,maximum,C++ native,AFC2,512,408,1.254902,20.3125,True,True,10.2925,0.0271
govdocs1-thread000,000085.txt,fast,C++ native,AFC2,3508,2007,1.747882,42.7879,True,True,4.3599,0.0789
govdocs1-thread000,000085.txt,balanced,C++ native,AFC2,3508,1903,1.843405,45.7526,True,True,15.8532,0.127
govdocs1-thread000,000085.txt,maximum,C++ native,AFC2,3508,1903,1.843405,45.7526,True,True,34.9429,0.1158
govdocs1-thread000,000086.txt,fast,C++ native,AFC2,26270,15236,1.724206,42.0023,True,True,20.5509,0.437
govdocs1-thread000,000086.txt,balanced,C++ native,AFC2,26270,13307,1.974149,49.3453,True,True,86.8593,0.4357
govdocs1-thread000,000086.txt,maximum,C++ native,AFC2,26270,13303,1.974743,49.3605,True,True,200.9873,0.3647
govdocs1-thread000,000087.txt,fast,C++ native,AFC2,23494,11605,2.024472,50.6044,True,True,25.9047,0.4426
govdocs1-thread000,000087.txt,balanced,C++ native,AFC2,23494,9750,2.409641,58.5,True,True,108.8814,0.3355
govdocs1-thread000,000087.txt,maximum,C++ native,AFC2,23494,9748,2.410135,58.5086,True,True,171.7358,0.3425
govdocs1-thread000,000088.txt,fast,C++ native,AFC2,4139,2356,1.756791,43.078,True,True,4.9598,0.1435
govdocs1-thread000,000088.txt,balanced,C++ native,AFC2,4139,2244,1.844474,45.784,True,True,17.1411,0.1084
govdocs1-thread000,000088.txt,maximum,C++ native,AFC2,4139,2244,1.844474,45.784,True,True,38.2499,0.1112
govdocs1-thread000,000089.txt,fast,C++ native,AFC2,36176,4196,8.621544,88.4011,True,True,14.9471,0.2738
govdocs1-thread000,000089.txt,balanced,C++ native,AFC2,36176,3129,11.561521,91.3506,True,True,53.6515,0.209
govdocs1-thread000,000089.txt,maximum,C++ native,AFC2,36176,3129,11.561521,91.3506,True,True,113.4382,0.2672
govdocs1-thread000,000090.txt,fast,C++ native,AFC2,17522,4693,3.733646,73.2165,True,True,15.4889,0.1753
govdocs1-thread000,000090.txt,balanced,C++ native,AFC2,17522,4091,4.28306,76.6522,True,True,43.5961,0.1748
govdocs1-thread000,000090.txt,maximum,C++ native,AFC2,17522,4061,4.314701,76.8234,True,True,87.1218,0.1302
govdocs1-thread000,000092.txt,fast,C++ native,AFC2,7421,4229,1.754788,43.0131,True,True,6.9552,0.1391
govdocs1-thread000,000092.txt,balanced,C++ native,AFC2,7421,3411,2.175608,54.0358,True,True,18.7775,0.1345
govdocs1-thread000,000092.txt,maximum,C++ native,AFC2,7421,3405,2.179442,54.1167,True,True,43.3193,0.0987
govdocs1-thread000,000093.txt,fast,C++ native,AFC2,32010,10206,3.13639,68.1162,True,True,16.1509,0.298
govdocs1-thread000,000093.txt,balanced,C++ native,AFC2,32010,7273,4.40121,77.279,True,True,69.2638,0.2701
govdocs1-thread000,000093.txt,maximum,C++ native,AFC2,32010,7116,4.498314,77.7694,True,True,149.3752,0.2588
govdocs1-thread000,000094.txt,fast,C++ native,AFC2,109756,27110,4.048543,75.2998,True,True,22.9534,1.0437
govdocs1-thread000,000094.txt,balanced,C++ native,AFC2,109756,21747,5.046949,80.186,True,True,88.2945,0.986
govdocs1-thread000,000094.txt,maximum,C++ native,AFC2,109756,21747,5.046949,80.186,True,True,247.6167,0.9506
govdocs1-thread000,000095.txt,fast,C++ native,AFC2,127325,49140,2.591066,61.4059,True,True,37.1151,1.3195
govdocs1-thread000,000095.txt,balanced,C++ native,AFC2,127325,41433,3.073034,67.4589,True,True,118.9389,1.485
govdocs1-thread000,000095.txt,maximum,C++ native,AFC2,127325,39959,3.186391,68.6165,True,True,327.382,1.1797
govdocs1-thread000,000096.txt,fast,C++ native,AFC2,232697,81641,2.850247,64.9153,True,True,60.2828,2.6876
govdocs1-thread000,000096.txt,balanced,C++ native,AFC2,232697,68901,3.377266,70.3902,True,True,173.5144,1.9926
govdocs1-thread000,000096.txt,maximum,C++ native,AFC2,232697,68901,3.377266,70.3902,True,True,549.1908,2.7031
govdocs1-thread000,000097.ps,fast,C++ native,AFC2,47365,21906,2.162193,53.7507,True,True,25.4837,0.8552
govdocs1-thread000,000097.ps,balanced,C++ native,AFC2,47365,19789,2.393501,58.2202,True,True,106.8889,0.8208
govdocs1-thread000,000097.ps,maximum,C++ native,AFC2,47365,19789,2.393501,58.2202,True,True,262.3112,0.7541
govdocs1-thread000,000098.txt,fast,C++ native,AFC2,2232089,697462,3.200302,68.7529,True,True,272.1822,19.329
govdocs1-thread000,000098.txt,balanced,C++ native,AFC2,2232089,624048,3.576791,72.042,True,True,1215.8789,16.6101
govdocs1-thread000,000098.txt,maximum,C++ native,AFC2,2232089,590888,3.777516,73.5276,True,True,4441.6116,15.0125
govdocs1-thread000,000099.ps,fast,C++ native,AFC2,309235,136420,2.266786,55.8847,True,True,90.8201,3.4757
govdocs1-thread000,000099.ps,balanced,C++ native,AFC2,309235,123663,2.500627,60.01,True,True,290.2047,4.0599
govdocs1-thread000,000099.ps,maximum,C++ native,AFC2,309235,123573,2.502448,60.0391,True,True,913.0854,3.1822
govdocs1-thread000,000100.doc,fast,C++ native,AFC2,58368,20471,2.851253,64.9277,True,True,40.5429,0.4669
govdocs1-thread000,000100.doc,balanced,C++ native,AFC2,58368,18554,3.145845,68.212,True,True,142.2918,0.468
govdocs1-thread000,000100.doc,maximum,C++ native,AFC2,58368,15678,3.722924,73.1394,True,True,285.9517,0.3611
govdocs1-thread000,000101.doc,fast,C++ native,AFC2,107520,43663,2.462497,59.3908,True,True,33.7474,0.599
govdocs1-thread000,000101.doc,balanced,C++ native,AFC2,107520,39560,2.717897,63.2068,True,True,102.5125,0.9486
govdocs1-thread000,000101.doc,maximum,C++ native,AFC2,107520,39098,2.750013,63.6365,True,True,278.0727,0.8861
govdocs1-thread000,000102.txt,fast,C++ native,AFC2,106079,34120,3.108998,67.8353,True,True,40.5785,1.1327
govdocs1-thread000,000102.txt,balanced,C++ native,AFC2,106079,29398,3.608375,72.2867,True,True,102.6908,1.0277
govdocs1-thread000,000102.txt,maximum,C++ native,AFC2,106079,29302,3.620197,72.3772,True,True,262.3426,0.9559
govdocs1-thread000,000103.txt,fast,C++ native,AFC2,109907,46601,2.358469,57.5996,True,True,38.4438,1.418
govdocs1-thread000,000103.txt,balanced,C++ native,AFC2,109907,41622,2.640599,62.1298,True,True,112.5602,1.4357
govdocs1-thread000,000103.txt,maximum,C++ native,AFC2,109907,41320,2.659898,62.4046,True,True,335.1579,1.6441
govdocs1-thread000,000104.txt,fast,C++ native,AFC2,118732,38087,3.117389,67.9219,True,True,32.9157,1.4917
govdocs1-thread000,000104.txt,balanced,C++ native,AFC2,118732,32845,3.614919,72.3369,True,True,115.5166,1.7503
govdocs1-thread000,000104.txt,maximum,C++ native,AFC2,118732,32768,3.623413,72.4017,True,True,346.7623,1.0412
govdocs1-thread000,000105.txt,fast,C++ native,AFC2,164599,84439,1.949324,48.7002,True,True,64.1716,2.926
govdocs1-thread000,000105.txt,balanced,C++ native,AFC2,164599,77350,2.127977,53.007,True,True,188.8656,2.7631
govdocs1-thread000,000105.txt,maximum,C++ native,AFC2,164599,76970,2.138483,53.2379,True,True,585.9783,2.9301
govdocs1-thread000,000106.txt,fast,C++ native,AFC2,119522,48437,2.467576,59.4744,True,True,35.2512,1.5521
govdocs1-thread000,000106.txt,balanced,C++ native,AFC2,119522,43379,2.755296,63.7063,True,True,107.9002,1.1928
govdocs1-thread000,000106.txt,maximum,C++ native,AFC2,119522,43001,2.779517,64.0225,True,True,323.2137,1.6976
govdocs1-thread000,000107.jpg,fast,C++ native,AFC2,41572,36424,1.141335,12.3833,True,True,27.0379,0.6139
govdocs1-thread000,000107.jpg,balanced,C++ native,AFC2,41572,35824,1.160451,13.8266,True,True,90.1538,0.54
govdocs1-thread000,000107.jpg,maximum,C++ native,AFC2,41572,35824,1.160451,13.8266,True,True,199.399,0.5734
govdocs1-thread000,000108.jpg,fast,C++ native,AFC2,137413,136854,1.004085,0.4068,True,True,68.0143,1.8627
govdocs1-thread000,000108.jpg,balanced,C++ native,AFC2,137413,136654,1.005554,0.5523,True,True,156.7889,1.9839
govdocs1-thread000,000108.jpg,maximum,C++ native,AFC2,137413,136654,1.005554,0.5523,True,True,301.9981,1.9045
govdocs1-thread000,000109.jpg,fast,C++ native,AFC2,31046,25931,1.197254,16.4756,True,True,22.9994,0.4045
govdocs1-thread000,000109.jpg,balanced,C++ native,AFC2,31046,25232,1.230422,18.7271,True,True,86.1843,0.5065
govdocs1-thread000,000109.jpg,maximum,C++ native,AFC2,31046,25232,1.230422,18.7271,True,True,186.8155,0.5132
govdocs1-thread000,000110.jpg,fast,C++ native,AFC2,92856,86579,1.0725,6.7599,True,True,40.9885,1.3941
govdocs1-thread000,000110.jpg,balanced,C++ native,AFC2,92856,85680,1.083754,7.7281,True,True,119.9512,1.3729
govdocs1-thread000,000110.jpg,maximum,C++ native,AFC2,92856,85680,1.083754,7.7281,True,True,265.2238,1.3507
govdocs1-thread000,000111.doc,fast,C++ native,AFC2,176640,74852,2.359857,57.6245,True,True,43.341,1.8434
govdocs1-thread000,000111.doc,balanced,C++ native,AFC2,176640,70763,2.49622,59.9394,True,True,146.6923,1.9767
govdocs1-thread000,000111.doc,maximum,C++ native,AFC2,176640,70163,2.517566,60.2791,True,True,475.5724,1.6662
govdocs1-thread000,000112.wp,fast,C++ native,AFC2,296370,121194,2.445418,59.1072,True,True,85.7805,3.687
govdocs1-thread000,000112.wp,balanced,C++ native,AFC2,296370,105919,2.798082,64.2612,True,True,298.4784,2.9755
govdocs1-thread000,000112.wp,maximum,C++ native,AFC2,296370,104640,2.832282,64.6928,True,True,820.943,2.5841
govdocs1-thread000,000113.doc,fast,C++ native,AFC2,14170112,13416808,1.056146,5.3161,True,True,1492.3294,161.6731
govdocs1-thread000,000113.doc,balanced,C++ native,AFC2,14170112,13350967,1.061355,5.7808,True,True,3278.4644,83.7466
govdocs1-thread000,000113.doc,maximum,C++ native,AFC2,14170112,13254901,1.069047,6.4587,True,True,8040.2228,89.3616
govdocs1-thread000,000114.doc,fast,C++ native,AFC2,19968,7993,2.498186,59.971,True,True,8.2894,0.2106
govdocs1-thread000,000114.doc,balanced,C++ native,AFC2,19968,7496,2.663821,62.4599,True,True,30.7944,0.1678
govdocs1-thread000,000114.doc,maximum,C++ native,AFC2,19968,7494,2.664532,62.47,True,True,45.3022,0.1839
govdocs1-thread000,000115.wp,fast,C++ native,AFC2,411294,168757,2.437197,58.9693,True,True,55.6788,2.4254
govdocs1-thread000,000115.wp,balanced,C++ native,AFC2,411294,149892,2.743936,63.556,True,True,187.2941,3.1878
govdocs1-thread000,000115.wp,maximum,C++ native,AFC2,411294,136877,3.004844,66.7204,True,True,348.8349,2.26
govdocs1-thread000,000116.doc,fast,C++ native,AFC2,1330176,1207041,1.102014,9.257,True,True,247.9371,7.2921
govdocs1-thread000,000116.doc,balanced,C++ native,AFC2,1330176,1191893,1.11602,10.3958,True,True,805.1189,8.4205
govdocs1-thread000,000116.doc,maximum,C++ native,AFC2,1330176,1190414,1.117406,10.507,True,True,1477.9655,8.7465
govdocs1-thread000,000117.rtf,fast,C++ native,AFC2,33970,11224,3.02655,66.9591,True,True,9.9439,0.2237
govdocs1-thread000,000117.rtf,balanced,C++ native,AFC2,33970,8907,3.813854,73.7798,True,True,28.9448,0.1664
govdocs1-thread000,000117.rtf,maximum,C++ native,AFC2,33970,8907,3.813854,73.7798,True,True,52.6257,0.1876
govdocs1-thread000,000118.doc,fast,C++ native,AFC2,141312,57004,2.478984,59.6609,True,True,22.2672,0.8921
govdocs1-thread000,000118.doc,balanced,C++ native,AFC2,141312,51405,2.748993,63.623,True,True,65.2369,0.7843
govdocs1-thread000,000118.doc,maximum,C++ native,AFC2,141312,49664,2.845361,64.8551,True,True,120.825,0.9914
govdocs1-thread000,000119.doc,fast,C++ native,AFC2,96768,44335,2.182655,54.1842,True,True,17.713,0.5748
govdocs1-thread000,000119.doc,balanced,C++ native,AFC2,96768,40557,2.385975,58.0884,True,True,51.3604,0.6456
govdocs1-thread000,000119.doc,maximum,C++ native,AFC2,96768,40348,2.398334,58.3044,True,True,82.7034,0.6369
govdocs1-thread000,000120.doc,fast,C++ native,AFC2,114176,42099,2.712083,63.128,True,True,16.1779,0.7116
govdocs1-thread000,000120.doc,balanced,C++ native,AFC2,114176,39381,2.899266,65.5085,True,True,47.6907,0.6155
govdocs1-thread000,000120.doc,maximum,C++ native,AFC2,114176,37801,3.020449,66.8923,True,True,82.4871,0.55
govdocs1-thread000,000121.doc,fast,C++ native,AFC2,30720,9394,3.270172,69.4206,True,True,8.4372,0.2492
govdocs1-thread000,000121.doc,balanced,C++ native,AFC2,30720,8517,3.606904,72.2754,True,True,25.9986,0.1785
govdocs1-thread000,000121.doc,maximum,C++ native,AFC2,30720,8488,3.619227,72.3698,True,True,50.0075,0.191
govdocs1-thread000,000122.doc,fast,C++ native,AFC2,139264,73476,1.895367,47.2398,True,True,26.8058,1.2416
govdocs1-thread000,000122.doc,balanced,C++ native,AFC2,139264,69193,2.012689,50.3152,True,True,74.0392,1.4469
govdocs1-thread000,000122.doc,maximum,C++ native,AFC2,139264,68727,2.026336,50.6498,True,True,142.8859,0.9643
govdocs1-thread000,000123.html,fast,C++ native,AFC2,41230,19769,2.085589,52.0519,True,True,14.9791,0.3847
govdocs1-thread000,000123.html,balanced,C++ native,AFC2,41230,17393,2.370494,57.8147,True,True,38.7799,0.3303
govdocs1-thread000,000123.html,maximum,C++ native,AFC2,41230,16967,2.430011,58.8479,True,True,67.6153,0.4377
govdocs1-thread000,000124.doc,fast,C++ native,AFC2,6564352,6013550,1.091593,8.3908,True,True,449.51,35.3375
govdocs1-thread000,000124.doc,balanced,C++ native,AFC2,6564352,5954449,1.102428,9.2911,True,True,3117.982,74.3985
govdocs1-thread000,000124.doc,maximum,C++ native,AFC2,6564352,5903575,1.111928,10.0661,True,True,12029.4259,68.5529
govdocs1-thread000,000125.doc,fast,C++ native,AFC2,28160,8842,3.1848,68.6009,True,True,17.7003,0.4292
govdocs1-thread000,000125.doc,balanced,C++ native,AFC2,28160,7448,3.780881,73.5511,True,True,83.5902,0.2815
govdocs1-thread000,000125.doc,maximum,C++ native,AFC2,28160,7275,3.87079,74.1655,True,True,139.188,0.4271
govdocs1-thread000,000126.doc,fast,C++ native,AFC2,557568,288686,1.9314,48.2241,True,True,164.0109,11.9251
govdocs1-thread000,000126.doc,balanced,C++ native,AFC2,557568,264747,2.106041,52.5175,True,True,511.9257,5.1794
govdocs1-thread000,000126.doc,maximum,C++ native,AFC2,557568,260854,2.137472,53.2158,True,True,1414.4034,5.7169
govdocs1-thread000,000127.doc,fast,C++ native,AFC2,32768,10130,3.234748,69.0857,True,True,50.9283,0.5162
govdocs1-thread000,000127.doc,balanced,C++ native,AFC2,32768,9976,3.284683,69.5557,True,True,100.4217,0.4271
govdocs1-thread000,000127.doc,maximum,C++ native,AFC2,32768,9891,3.312911,69.8151,True,True,175.5505,0.4788
govdocs1-thread000,000128.doc,fast,C++ native,AFC2,25600,7137,3.586941,72.1211,True,True,15.6238,0.3142
govdocs1-thread000,000128.doc,balanced,C++ native,AFC2,25600,7044,3.634299,72.4844,True,True,70.9063,0.2479
govdocs1-thread000,000128.doc,maximum,C++ native,AFC2,25600,7008,3.652968,72.625,True,True,133.1762,0.2782
govdocs1-thread000,000129.html,fast,C++ native,AFC2,38057,17822,2.135394,53.1702,True,True,34.5917,0.6292
govdocs1-thread000,000129.html,balanced,C++ native,AFC2,38057,15883,2.396084,58.2652,True,True,109.3737,0.5803
govdocs1-thread000,000129.html,maximum,C++ native,AFC2,38057,15682,2.426795,58.7934,True,True,230.1205,0.5238
govdocs1-thread000,000130.doc,fast,C++ native,AFC2,1156608,1104039,1.047615,4.5451,True,True,437.4446,15.4966
govdocs1-thread000,000130.doc,balanced,C++ native,AFC2,1156608,1101379,1.050145,4.7751,True,True,1494.4387,20.0042
govdocs1-thread000,000130.doc,maximum,C++ native,AFC2,1156608,1099872,1.051584,4.9054,True,True,3832.7963,25.3777
govdocs1-thread000,000131.doc,fast,C++ native,AFC2,566784,292735,1.936168,48.3516,True,True,179.2907,10.8904
govdocs1-thread000,000131.doc,balanced,C++ native,AFC2,566784,268816,2.108446,52.5717,True,True,542.5681,4.9725
govdocs1-thread000,000131.doc,maximum,C++ native,AFC2,566784,265506,2.134731,53.1557,True,True,1479.5491,5.5644
govdocs1-thread000,000132.doc,fast,C++ native,AFC2,29184,7925,3.682524,72.8447,True,True,21.8379,0.321
govdocs1-thread000,000132.doc,balanced,C++ native,AFC2,29184,7459,3.912589,74.4415,True,True,78.0752,0.2544
govdocs1-thread000,000132.doc,maximum,C++ native,AFC2,29184,7445,3.919946,74.4894,True,True,173.9768,0.2953
govdocs1-thread000,000133.ppt,fast,C++ native,AFC2,932352,872848,1.068172,6.3821,True,True,411.5234,12.9017
govdocs1-thread000,000133.ppt,balanced,C++ native,AFC2,932352,866127,1.076461,7.103,True,True,1409.5663,13.096
govdocs1-thread000,000133.ppt,maximum,C++ native,AFC2,932352,864928,1.077953,7.2316,True,True,3153.5755,19.9751
govdocs1-thread000,000134.ppt,fast,C++ native,AFC2,8657920,8602116,1.006487,0.6445,True,True,1165.0767,132.1531
govdocs1-thread000,000134.ppt,balanced,C++ native,AFC2,8657920,8595592,1.007251,0.7199,True,True,2528.1538,109.729
govdocs1-thread000,000134.ppt,maximum,C++ native,AFC2,8657920,8594637,1.007363,0.7309,True,True,10238.4793,112.6857
govdocs1-thread000,000135.pdf,fast,C++ native,AFC3,80961,71380,1.134225,11.8341,True,True,1350.1265,0.6657
govdocs1-thread000,000135.pdf,balanced,C++ native,AFC3,80961,69747,1.160781,13.8511,True,True,1119.0861,0.3241
govdocs1-thread000,000135.pdf,maximum,C++ native,AFC3,80961,69610,1.163066,14.0203,True,True,778.0552,0.3192
govdocs1-thread000,000136.html,fast,C++ native,AFC2,36111,15869,2.275569,56.0549,True,True,11.5404,0.2778
govdocs1-thread000,000136.html,balanced,C++ native,AFC2,36111,13863,2.604847,61.61,True,True,28.0646,0.269
govdocs1-thread000,000136.html,maximum,C++ native,AFC2,36111,13841,2.608988,61.671,True,True,56.0033,0.2515
govdocs1-thread000,000137.pdf,fast,C++ native,AFC3,201776,195708,1.031005,3.0073,True,True,131.6367,0.2315
govdocs1-thread000,000137.pdf,balanced,C++ native,AFC3,201776,195445,1.032393,3.1376,True,True,159.1217,0.1731
govdocs1-thread000,000137.pdf,maximum,C++ native,AFC3,201776,195330,1.033001,3.1946,True,True,205.0082,0.2009
govdocs1-thread000,000138.html,fast,C++ native,AFC2,912,711,1.2827,22.0395,True,True,1.1753,0.0275
govdocs1-thread000,000138.html,balanced,C++ native,AFC2,912,711,1.2827,22.0395,True,True,2.6518,0.0193
govdocs1-thread000,000138.html,maximum,C++ native,AFC2,912,711,1.2827,22.0395,True,True,4.418,0.0195
govdocs1-thread000,000139.doc,fast,C++ native,AFC2,50176,18613,2.69575,62.9046,True,True,13.1738,0.6508
govdocs1-thread000,000139.doc,balanced,C++ native,AFC2,50176,17134,2.928446,65.8522,True,True,34.8495,0.3768
govdocs1-thread000,000139.doc,maximum,C++ native,AFC2,50176,17134,2.928446,65.8522,True,True,66.3099,0.3642
govdocs1-thread000,000140.pdf,fast,C++ native,AFC3,89719,69413,1.292539,22.6329,True,True,306.3672,0.3808
govdocs1-thread000,000140.pdf,balanced,C++ native,AFC3,89719,67700,1.325244,24.5422,True,True,394.6971,0.4148
govdocs1-thread000,000140.pdf,maximum,C++ native,AFC3,89719,67114,1.336815,25.1953,True,True,526.2966,0.4105
govdocs1-thread000,000141.pdf,fast,C++ native,AFC3,458941,257994,1.778882,43.7849,True,True,3595.3284,1.5597
govdocs1-thread000,000141.pdf,balanced,C++ native,AFC3,458941,243498,1.884783,46.9435,True,True,3936.0819,1.379
govdocs1-thread000,000141.pdf,maximum,C++ native,AFC3,458941,243498,1.884783,46.9435,True,True,4454.02,1.354
govdocs1-thread000,000142.pdf,fast,C++ native,AFC3,445338,410006,1.086174,7.9337,True,True,613.4006,0.9624
govdocs1-thread000,000142.pdf,balanced,C++ native,AFC3,445338,407525,1.092787,8.4909,True,True,866.485,0.8515
govdocs1-thread000,000142.pdf,maximum,C++ native,AFC3,445338,406775,1.094802,8.6593,True,True,1323.3822,1.2216
govdocs1-thread000,000143.pdf,fast,C++ native,AFC2,5189989,5055955,1.02651,2.5825,True,True,1040.8503,31.2771
govdocs1-thread000,000143.pdf,balanced,C++ native,AFC2,5189989,5039360,1.029891,2.9023,True,True,2407.2835,31.2002
govdocs1-thread000,000143.pdf,maximum,C++ native,AFC2,5189989,5024012,1.033037,3.198,True,True,5536.1868,32.5487
govdocs1-thread000,000144.doc,fast,C++ native,AFC2,36352,10060,3.613519,72.3261,True,True,8.4041,0.1769
govdocs1-thread000,000144.doc,balanced,C++ native,AFC2,36352,9400,3.867234,74.1417,True,True,26.421,0.1883
govdocs1-thread000,000144.doc,maximum,C++ native,AFC2,36352,9400,3.867234,74.1417,True,True,43.2125,0.2306
govdocs1-thread000,000145.pdf,fast,C++ native,AFC3,45234,39126,1.156111,13.5031,True,True,169.5724,0.2246
govdocs1-thread000,000145.pdf,balanced,C++ native,AFC3,45234,38532,1.173933,14.8163,True,True,201.8394,0.171
govdocs1-thread000,000145.pdf,maximum,C++ native,AFC3,45234,38513,1.174513,14.8583,True,True,245.4187,0.1577
govdocs1-thread000,000146.pdf,fast,C++ native,AFC3,3652867,3178798,1.149135,12.978,True,True,4027.5582,8.3401
govdocs1-thread000,000146.pdf,balanced,C++ native,AFC3,3652867,3160723,1.155706,13.4728,True,True,4691.2669,7.1638
govdocs1-thread000,000146.pdf,maximum,C++ native,AFC3,3652867,3150953,1.15929,13.7403,True,True,6142.3555,6.5393
govdocs1-thread000,000147.pdf,fast,C++ native,AFC3,622082,584594,1.064127,6.0262,True,True,606.0868,1.5697
govdocs1-thread000,000147.pdf,balanced,C++ native,AFC3,622082,582199,1.068504,6.4112,True,True,735.2791,1.2417
govdocs1-thread000,000147.pdf,maximum,C++ native,AFC3,622082,582199,1.068504,6.4112,True,True,961.3253,1.0752
govdocs1-thread000,000148.doc,fast,C++ native,AFC2,565248,212664,2.657939,62.3769,True,True,51.323,2.0585
govdocs1-thread000,000148.doc,balanced,C++ native,AFC2,565248,196492,2.876697,65.2379,True,True,139.6366,1.8458
govdocs1-thread000,000148.doc,maximum,C++ native,AFC2,565248,191139,2.957261,66.1849,True,True,291.3792,2.146
govdocs1-thread000,000149.pdf,fast,C++ native,AFC3,972022,957276,1.015404,1.517,True,True,2733.1651,1.5393
govdocs1-thread000,000149.pdf,balanced,C++ native,AFC3,972022,955471,1.017322,1.7027,True,True,3103.1841,1.3699
govdocs1-thread000,000149.pdf,maximum,C++ native,AFC3,972022,955422,1.017375,1.7078,True,True,3712.1013,1.4809
govdocs1-thread000,000150.pdf,fast,C++ native,AFC3,665275,633866,1.049551,4.7212,True,True,1948.9166,1.494
govdocs1-thread000,000150.pdf,balanced,C++ native,AFC3,665275,630678,1.054857,5.2004,True,True,2118.9488,1.4631
govdocs1-thread000,000150.pdf,maximum,C++ native,AFC3,665275,630397,1.055327,5.2426,True,True,2389.2069,1.3765
govdocs1-thread000,000151.doc,fast,C++ native,AFC2,19968,4113,4.85485,79.402,True,True,6.5456,0.0944
govdocs1-thread000,000151.doc,balanced,C++ native,AFC2,19968,3915,5.100383,80.3936,True,True,18.6548,0.1398
govdocs1-thread000,000151.doc,maximum,C++ native,AFC2,19968,3831,5.212216,80.8143,True,True,27.886,0.1094
govdocs1-thread000,000152.pdf,fast,C++ native,AFC3,4406954,4316593,1.020933,2.0504,True,True,8765.9618,8.4181
govdocs1-thread000,000152.pdf,balanced,C++ native,AFC3,4406954,4311126,1.022228,2.1745,True,True,8724.7908,10.1792
govdocs1-thread000,000152.pdf,maximum,C++ native,AFC3,4406954,4308526,1.022845,2.2335,True,True,8818.8336,8.5355
govdocs1-thread000,000153.pdf,fast,C++ native,AFC2,2189678,1887022,1.160388,13.8219,True,True,3654.4898,11.1958
govdocs1-thread000,000153.pdf,balanced,C++ native,AFC2,2189678,1860233,1.177099,15.0454,True,True,4331.7249,11.0639
govdocs1-thread000,000153.pdf,maximum,C++ native,AFC2,2189678,1852976,1.181709,15.3768,True,True,5917.4604,11.3514
govdocs1-thread000,000154.doc,fast,C++ native,AFC2,918016,55891,16.425113,93.9118,True,True,27.7445,1.1773
govdocs1-thread000,000154.doc,balanced,C++ native,AFC2,918016,48979,18.743053,94.6647,True,True,112.2952,1.1562
govdocs1-thread000,000154.doc,maximum,C++ native,AFC2,918016,48979,18.743053,94.6647,True,True,279.2025,1.2281
govdocs1-thread000,000155.pdf,fast,C++ native,AFC3,1339527,1308868,1.023424,2.2888,True,True,1149.9197,1.7952
govdocs1-thread000,000155.pdf,balanced,C++ native,AFC3,1339527,1307094,1.024813,2.4212,True,True,1215.3955,2.2709
govdocs1-thread000,000155.pdf,maximum,C++ native,AFC3,1339527,1306618,1.025186,2.4568,True,True,1386.7637,2.4335
govdocs1-thread000,000156.doc,fast,C++ native,AFC2,46080,20095,2.293108,56.3911,True,True,10.0059,0.2785
govdocs1-thread000,000156.doc,balanced,C++ native,AFC2,46080,19038,2.420422,58.6849,True,True,32.3066,0.2734
govdocs1-thread000,000156.doc,maximum,C++ native,AFC2,46080,19038,2.420422,58.6849,True,True,50.704,0.2687
govdocs1-thread000,000157.pdf,fast,C++ native,AFC2,1656438,1400927,1.182387,15.4253,True,True,489.7696,9.0765
govdocs1-thread000,000157.pdf,balanced,C++ native,AFC2,1656438,1375412,1.204321,16.9657,True,True,1078.3722,9.8457
govdocs1-thread000,000157.pdf,maximum,C++ native,AFC2,1656438,1374295,1.2053,17.0331,True,True,2156.0475,9.4264
govdocs1-thread000,000158.doc,fast,C++ native,AFC2,61952,24272,2.552406,60.8213,True,True,13.884,0.4667
govdocs1-thread000,000158.doc,balanced,C++ native,AFC2,61952,21830,2.837929,64.763,True,True,40.1819,0.3895
govdocs1-thread000,000158.doc,maximum,C++ native,AFC2,61952,21542,2.87587,65.2279,True,True,81.1112,0.3627
govdocs1-thread000,000159.pdf,fast,C++ native,AFC2,4051537,3486270,1.162141,13.9519,True,True,7352.1348,20.4273
govdocs1-thread000,000159.pdf,balanced,C++ native,AFC2,4051537,3407730,1.188925,15.8904,True,True,8365.1062,22.1373
govdocs1-thread000,000159.pdf,maximum,C++ native,AFC2,4051537,3376389,1.199962,16.664,True,True,10308.7953,20.0683
govdocs1-thread000,000160.ppt,fast,C++ native,AFC2,1496064,1453299,1.029426,2.8585,True,True,271.1717,9.2023
govdocs1-thread000,000160.ppt,balanced,C++ native,AFC2,1496064,1435998,1.041829,4.0149,True,True,718.8093,9.1689
govdocs1-thread000,000160.ppt,maximum,C++ native,AFC2,1496064,1415422,1.056974,5.3903,True,True,1593.807,8.5004
govdocs1-thread000,000161.pdf,fast,C++ native,AFC3,26603,21971,1.210823,17.4116,True,True,176.2401,0.2084
govdocs1-thread000,000161.pdf,balanced,C++ native,AFC3,26603,21209,1.254326,20.2759,True,True,228.988,0.1752
govdocs1-thread000,000161.pdf,maximum,C++ native,AFC3,26603,21209,1.254326,20.2759,True,True,332.53,0.1434
govdocs1-thread000,000162.pdf,fast,C++ native,AFC3,244584,172261,1.419845,29.5698,True,True,857.184,0.9891
govdocs1-thread000,000162.pdf,balanced,C++ native,AFC3,244584,166101,1.472502,32.0884,True,True,1049.0432,0.9905
govdocs1-thread000,000162.pdf,maximum,C++ native,AFC3,244584,166101,1.472502,32.0884,True,True,1375.0965,1.1611
govdocs1-thread000,000163.pdf,fast,C++ native,AFC3,1048821,919536,1.140598,12.3267,True,True,2258.7268,3.6495
govdocs1-thread000,000163.pdf,balanced,C++ native,AFC3,1048821,913915,1.147613,12.8626,True,True,2873.4425,3.7834
govdocs1-thread000,000163.pdf,maximum,C++ native,AFC3,1048821,910423,1.152015,13.1956,True,True,3911.2054,3.8677
govdocs1-thread000,000164.pdf,fast,C++ native,AFC3,2590299,2584494,1.002246,0.2241,True,True,89.4418,3.9374
govdocs1-thread000,000164.pdf,balanced,C++ native,AFC3,2590299,2583748,1.002535,0.2529,True,True,95.7642,5.6305
govdocs1-thread000,000164.pdf,maximum,C++ native,AFC3,2590299,2583748,1.002535,0.2529,True,True,99.9142,4.3639
govdocs1-thread000,000165.ppt,fast,C++ native,AFC2,1919488,1789916,1.07239,6.7503,True,True,266.3015,10.6103
govdocs1-thread000,000165.ppt,balanced,C++ native,AFC2,1919488,1776310,1.080604,7.4592,True,True,708.1815,10.763
govdocs1-thread000,000165.ppt,maximum,C++ native,AFC2,1919488,1751085,1.096171,8.7733,True,True,1433.1768,10.5198
govdocs1-thread000,000166.pdf,fast,C++ native,AFC3,238693,147631,1.616822,38.1503,True,True,916.5794,0.7404
govdocs1-thread000,000166.pdf,balanced,C++ native,AFC3,238693,139916,1.705974,41.3824,True,True,1032.9708,0.7398
govdocs1-thread000,000166.pdf,maximum,C++ native,AFC3,238693,139786,1.70756,41.4369,True,True,1215.2987,0.696
govdocs1-thread000,000167.ppt,fast,C++ native,AFC2,911872,859765,1.060606,5.7143,True,True,202.0086,5.2605
govdocs1-thread000,000167.ppt,balanced,C++ native,AFC2,911872,855510,1.065881,6.1809,True,True,498.127,5.171
govdocs1-thread000,000167.ppt,maximum,C++ native,AFC2,911872,854962,1.066564,6.241,True,True,1008.0993,5.7851
govdocs1-thread000,000168.pdf,fast,C++ native,AFC3,552417,505910,1.091927,8.4188,True,True,2309.2719,1.0574
govdocs1-thread000,000168.pdf,balanced,C++ native,AFC3,552417,502894,1.098476,8.9648,True,True,2603.3624,1.3463
govdocs1-thread000,000168.pdf,maximum,C++ native,AFC3,552417,501137,1.102327,9.2828,True,True,3152.9127,1.4068
govdocs1-thread000,000169.ppt,fast,C++ native,AFC2,676352,636716,1.062251,5.8603,True,True,166.0735,4.0157
govdocs1-thread000,000169.ppt,balanced,C++ native,AFC2,676352,633072,1.068365,6.399,True,True,388.7525,4.0221
govdocs1-thread000,000169.ppt,maximum,C++ native,AFC2,676352,632640,1.069095,6.4629,True,True,738.4251,3.9622
govdocs1-thread000,000170.xls,fast,C++ native,AFC2,105984,42570,2.489641,59.8336,True,True,18.9035,0.7204
govdocs1-thread000,000170.xls,balanced,C++ native,AFC2,105984,39287,2.697686,62.9312,True,True,56.5024,0.625
govdocs1-thread000,000170.xls,maximum,C++ native,AFC2,105984,39119,2.709272,63.0897,True,True,110.1256,0.6443
govdocs1-thread000,000171.xls,fast,C++ native,AFC2,163328,73046,2.235961,55.2765,True,True,28.4199,1.0801
govdocs1-thread000,000171.xls,balanced,C++ native,AFC2,163328,68120,2.397651,58.2925,True,True,78.9382,1.0147
govdocs1-thread000,000171.xls,maximum,C++ native,AFC2,163328,67764,2.410247,58.5105,True,True,172.9228,1.0756
govdocs1-thread000,000173.html,fast,C++ native,AFC2,51027,24133,2.114408,52.7054,True,True,14.7281,0.3263
govdocs1-thread000,000173.html,balanced,C++ native,AFC2,51027,21268,2.399238,58.3201,True,True,37.7671,0.3696
govdocs1-thread000,000173.html,maximum,C++ native,AFC2,51027,20181,2.528467,60.4503,True,True,78.7258,0.3417
govdocs1-thread000,000174.ppt,fast,C++ native,AFC2,448000,335266,1.336252,25.1638,True,True,93.9337,2.4275
govdocs1-thread000,000174.ppt,balanced,C++ native,AFC2,448000,326396,1.372566,27.1438,True,True,216.6936,2.2943
govdocs1-thread000,000174.ppt,maximum,C++ native,AFC2,448000,324176,1.381965,27.6393,True,True,410.3427,2.4768
govdocs1-thread000,000175.ppt,fast,C++ native,AFC2,178176,127321,1.399424,28.542,True,True,31.0987,1.1244
govdocs1-thread000,000175.ppt,balanced,C++ native,AFC2,178176,123124,1.447126,30.8975,True,True,92.6691,1.0585
govdocs1-thread000,000175.ppt,maximum,C++ native,AFC2,178176,120501,1.478627,32.3697,True,True,154.7729,1.1974
govdocs1-thread000,000176.pdf,fast,C++ native,AFC3,74481,42024,1.772344,43.5776,True,True,333.2289,0.3144
govdocs1-thread000,000176.pdf,balanced,C++ native,AFC3,74481,40837,1.823861,45.1713,True,True,404.4211,0.2216
govdocs1-thread000,000176.pdf,maximum,C++ native,AFC3,74481,40574,1.835683,45.5244,True,True,502.5344,0.2288
govdocs1-thread000,000177.pdf,fast,C++ native,AFC3,300856,288473,1.042926,4.1159,True,True,1068.1614,0.7572
govdocs1-thread000,000177.pdf,balanced,C++ native,AFC3,300856,286754,1.049178,4.6873,True,True,1091.5889,0.6434
govdocs1-thread000,000177.pdf,maximum,C++ native,AFC3,300856,286608,1.049712,4.7358,True,True,1124.0769,0.5517
govdocs1-thread000,000178.html,fast,C++ native,AFC2,90511,37896,2.388405,58.1311,True,True,13.8349,0.4272
govdocs1-thread000,000178.html,balanced,C++ native,AFC2,90511,33700,2.685786,62.767,True,True,42.9364,0.5147
govdocs1-thread000,000178.html,maximum,C++ native,AFC2,90511,33700,2.685786,62.767,True,True,60.4278,0.4686
govdocs1-thread000,000179.html,fast,C++ native,AFC2,17150,9948,1.723965,41.9942,True,True,8.0111,0.1876
govdocs1-thread000,000179.html,balanced,C++ native,AFC2,17150,8906,1.925668,48.07,True,True,19.8436,0.1806
govdocs1-thread000,000179.html,maximum,C++ native,AFC2,17150,8906,1.925668,48.07,True,True,36.4857,0.2074
govdocs1-thread000,000180.html,fast,C++ native,AFC2,10810,5418,1.995201,49.8797,True,True,4.0584,0.0855
govdocs1-thread000,000180.html,balanced,C++ native,AFC2,10810,4674,2.312794,56.7623,True,True,12.1468,0.0767
govdocs1-thread000,000180.html,maximum,C++ native,AFC2,10810,4674,2.312794,56.7623,True,True,20.2798,0.0737
govdocs1-thread000,000181.ppt,fast,C++ native,AFC2,2183680,2157480,1.012144,1.1998,True,True,287.096,13.5908
govdocs1-thread000,000181.ppt,balanced,C++ native,AFC2,2183680,2153087,1.014209,1.401,True,True,721.5203,12.9463
govdocs1-thread000,000181.ppt,maximum,C++ native,AFC2,2183680,2146378,1.017379,1.7082,True,True,1596.4548,12.7683
govdocs1-thread000,000182.html,fast,C++ native,AFC2,15842,8533,1.856557,46.1369,True,True,6.4373,0.1557
govdocs1-thread000,000182.html,balanced,C++ native,AFC2,15842,7626,2.077367,51.8621,True,True,16.9854,0.1827
govdocs1-thread000,000182.html,maximum,C++ native,AFC2,15842,7626,2.077367,51.8621,True,True,36.422,0.1586
govdocs1-thread000,000183.html,fast,C++ native,AFC2,36780,17840,2.061659,51.4954,True,True,17.2053,0.3741
govdocs1-thread000,000183.html,balanced,C++ native,AFC2,36780,15729,2.338356,57.2349,True,True,32.8284,0.2315
govdocs1-thread000,000183.html,maximum,C++ native,AFC2,36780,15419,2.385369,58.0778,True,True,61.9826,0.313
govdocs1-thread000,000184.html,fast,C++ native,AFC2,13687,8008,1.709166,41.4919,True,True,5.5757,0.116
govdocs1-thread000,000184.html,balanced,C++ native,AFC2,13687,7118,1.922872,47.9944,True,True,14.1477,0.112
govdocs1-thread000,000184.html,maximum,C++ native,AFC2,13687,7097,1.928561,48.1479,True,True,23.532,0.1113
govdocs1-thread000,000185.html,fast,C++ native,AFC2,38194,18772,2.034626,50.8509,True,True,11.7379,0.3525
govdocs1-thread000,000185.html,balanced,C++ native,AFC2,38194,16612,2.299181,56.5063,True,True,29.3756,0.3342
govdocs1-thread000,000185.html,maximum,C++ native,AFC2,38194,16397,2.329329,57.0692,True,True,64.2377,0.3364
govdocs1-thread000,000186.html,fast,C++ native,AFC2,14417,6558,2.198384,54.512,True,True,4.8385,0.136
govdocs1-thread000,000186.html,balanced,C++ native,AFC2,14417,5666,2.544476,60.6992,True,True,12.6531,0.1036
govdocs1-thread000,000186.html,maximum,C++ native,AFC2,14417,5642,2.5553,60.8656,True,True,21.1878,0.1171
govdocs1-thread000,000187.pdf,fast,C++ native,AFC3,9122928,8987925,1.01502,1.4798,True,True,558.2663,22.4992
govdocs1-thread000,000187.pdf,balanced,C++ native,AFC3,9122928,8975141,1.016466,1.62,True,True,594.585,22.2311
govdocs1-thread000,000187.pdf,maximum,C++ native,AFC3,9122928,8974555,1.016533,1.6264,True,True,649.6007,21.9748
govdocs1-thread000,000188.html,fast,C++ native,AFC2,132748,48296,2.748633,63.6183,True,True,16.4121,0.6497
govdocs1-thread000,000188.html,balanced,C++ native,AFC2,132748,39883,3.328436,69.9559,True,True,41.3761,0.6531
govdocs1-thread000,000188.html,maximum,C++ native,AFC2,132748,38739,3.426728,70.8176,True,True,92.3849,0.6778
govdocs1-thread000,000189.pdf,fast,C++ native,AFC3,90222,83984,1.074276,6.9141,True,True,383.8356,0.2281
govdocs1-thread000,000189.pdf,balanced,C++ native,AFC3,90222,83324,1.082785,7.6456,True,True,424.385,0.2087
govdocs1-thread000,000189.pdf,maximum,C++ native,AFC3,90222,83287,1.083266,7.6866,True,True,459.5912,0.1795
govdocs1-thread000,000190.html,fast,C++ native,AFC2,32527,8152,3.990064,74.9377,True,True,8.3198,0.1384
govdocs1-thread000,000190.html,balanced,C++ native,AFC2,32527,6654,4.888338,79.5431,True,True,22.2038,0.1475
govdocs1-thread000,000190.html,maximum,C++ native,AFC2,32527,6570,4.950837,79.8014,True,True,35.6458,0.1614
govdocs1-thread000,000191.html,fast,C++ native,AFC2,84550,20181,4.189584,76.1313,True,True,9.5032,0.3122
govdocs1-thread000,000191.html,balanced,C++ native,AFC2,84550,17232,4.906569,79.6192,True,True,28.5921,0.3145
govdocs1-thread000,000191.html,maximum,C++ native,AFC2,84550,16525,5.11649,80.4554,True,True,53.2963,0.2813
govdocs1-thread000,000192.html,fast,C++ native,AFC2,9854,4994,1.973168,49.3201,True,True,4.1234,0.1051
govdocs1-thread000,000192.html,balanced,C++ native,AFC2,9854,4646,2.120964,52.8516,True,True,9.8091,0.0621
govdocs1-thread000,000192.html,maximum,C++ native,AFC2,9854,4646,2.120964,52.8516,True,True,15.2233,0.0778
govdocs1-thread000,000193.html,fast,C++ native,AFC2,8540,4655,1.834586,45.4918,True,True,4.0253,0.11
govdocs1-thread000,000193.html,balanced,C++ native,AFC2,8540,4074,2.09622,52.2951,True,True,8.3287,0.0676
govdocs1-thread000,000193.html,maximum,C++ native,AFC2,8540,4074,2.09622,52.2951,True,True,16.1628,0.0765
govdocs1-thread000,000194.html,fast,C++ native,AFC2,15602,8071,1.933094,48.2695,True,True,5.3795,0.167
govdocs1-thread000,000194.html,balanced,C++ native,AFC2,15602,7225,2.159446,53.6918,True,True,13.5861,0.145
govdocs1-thread000,000194.html,maximum,C++ native,AFC2,15602,7225,2.159446,53.6918,True,True,24.4751,0.148
govdocs1-thread000,000195.html,fast,C++ native,AFC2,11745,6937,1.693095,40.9366,True,True,4.7584,0.1366
govdocs1-thread000,000195.html,balanced,C++ native,AFC2,11745,6211,1.891,47.1179,True,True,10.4208,0.1557
govdocs1-thread000,000195.html,maximum,C++ native,AFC2,11745,6211,1.891,47.1179,True,True,19.5304,0.1461
govdocs1-thread000,000196.pdf,fast,C++ native,AFC3,40291,35769,1.126422,11.2234,True,True,117.3007,0.1658
govdocs1-thread000,000196.pdf,balanced,C++ native,AFC3,40291,35220,1.143981,12.5859,True,True,179.536,0.1389
govdocs1-thread000,000196.pdf,maximum,C++ native,AFC3,40291,35219,1.144013,12.5884,True,True,276.9837,0.1531
govdocs1-thread000,000197.html,fast,C++ native,AFC2,25594,12916,1.981573,49.535,True,True,9.4721,0.2716
govdocs1-thread000,000197.html,balanced,C++ native,AFC2,25594,10449,2.449421,59.174,True,True,26.73,0.189
govdocs1-thread000,000197.html,maximum,C++ native,AFC2,25594,10379,2.465941,59.4475,True,True,55.22,0.1991
govdocs1-thread000,000198.html,fast,C++ native,AFC2,36088,18213,1.981442,49.5317,True,True,12.2935,0.3243
govdocs1-thread000,000198.html,balanced,C++ native,AFC2,36088,15770,2.288396,56.3013,True,True,35.4133,0.2886
govdocs1-thread000,000198.html,maximum,C++ native,AFC2,36088,15070,2.394691,58.241,True,True,61.9928,0.2103
govdocs1-thread000,000199.html,fast,C++ native,AFC2,58983,26928,2.190397,54.3462,True,True,14.1353,0.3134
govdocs1-thread000,000199.html,balanced,C++ native,AFC2,58983,23228,2.539306,60.6192,True,True,45.2873,0.3943
govdocs1-thread000,000199.html,maximum,C++ native,AFC2,58983,21763,2.710242,63.1029,True,True,83.5113,0.364
govdocs1-thread000,000200.html,fast,C++ native,AFC2,3706,2213,1.67465,40.286,True,True,1.9352,0.0444
govdocs1-thread000,000200.html,balanced,C++ native,AFC2,3706,2028,1.827416,45.2779,True,True,4.5056,0.0485
govdocs1-thread000,000200.html,maximum,C++ native,AFC2,3706,2028,1.827416,45.2779,True,True,7.7958,0.0498
govdocs1-thread000,000201.html,fast,C++ native,AFC2,19570,10137,1.930551,48.2013,True,True,7.6591,0.1834
govdocs1-thread000,000201.html,balanced,C++ native,AFC2,19570,8624,2.269249,55.9325,True,True,20.7525,0.1999
govdocs1-thread000,000201.html,maximum,C++ native,AFC2,19570,8621,2.270038,55.9479,True,True,41.5939,0.2093
govdocs1-thread000,000202.html,fast,C++ native,AFC2,25133,10478,2.398645,58.3098,True,True,7.9733,0.17
govdocs1-thread000,000202.html,balanced,C++ native,AFC2,25133,8717,2.883217,65.3165,True,True,19.476,0.1395
govdocs1-thread000,000202.html,maximum,C++ native,AFC2,25133,8683,2.894507,65.4518,True,True,41.3753,0.1417
govdocs1-thread000,000203.html,fast,C++ native,AFC2,9585,5266,1.820167,45.06,True,True,4.1629,0.1098
govdocs1-thread000,000203.html,balanced,C++ native,AFC2,9585,4675,2.050267,51.2259,True,True,10.5746,0.1091
govdocs1-thread000,000203.html,maximum,C++ native,AFC2,9585,4671,2.052023,51.2676,True,True,17.9019,0.1084
govdocs1-thread000,000204.html,fast,C++ native,AFC2,63536,29519,2.152376,53.5397,True,True,16.2204,0.644
govdocs1-thread000,000204.html,balanced,C++ native,AFC2,63536,25586,2.483233,59.7299,True,True,42.8801,0.6027
govdocs1-thread000,000204.html,maximum,C++ native,AFC2,63536,25586,2.483233,59.7299,True,True,93.8714,0.5899
govdocs1-thread000,000205.html,fast,C++ native,AFC2,2948,1849,1.594375,37.2795,True,True,1.6603,0.0397
govdocs1-thread000,000205.html,balanced,C++ native,AFC2,2948,1765,1.670255,40.1289,True,True,3.6927,0.0341
govdocs1-thread000,000205.html,maximum,C++ native,AFC2,2948,1765,1.670255,40.1289,True,True,6.1808,0.0546
govdocs1-thread000,000206.html,fast,C++ native,AFC2,27836,13884,2.004898,50.1221,True,True,9.7078,0.2523
govdocs1-thread000,000206.html,balanced,C++ native,AFC2,27836,11908,2.337588,57.2209,True,True,25.7813,0.2389
govdocs1-thread000,000206.html,maximum,C++ native,AFC2,27836,11756,2.367812,57.7669,True,True,56.1622,0.2174
govdocs1-thread000,000207.html,fast,C++ native,AFC2,5608,3184,1.761307,43.224,True,True,3.4368,0.0681
govdocs1-thread000,000207.html,balanced,C++ native,AFC2,5608,2912,1.925824,48.0742,True,True,7.1609,0.04
govdocs1-thread000,000207.html,maximum,C++ native,AFC2,5608,2908,1.928473,48.1455,True,True,13.1149,0.0421
govdocs1-thread000,000208.pdf,fast,C++ native,AFC3,5582269,5453115,1.023684,2.3136,True,True,2541.7031,11.699
govdocs1-thread000,000208.pdf,balanced,C++ native,AFC3,5582269,5444780,1.025252,2.463,True,True,2614.4503,8.6799
govdocs1-thread000,000208.pdf,maximum,C++ native,AFC3,5582269,5437585,1.026608,2.5918,True,True,2723.0714,10.8637
govdocs1-thread000,000209.html,fast,C++ native,AFC2,66135,29019,2.279024,56.1216,True,True,13.0346,0.5114
govdocs1-thread000,000209.html,balanced,C++ native,AFC2,66135,25230,2.621284,61.8508,True,True,35.7887,0.6273
govdocs1-thread000,000209.html,maximum,C++ native,AFC2,66135,24622,2.686013,62.7701,True,True,57.5024,0.4798
govdocs1-thread000,000210.html,fast,C++ native,AFC2,11693,6457,1.810903,44.7789,True,True,4.9646,0.1109
govdocs1-thread000,000210.html,balanced,C++ native,AFC2,11693,5300,2.206226,54.6737,True,True,12.6172,0.1517
govdocs1-thread000,000210.html,maximum,C++ native,AFC2,11693,5248,2.228087,55.1184,True,True,22.2874,0.1119
govdocs1-thread000,000211.html,fast,C++ native,AFC2,5058,2948,1.715739,41.7161,True,True,2.1634,0.0526
govdocs1-thread000,000211.html,balanced,C++ native,AFC2,5058,2808,1.801282,44.484,True,True,5.2572,0.0486
govdocs1-thread000,000211.html,maximum,C++ native,AFC2,5058,2808,1.801282,44.484,True,True,9.4158,0.055
govdocs1-thread000,000212.html,fast,C++ native,AFC2,2326,1372,1.695335,41.0146,True,True,1.7543,0.0311
govdocs1-thread000,000212.html,balanced,C++ native,AFC2,2326,1329,1.750188,42.8633,True,True,3.4244,0.0323
govdocs1-thread000,000212.html,maximum,C++ native,AFC2,2326,1329,1.750188,42.8633,True,True,6.2696,0.0335
govdocs1-thread000,000213.html,fast,C++ native,AFC2,7270,4236,1.716242,41.7331,True,True,2.844,0.071
govdocs1-thread000,000213.html,balanced,C++ native,AFC2,7270,3913,1.85791,46.1761,True,True,6.1257,0.0628
govdocs1-thread000,000213.html,maximum,C++ native,AFC2,7270,3911,1.85886,46.2036,True,True,11.4544,0.0629
govdocs1-thread000,000214.html,fast,C++ native,AFC2,34250,13367,2.56228,60.9723,True,True,9.1432,0.2389
govdocs1-thread000,000214.html,balanced,C++ native,AFC2,34250,10843,3.15872,68.3416,True,True,24.302,0.179
govdocs1-thread000,000214.html,maximum,C++ native,AFC2,34250,10843,3.15872,68.3416,True,True,51.0606,0.2123
govdocs1-thread000,000215.html,fast,C++ native,AFC2,18328,9360,1.95812,48.9306,True,True,7.4718,0.1588
govdocs1-thread000,000215.html,balanced,C++ native,AFC2,18328,8091,2.265233,55.8544,True,True,19.2622,0.2049
govdocs1-thread000,000215.html,maximum,C++ native,AFC2,18328,8091,2.265233,55.8544,True,True,37.9526,0.2128
govdocs1-thread000,000216.html,fast,C++ native,AFC2,29134,14727,1.978271,49.4508,True,True,9.5415,0.2729
govdocs1-thread000,000216.html,balanced,C++ native,AFC2,29134,12638,2.30527,56.6211,True,True,28.3547,0.2049
govdocs1-thread000,000216.html,maximum,C++ native,AFC2,29134,12329,2.363046,57.6817,True,True,56.9745,0.2328
govdocs1-thread000,000217.html,fast,C++ native,AFC2,11223,5506,2.038322,50.94,True,True,4.7032,0.1128
govdocs1-thread000,000217.html,balanced,C++ native,AFC2,11223,4830,2.323602,56.9634,True,True,11.5664,0.0733
govdocs1-thread000,000217.html,maximum,C++ native,AFC2,11223,4830,2.323602,56.9634,True,True,19.6332,0.1099
govdocs1-thread000,000218.txt,fast,C++ native,AFC2,24340,10848,2.243732,55.4314,True,True,8.8435,0.2384
govdocs1-thread000,000218.txt,balanced,C++ native,AFC2,24340,9172,2.653729,62.3172,True,True,24.1688,0.1392
govdocs1-thread000,000218.txt,maximum,C++ native,AFC2,24340,8937,2.723509,63.2827,True,True,48.2677,0.1567
govdocs1-thread000,000219.txt,fast,C++ native,AFC2,1106,715,1.546853,35.3526,True,True,0.9091,0.0215
govdocs1-thread000,000219.txt,balanced,C++ native,AFC2,1106,715,1.546853,35.3526,True,True,2.0206,0.0213
govdocs1-thread000,000219.txt,maximum,C++ native,AFC2,1106,715,1.546853,35.3526,True,True,3.2012,0.0218
govdocs1-thread000,000220.txt,fast,C++ native,AFC2,15654,4956,3.158596,68.3404,True,True,3.7853,0.0715
govdocs1-thread000,000220.txt,balanced,C++ native,AFC2,15654,3983,3.930203,74.556,True,True,10.0176,0.0615
govdocs1-thread000,000220.txt,maximum,C++ native,AFC2,15654,3727,4.200161,76.1914,True,True,17.9812,0.0651
govdocs1-thread000,000221.txt,fast,C++ native,AFC2,1354,846,1.600473,37.5185,True,True,1.0125,0.0247
govdocs1-thread000,000221.txt,balanced,C++ native,AFC2,1354,842,1.608076,37.8139,True,True,2.1219,0.0225
govdocs1-thread000,000221.txt,maximum,C++ native,AFC2,1354,842,1.608076,37.8139,True,True,3.3156,0.0209
govdocs1-thread000,000222.txt,fast,C++ native,AFC2,32035,14162,2.262039,55.7921,True,True,9.2268,0.2668
govdocs1-thread000,000222.txt,balanced,C++ native,AFC2,32035,12766,2.5094,60.1498,True,True,28.0269,0.1876
govdocs1-thread000,000222.txt,maximum,C++ native,AFC2,32035,11832,2.707488,63.0654,True,True,56.3308,0.2523
govdocs1-thread000,000223.f,fast,C++ native,AFC2,1231,752,1.636968,38.9115,True,True,1.0623,0.0214
govdocs1-thread000,000223.f,balanced,C++ native,AFC2,1231,740,1.663514,39.8863,True,True,2.4122,0.0267
govdocs1-thread000,000223.f,maximum,C++ native,AFC2,1231,740,1.663514,39.8863,True,True,4.0147,0.0303
govdocs1-thread000,000224.txt,fast,C++ native,AFC2,13366,4630,2.886825,65.3599,True,True,3.9529,0.1043
govdocs1-thread000,000224.txt,balanced,C++ native,AFC2,13366,4299,3.109095,67.8363,True,True,11.7798,0.0613
govdocs1-thread000,000224.txt,maximum,C++ native,AFC2,13366,4295,3.111991,67.8662,True,True,20.724,0.0517
govdocs1-thread000,000225.f,fast,C++ native,AFC2,2685,1530,1.754902,43.0168,True,True,1.6632,0.0414
govdocs1-thread000,000225.f,balanced,C++ native,AFC2,2685,1530,1.754902,43.0168,True,True,3.986,0.0459
govdocs1-thread000,000225.f,maximum,C++ native,AFC2,2685,1530,1.754902,43.0168,True,True,6.517,0.0388
govdocs1-thread000,000226.txt,fast,C++ native,AFC2,192354,95007,2.02463,50.6083,True,True,36.004,2.0391
govdocs1-thread000,000226.txt,balanced,C++ native,AFC2,192354,85630,2.246339,55.4831,True,True,90.4169,1.676
govdocs1-thread000,000226.txt,maximum,C++ native,AFC2,192354,85365,2.253312,55.6209,True,True,193.0219,1.7394
govdocs1-thread000,000227.txt,fast,C++ native,AFC2,700229,333921,2.09699,52.3126,True,True,120.7767,4.8727
govdocs1-thread000,000227.txt,balanced,C++ native,AFC2,700229,300610,2.32936,57.0698,True,True,340.5185,4.2916
govdocs1-thread000,000227.txt,maximum,C++ native,AFC2,700229,299455,2.338345,57.2347,True,True,657.6284,4.6739
govdocs1-thread000,000228.txt,fast,C++ native,AFC2,934915,444072,2.105323,52.5014,True,True,182.1306,6.3329
govdocs1-thread000,000228.txt,balanced,C++ native,AFC2,934915,398641,2.345256,57.3607,True,True,455.2122,6.4183
govdocs1-thread000,000228.txt,maximum,C++ native,AFC2,934915,396183,2.359806,57.6236,True,True,883.69,5.5585
govdocs1-thread000,000229.txt,fast,C++ native,AFC2,14000,8718,1.605873,37.7286,True,True,5.5189,0.1815
govdocs1-thread000,000229.txt,balanced,C++ native,AFC2,14000,8193,1.708776,41.4786,True,True,13.5961,0.1507
govdocs1-thread000,000229.txt,maximum,C++ native,AFC2,14000,8193,1.708776,41.4786,True,True,20.5082,0.1818
govdocs1-thread000,000230.txt,fast,C++ native,AFC2,28277,16347,1.729798,42.1898,True,True,9.7806,0.3016
govdocs1-thread000,000230.txt,balanced,C++ native,AFC2,28277,14843,1.905073,47.5086,True,True,25.4836,0.2988
govdocs1-thread000,000230.txt,maximum,C++ native,AFC2,28277,14843,1.905073,47.5086,True,True,47.907,0.3062
govdocs1-thread000,000231.jpg,fast,C++ native,AFC2,17107,16851,1.015192,1.4965,True,True,7.0931,0.1448
govdocs1-thread000,000231.jpg,balanced,C++ native,AFC2,17107,16776,1.019731,1.9349,True,True,19.6243,0.1357
govdocs1-thread000,000231.jpg,maximum,C++ native,AFC2,17107,16776,1.019731,1.9349,True,True,33.096,0.1276
govdocs1-thread000,000232.jpg,fast,C++ native,AFC2,78199,77336,1.011159,1.1036,True,True,19.9104,0.5295
govdocs1-thread000,000232.jpg,balanced,C++ native,AFC2,78199,77020,1.015308,1.5077,True,True,42.6346,0.5709
govdocs1-thread000,000232.jpg,maximum,C++ native,AFC2,78199,77020,1.015308,1.5077,True,True,62.6759,0.5295
govdocs1-thread000,000233.gif,fast,C++ native,AFC2,120908,101902,1.186513,15.7194,True,True,28.1529,1.1887
govdocs1-thread000,000233.gif,balanced,C++ native,AFC2,120908,98758,1.224286,18.3197,True,True,81.3452,1.2714
govdocs1-thread000,000233.gif,maximum,C++ native,AFC2,120908,98758,1.224286,18.3197,True,True,151.9143,1.2349
govdocs1-thread000,000234.jpg,fast,C++ native,AFC1,45468,45476,0.999824,-0.0176,True,True,13.0388,0.0543
govdocs1-thread000,000234.jpg,balanced,C++ native,AFC1,45468,45476,0.999824,-0.0176,True,True,27.3422,0.0376
govdocs1-thread000,000234.jpg,maximum,C++ native,AFC1,45468,45476,0.999824,-0.0176,True,True,41.8014,0.0363
govdocs1-thread000,000235.jpg,fast,C++ native,AFC1,14010,14017,0.999501,-0.05,True,True,5.7958,0.013
govdocs1-thread000,000235.jpg,balanced,C++ native,AFC1,14010,14017,0.999501,-0.05,True,True,11.3403,0.0212
govdocs1-thread000,000235.jpg,maximum,C++ native,AFC1,14010,14017,0.999501,-0.05,True,True,19.3038,0.0143
govdocs1-thread000,000236.pdf,fast,C++ native,AFC2,12423,8396,1.479633,32.4157,True,True,50.2528,0.1097
govdocs1-thread000,000236.pdf,balanced,C++ native,AFC2,12423,7977,1.557352,35.7885,True,True,91.8628,0.0856
govdocs1-thread000,000236.pdf,maximum,C++ native,AFC2,12423,7971,1.558525,35.8368,True,True,116.7949,0.0899
govdocs1-thread000,000237.jpg,fast,C++ native,AFC1,23941,23949,0.999666,-0.0334,True,True,9.7082,0.0187
govdocs1-thread000,000237.jpg,balanced,C++ native,AFC1,23941,23949,0.999666,-0.0334,True,True,20.2799,0.0273
govdocs1-thread000,000237.jpg,maximum,C++ native,AFC1,23941,23949,0.999666,-0.0334,True,True,36.6917,0.0322
govdocs1-thread000,000238.jpg,fast,C++ native,AFC1,27700,27708,0.999711,-0.0289,True,True,10.2784,0.031
govdocs1-thread000,000238.jpg,balanced,C++ native,AFC1,27700,27708,0.999711,-0.0289,True,True,22.8306,0.0292
govdocs1-thread000,000238.jpg,maximum,C++ native,AFC1,27700,27708,0.999711,-0.0289,True,True,38.56,0.0247
govdocs1-thread000,000239.jpg,fast,C++ native,AFC1,27628,27636,0.999711,-0.029,True,True,10.9347,0.0329
govdocs1-thread000,000239.jpg,balanced,C++ native,AFC1,27628,27636,0.999711,-0.029,True,True,22.8304,0.0252
govdocs1-thread000,000239.jpg,maximum,C++ native,AFC1,27628,27636,0.999711,-0.029,True,True,38.5977,0.0288
govdocs1-thread000,000240.jpg,fast,C++ native,AFC1,13512,13519,0.999482,-0.0518,True,True,6.0233,0.0145
govdocs1-thread000,000240.jpg,balanced,C++ native,AFC1,13512,13519,0.999482,-0.0518,True,True,11.7142,0.0214
govdocs1-thread000,000240.jpg,maximum,C++ native,AFC1,13512,13519,0.999482,-0.0518,True,True,20.1194,0.0213
govdocs1-thread000,000241.gif,fast,C++ native,AFC2,311268,307268,1.013018,1.2851,True,True,85.1198,2.0254
govdocs1-thread000,000241.gif,balanced,C++ native,AFC2,311268,306665,1.01501,1.4788,True,True,201.8915,1.8722
govdocs1-thread000,000241.gif,maximum,C++ native,AFC2,311268,306665,1.01501,1.4788,True,True,331.0972,2.0913
govdocs1-thread000,000242.jpg,fast,C++ native,AFC2,13091,12965,1.009718,0.9625,True,True,5.7684,0.0919
govdocs1-thread000,000242.jpg,balanced,C++ native,AFC2,13091,12893,1.015357,1.5125,True,True,13.568,0.1452
govdocs1-thread000,000242.jpg,maximum,C++ native,AFC2,13091,12893,1.015357,1.5125,True,True,22.6263,0.0938
govdocs1-thread000,000243.jpg,fast,C++ native,AFC2,56683,54369,1.042561,4.0824,True,True,16.6583,0.4729
govdocs1-thread000,000243.jpg,balanced,C++ native,AFC2,56683,53482,1.059852,5.6472,True,True,39.9842,0.3223
govdocs1-thread000,000243.jpg,maximum,C++ native,AFC2,56683,53366,1.062156,5.8518,True,True,74.3204,0.4962
govdocs1-thread000,000244.jpg,fast,C++ native,AFC2,30640,29806,1.027981,2.7219,True,True,10.9182,0.2211
govdocs1-thread000,000244.jpg,balanced,C++ native,AFC2,30640,29380,1.042886,4.1123,True,True,26.5266,0.2015
govdocs1-thread000,000244.jpg,maximum,C++ native,AFC2,30640,29380,1.042886,4.1123,True,True,47.2824,0.1901
govdocs1-thread000,000245.jpg,fast,C++ native,AFC1,3851,3858,0.998186,-0.1818,True,True,2.1309,0.0095
govdocs1-thread000,000245.jpg,balanced,C++ native,AFC1,3851,3858,0.998186,-0.1818,True,True,7.2378,0.0127
govdocs1-thread000,000245.jpg,maximum,C++ native,AFC1,3851,3858,0.998186,-0.1818,True,True,12.3663,0.0126
govdocs1-thread000,000246.jpg,fast,C++ native,AFC2,24618,24347,1.011131,1.1008,True,True,9.0086,0.1839
govdocs1-thread000,000246.jpg,balanced,C++ native,AFC2,24618,23982,1.02652,2.5835,True,True,25.2051,0.157
govdocs1-thread000,000246.jpg,maximum,C++ native,AFC2,24618,23982,1.02652,2.5835,True,True,41.1171,0.165
govdocs1-thread000,000247.jpg,fast,C++ native,AFC1,18510,18518,0.999568,-0.0432,True,True,7.6989,0.0257
govdocs1-thread000,000247.jpg,balanced,C++ native,AFC1,18510,18518,0.999568,-0.0432,True,True,17.5841,0.0246
govdocs1-thread000,000247.jpg,maximum,C++ native,AFC1,18510,18518,0.999568,-0.0432,True,True,27.6693,0.0295
govdocs1-thread000,000248.doc,fast,C++ native,AFC2,1015808,815428,1.245736,19.7262,True,True,192.3546,5.4728
govdocs1-thread000,000248.doc,balanced,C++ native,AFC2,1015808,773872,1.312631,23.8171,True,True,494.027,5.2819
govdocs1-thread000,000248.doc,maximum,C++ native,AFC2,1015808,768520,1.321772,24.344,True,True,978.095,6.0699
govdocs1-thread000,000249.doc,fast,C++ native,AFC2,100352,78714,1.274894,21.5621,True,True,22.621,0.5858
govdocs1-thread000,000249.doc,balanced,C++ native,AFC2,100352,76790,1.306837,23.4794,True,True,47.1062,0.6062
govdocs1-thread000,000249.doc,maximum,C++ native,AFC2,100352,76753,1.307467,23.5162,True,True,87.4436,0.6269
govdocs1-thread000,000250.doc,fast,C++ native,AFC2,55808,23239,2.40148,58.359,True,True,12.4677,0.4271
govdocs1-thread000,000250.doc,balanced,C++ native,AFC2,55808,21166,2.636681,62.0735,True,True,35.3677,0.2718
govdocs1-thread000,000250.doc,maximum,C++ native,AFC2,55808,21166,2.636681,62.0735,True,True,86.3244,0.3408
govdocs1-thread000,000251.pdf,fast,C++ native,AFC2,10788,8769,1.230243,18.7152,True,True,53.3057,0.1169
govdocs1-thread000,000251.pdf,balanced,C++ native,AFC2,10788,8349,1.292131,22.6085,True,True,91.9863,0.0989
govdocs1-thread000,000251.pdf,maximum,C++ native,AFC2,10788,8349,1.292131,22.6085,True,True,132.6315,0.089
govdocs1-thread000,000252.pdf,fast,C++ native,AFC2,200856,191617,1.048216,4.5998,True,True,236.5244,1.3928
govdocs1-thread000,000252.pdf,balanced,C++ native,AFC2,200856,189544,1.05968,5.6319,True,True,327.4279,1.1554
govdocs1-thread000,000252.pdf,maximum,C++ native,AFC2,200856,188895,1.063321,5.955,True,True,432.9339,1.4479
govdocs1-thread000,000253.doc,fast,C++ native,AFC2,91648,35899,2.55294,60.8295,True,True,14.941,0.7076
govdocs1-thread000,000253.doc,balanced,C++ native,AFC2,91648,32370,2.831264,64.6801,True,True,36.7961,0.6286
govdocs1-thread000,000253.doc,maximum,C++ native,AFC2,91648,31945,2.868931,65.1438,True,True,61.9905,0.6222
govdocs1-thread000,000254.doc,fast,C++ native,AFC2,73728,31546,2.337158,57.213,True,True,11.7022,0.5228
govdocs1-thread000,000254.doc,balanced,C++ native,AFC2,73728,28858,2.554855,60.8588,True,True,30.3362,0.51
govdocs1-thread000,000254.doc,maximum,C++ native,AFC2,73728,27944,2.63842,62.0985,True,True,54.3546,0.5058
govdocs1-thread000,000255.doc,fast,C++ native,AFC2,74752,22454,3.329117,69.962,True,True,9.7123,0.4306
govdocs1-thread000,000255.doc,balanced,C++ native,AFC2,74752,19847,3.766413,73.4495,True,True,27.055,0.366
govdocs1-thread000,000255.doc,maximum,C++ native,AFC2,74752,18989,3.936595,74.5973,True,True,39.6378,0.4403
govdocs1-thread000,000256.doc,fast,C++ native,AFC2,27648,5660,4.884806,79.5284,True,True,5.8968,0.1532
govdocs1-thread000,000256.doc,balanced,C++ native,AFC2,27648,5293,5.223503,80.8558,True,True,16.515,0.1479
govdocs1-thread000,000256.doc,maximum,C++ native,AFC2,27648,5262,5.254276,80.9679,True,True,31.7227,0.115
govdocs1-thread000,000257.rtf,fast,C++ native,AFC2,255469,105328,2.425461,58.7707,True,True,38.0066,1.7161
govdocs1-thread000,000257.rtf,balanced,C++ native,AFC2,255469,92790,2.753195,63.6786,True,True,98.4062,1.5598
govdocs1-thread000,000257.rtf,maximum,C++ native,AFC2,255469,92001,2.776807,63.9874,True,True,192.3506,1.7607
govdocs1-thread000,000258.rtf,fast,C++ native,AFC2,325316,128783,2.526079,60.413,True,True,45.3359,2.189
govdocs1-thread000,000258.rtf,balanced,C++ native,AFC2,325316,109060,2.982908,66.4757,True,True,115.0729,1.9564
govdocs1-thread000,000258.rtf,maximum,C++ native,AFC2,325316,108506,2.998138,66.646,True,True,261.3432,1.8861
govdocs1-thread000,000259.doc,fast,C++ native,AFC2,93184,43006,2.166767,53.8483,True,True,17.5737,0.6951
govdocs1-thread000,000259.doc,balanced,C++ native,AFC2,93184,39268,2.373026,57.8597,True,True,43.4147,0.7472
govdocs1-thread000,000259.doc,maximum,C++ native,AFC2,93184,38384,2.427678,58.8084,True,True,81.6103,0.6623
govdocs1-thread000,000260.doc,fast,C++ native,AFC2,197120,121895,1.617129,38.162,True,True,31.8075,1.1618
govdocs1-thread000,000260.doc,balanced,C++ native,AFC2,197120,117102,1.683319,40.5935,True,True,82.2098,1.2256
govdocs1-thread000,000260.doc,maximum,C++ native,AFC2,197120,114362,1.723649,41.9836,True,True,152.8572,1.2103
govdocs1-thread000,000261.doc,fast,C++ native,AFC2,1077248,940238,1.145718,12.7185,True,True,222.0909,6.4843
govdocs1-thread000,000261.doc,balanced,C++ native,AFC2,1077248,931534,1.156424,13.5265,True,True,546.476,6.3918
govdocs1-thread000,000261.doc,maximum,C++ native,AFC2,1077248,928370,1.160365,13.8202,True,True,1142.4441,6.3708
govdocs1-thread000,000262.pdf,fast,C++ native,AFC2,429655,330942,1.298279,22.9749,True,True,102.9332,3.0258
govdocs1-thread000,000262.pdf,balanced,C++ native,AFC2,429655,326713,1.315084,23.9592,True,True,248.5213,2.533
govdocs1-thread000,000262.pdf,maximum,C++ native,AFC2,429655,326713,1.315084,23.9592,True,True,464.3494,2.822
govdocs1-thread000,000263.pdf,fast,C++ native,AFC3,18247,16206,1.125941,11.1854,True,True,13.4504,0.123
govdocs1-thread000,000263.pdf,balanced,C++ native,AFC3,18247,15797,1.155093,13.4269,True,True,34.3063,0.1183
govdocs1-thread000,000263.pdf,maximum,C++ native,AFC3,18247,15797,1.155093,13.4269,True,True,53.2269,0.1042
govdocs1-thread000,000264.doc,fast,C++ native,AFC2,51200,19995,2.56064,60.9473,True,True,11.7969,0.4018
govdocs1-thread000,000264.doc,balanced,C++ native,AFC2,51200,18594,2.753576,63.6836,True,True,36.0185,0.353
govdocs1-thread000,000264.doc,maximum,C++ native,AFC2,51200,18576,2.756245,63.7188,True,True,77.9954,0.3316
govdocs1-thread000,000265.doc,fast,C++ native,AFC2,20992,3919,5.356468,81.331,True,True,4.9176,0.1163
govdocs1-thread000,000265.doc,balanced,C++ native,AFC2,20992,3794,5.532947,81.9264,True,True,16.382,0.1102
govdocs1-thread000,000265.doc,maximum,C++ native,AFC2,20992,3794,5.532947,81.9264,True,True,28.2051,0.1162
govdocs1-thread000,000266.pdf,fast,C++ native,AFC3,19021,16802,1.132068,11.6661,True,True,127.8869,0.163
govdocs1-thread000,000266.pdf,balanced,C++ native,AFC3,19021,16624,1.144189,12.6019,True,True,175.5205,0.1698
govdocs1-thread000,000266.pdf,maximum,C++ native,AFC3,19021,16624,1.144189,12.6019,True,True,260.5288,0.1799
govdocs1-thread000,000267.doc,fast,C++ native,AFC2,337920,136495,2.475695,59.6073,True,True,39.3705,1.6281
govdocs1-thread000,000267.doc,balanced,C++ native,AFC2,337920,121500,2.781235,64.0447,True,True,112.6122,1.6641
govdocs1-thread000,000267.doc,maximum,C++ native,AFC2,337920,119065,2.838114,64.7653,True,True,249.1552,1.6959
govdocs1-thread000,000268.doc,fast,C++ native,AFC2,28160,6250,4.5056,77.8054,True,True,5.9433,0.1665
govdocs1-thread000,000268.doc,balanced,C++ native,AFC2,28160,5933,4.746334,78.9311,True,True,17.9803,0.1541
govdocs1-thread000,000268.doc,maximum,C++ native,AFC2,28160,5929,4.749536,78.9453,True,True,37.3941,0.1402
govdocs1-thread000,000269.pdf,fast,C++ native,AFC2,2066037,2034325,1.015588,1.5349,True,True,736.8027,12.5156
govdocs1-thread000,000269.pdf,balanced,C++ native,AFC2,2066037,2031090,1.017206,1.6915,True,True,1316.6978,11.5237
govdocs1-thread000,000269.pdf,maximum,C++ native,AFC2,2066037,2031021,1.017241,1.6948,True,True,2470.4651,11.4797
govdocs1-thread000,000270.pdf,fast,C++ native,AFC3,70312,62819,1.119279,10.6568,True,True,497.3809,0.2632
govdocs1-thread000,000270.pdf,balanced,C++ native,AFC3,70312,61633,1.140817,12.3436,True,True,595.8359,0.1993
govdocs1-thread000,000270.pdf,maximum,C++ native,AFC3,70312,61573,1.141929,12.4289,True,True,802.5685,0.2291
govdocs1-thread000,000271.doc,fast,C++ native,AFC2,78848,50547,1.559895,35.8931,True,True,17.6204,0.8187
govdocs1-thread000,000271.doc,balanced,C++ native,AFC2,78848,46689,1.688792,40.7861,True,True,45.432,0.8099
govdocs1-thread000,000271.doc,maximum,C++ native,AFC2,78848,46689,1.688792,40.7861,True,True,80.4994,0.7482
govdocs1-thread000,000272.pdf,fast,C++ native,AFC3,293665,283055,1.037484,3.613,True,True,2206.3938,0.7353
govdocs1-thread000,000272.pdf,balanced,C++ native,AFC3,293665,281517,1.043152,4.1367,True,True,2418.3143,0.812
govdocs1-thread000,000272.pdf,maximum,C++ native,AFC3,293665,281460,1.043363,4.1561,True,True,2818.4792,1.0329
govdocs1-thread000,000273.doc,fast,C++ native,AFC2,32768,10020,3.270259,69.4214,True,True,9.5726,0.183
govdocs1-thread000,000273.doc,balanced,C++ native,AFC2,32768,9450,3.467513,71.1609,True,True,27.86,0.2902
govdocs1-thread000,000273.doc,maximum,C++ native,AFC2,32768,9447,3.468614,71.17,True,True,42.8666,0.2779
govdocs1-thread000,000274.doc,fast,C++ native,AFC2,53760,26587,2.022041,50.545,True,True,11.2703,0.3414
govdocs1-thread000,000274.doc,balanced,C++ native,AFC2,53760,25128,2.139446,53.2589,True,True,32.783,0.2486
govdocs1-thread000,000274.doc,maximum,C++ native,AFC2,53760,24994,2.150916,53.5082,True,True,64.0643,0.2763
govdocs1-thread000,000275.doc,fast,C++ native,AFC2,31232,10740,2.908007,65.6122,True,True,7.476,0.2057
govdocs1-thread000,000275.doc,balanced,C++ native,AFC2,31232,9864,3.166261,68.417,True,True,22.8349,0.1689
govdocs1-thread000,000275.doc,maximum,C++ native,AFC2,31232,9855,3.169153,68.4458,True,True,49.0725,0.1639
govdocs1-thread000,000276.doc,fast,C++ native,AFC2,232448,135810,1.711568,41.574,True,True,38.4149,1.3318
govdocs1-thread000,000276.doc,balanced,C++ native,AFC2,232448,127167,1.827896,45.2923,True,True,88.9555,1.3367
govdocs1-thread000,000276.doc,maximum,C++ native,AFC2,232448,123658,1.879765,46.8019,True,True,192.2628,1.3869
govdocs1-thread000,000277.doc,fast,C++ native,AFC2,275456,124529,2.211983,54.7917,True,True,27.7074,1.1062
govdocs1-thread000,000277.doc,balanced,C++ native,AFC2,275456,114272,2.410529,58.5153,True,True,73.0895,1.1204
govdocs1-thread000,000277.doc,maximum,C++ native,AFC2,275456,111452,2.471521,59.5391,True,True,162.349,1.2003
govdocs1-thread000,000278.doc,fast,C++ native,AFC2,78336,34841,2.248386,55.5236,True,True,13.8969,0.5203
govdocs1-thread000,000278.doc,balanced,C++ native,AFC2,78336,31366,2.497481,59.9597,True,True,36.8938,0.5135
govdocs1-thread000,000278.doc,maximum,C++ native,AFC2,78336,30865,2.53802,60.5992,True,True,65.8555,0.5643
govdocs1-thread000,000279.doc,fast,C++ native,AFC2,29184,9514,3.06748,67.3999,True,True,7.4093,0.1774
govdocs1-thread000,000279.doc,balanced,C++ native,AFC2,29184,8728,3.343721,70.0932,True,True,20.9122,0.1465
govdocs1-thread000,000279.doc,maximum,C++ native,AFC2,29184,8728,3.343721,70.0932,True,True,40.7332,0.1398
govdocs1-thread000,000280.pdf,fast,C++ native,AFC3,1174312,1108732,1.059149,5.5845,True,True,1480.2831,2.3388
govdocs1-thread000,000280.pdf,balanced,C++ native,AFC3,1174312,1104785,1.062933,5.9207,True,True,1602.3123,2.6764
govdocs1-thread000,000280.pdf,maximum,C++ native,AFC3,1174312,1104598,1.063113,5.9366,True,True,1848.0616,3.2125
govdocs1-thread000,000281.doc,fast,C++ native,AFC2,247296,55436,4.460928,77.5831,True,True,18.3941,0.8966
govdocs1-thread000,000281.doc,balanced,C++ native,AFC2,247296,47517,5.204369,80.7854,True,True,53.3946,0.7849
govdocs1-thread000,000281.doc,maximum,C++ native,AFC2,247296,44516,5.555216,81.9989,True,True,96.8511,0.7183
govdocs1-thread000,000282.pdf,fast,C++ native,AFC3,3918750,3642973,1.075701,7.0374,True,True,815.2111,9.3717
govdocs1-thread000,000282.pdf,balanced,C++ native,AFC3,3918750,3626647,1.080544,7.454,True,True,1474.4626,10.7799
govdocs1-thread000,000282.pdf,maximum,C++ native,AFC3,3918750,3623806,1.081391,7.5265,True,True,2951.1976,7.8059
govdocs1-thread000,000283.doc,fast,C++ native,AFC2,72269,25228,2.864635,65.0915,True,True,10.7889,0.3727
govdocs1-thread000,000283.doc,balanced,C++ native,AFC2,72269,23343,3.09596,67.6998,True,True,30.3142,0.4537
govdocs1-thread000,000283.doc,maximum,C++ native,AFC2,72269,23136,3.12366,67.9863,True,True,52.6088,0.385
govdocs1-thread000,000284.txt,fast,C++ native,AFC2,29867,15566,1.918733,47.8823,True,True,10.6438,0.3352
govdocs1-thread000,000284.txt,balanced,C++ native,AFC2,29867,13771,2.168833,53.8923,True,True,27.2864,0.2949
govdocs1-thread000,000284.txt,maximum,C++ native,AFC2,29867,13771,2.168833,53.8923,True,True,53.6317,0.3578
govdocs1-thread000,000285.doc,fast,C++ native,AFC2,28672,7039,4.073306,75.4499,True,True,6.2848,0.1597
govdocs1-thread000,000285.doc,balanced,C++ native,AFC2,28672,6658,4.306398,76.7787,True,True,22.5812,0.1387
govdocs1-thread000,000285.doc,maximum,C++ native,AFC2,28672,6653,4.309635,76.7962,True,True,36.1875,0.1403
govdocs1-thread000,000286.doc,fast,C++ native,AFC2,83456,52071,1.602735,37.6066,True,True,13.5293,0.6142
govdocs1-thread000,000286.doc,balanced,C++ native,AFC2,83456,49997,1.66922,40.0918,True,True,33.4318,0.5407
govdocs1-thread000,000286.doc,maximum,C++ native,AFC2,83456,49975,1.669955,40.1181,True,True,53.8754,0.5653
govdocs1-thread000,000287.doc,fast,C++ native,AFC2,209920,79471,2.641467,62.1422,True,True,27.5711,1.4474
govdocs1-thread000,000287.doc,balanced,C++ native,AFC2,209920,72713,2.886967,65.3616,True,True,83.5798,1.2112
govdocs1-thread000,000287.doc,maximum,C++ native,AFC2,209920,71807,2.923392,65.7932,True,True,149.8686,1.2322
govdocs1-thread000,000288.ppt,fast,C++ native,AFC2,1146368,1032199,1.110608,9.9592,True,True,223.1737,6.4975
govdocs1-thread000,000288.ppt,balanced,C++ native,AFC2,1146368,1003294,1.142604,12.4806,True,True,533.8824,6.4358
govdocs1-thread000,000288.ppt,maximum,C++ native,AFC2,1146368,999336,1.14713,12.8259,True,True,1042.0264,6.5919
govdocs1-thread000,000289.ppt,fast,C++ native,AFC2,1808896,1667354,1.08489,7.8248,True,True,263.5064,10.0192
govdocs1-thread000,000289.ppt,balanced,C++ native,AFC2,1808896,1643194,1.100841,9.1604,True,True,671.0413,9.5471
govdocs1-thread000,000289.ppt,maximum,C++ native,AFC2,1808896,1606849,1.125741,11.1696,True,True,1387.1654,9.2021
govdocs1-thread000,000290.ppt,fast,C++ native,AFC2,98304,30483,3.224879,68.9911,True,True,11.7751,0.448
govdocs1-thread000,000290.ppt,balanced,C++ native,AFC2,98304,28760,3.418081,70.7438,True,True,32.1173,0.5983
govdocs1-thread000,000290.ppt,maximum,C++ native,AFC2,98304,28760,3.418081,70.7438,True,True,65.026,0.6197
govdocs1-thread000,000291.ppt,fast,C++ native,AFC2,1262592,1111874,1.135553,11.9372,True,True,242.0266,6.7968
govdocs1-thread000,000291.ppt,balanced,C++ native,AFC2,1262592,1100974,1.146795,12.8005,True,True,603.1819,7.0084
govdocs1-thread000,000291.ppt,maximum,C++ native,AFC2,1262592,1091889,1.156337,13.52,True,True,1230.681,12.8224
govdocs1-thread000,000292.ppt,fast,C++ native,AFC2,2917888,2843857,1.026032,2.5371,True,True,316.7066,16.1644
govdocs1-thread000,000292.ppt,balanced,C++ native,AFC2,2917888,2832939,1.029986,2.9113,True,True,956.2042,17.0864
govdocs1-thread000,000292.ppt,maximum,C++ native,AFC2,2917888,2816839,1.035873,3.4631,True,True,2024.5582,17.1045
govdocs1-thread000,000293.ppt,fast,C++ native,AFC2,76288,28190,2.706208,63.0479,True,True,10.4417,0.3853
govdocs1-thread000,000293.ppt,balanced,C++ native,AFC2,76288,26351,2.89507,65.4585,True,True,31.0806,0.3762
govdocs1-thread000,000293.ppt,maximum,C++ native,AFC2,76288,26226,2.908869,65.6224,True,True,44.3147,0.4562
govdocs1-thread000,000294.ppt,fast,C++ native,AFC2,60928,21827,2.791405,64.1757,True,True,11.9627,0.3502
govdocs1-thread000,000294.ppt,balanced,C++ native,AFC2,60928,19920,3.058635,67.3057,True,True,34.9247,0.4011
govdocs1-thread000,000294.ppt,maximum,C++ native,AFC2,60928,19630,3.103821,67.7816,True,True,74.9601,0.3925
govdocs1-thread000,000295.ppt,fast,C++ native,AFC2,367616,299710,1.226572,18.472,True,True,78.9234,2.1226
govdocs1-thread000,000295.ppt,balanced,C++ native,AFC2,367616,293470,1.252653,20.1694,True,True,186.8692,1.9197
govdocs1-thread000,000295.ppt,maximum,C++ native,AFC2,367616,290440,1.265721,20.9936,True,True,377.6742,2.1543
govdocs1-thread000,000296.ppt,fast,C++ native,AFC2,157696,57394,2.747604,63.6047,True,True,27.3736,1.1334
govdocs1-thread000,000296.ppt,balanced,C++ native,AFC2,157696,51807,3.043913,67.1475,True,True,64.2626,1.0197
govdocs1-thread000,000296.ppt,maximum,C++ native,AFC2,157696,48413,3.257307,69.2998,True,True,101.2799,0.9299
govdocs1-thread000,000297.ppt,fast,C++ native,AFC2,96256,29895,3.219803,68.9422,True,True,11.4628,0.4355
govdocs1-thread000,000297.ppt,balanced,C++ native,AFC2,96256,26707,3.604149,72.2542,True,True,30.5265,0.4154
govdocs1-thread000,000297.ppt,maximum,C++ native,AFC2,96256,24473,3.933151,74.5751,True,True,57.0894,0.5488
govdocs1-thread000,000298.ppt,fast,C++ native,AFC2,1768960,1317664,1.342497,25.5119,True,True,223.385,8.4985
govdocs1-thread000,000298.ppt,balanced,C++ native,AFC2,1768960,1269119,1.393849,28.2562,True,True,560.5492,8.566
govdocs1-thread000,000298.ppt,maximum,C++ native,AFC2,1768960,1219824,1.450176,31.0429,True,True,1175.4618,7.889
govdocs1-thread000,000299.ppt,fast,C++ native,AFC2,2073088,1776216,1.167137,14.3203,True,True,253.6297,10.5914
govdocs1-thread000,000299.ppt,balanced,C++ native,AFC2,2073088,1759195,1.17843,15.1413,True,True,678.6333,11.0834
govdocs1-thread000,000299.ppt,maximum,C++ native,AFC2,2073088,1747830,1.186092,15.6895,True,True,1439.8394,9.9158
govdocs1-thread000,000300.ppt,fast,C++ native,AFC2,74752,27899,2.679379,62.6779,True,True,9.8364,0.3755
govdocs1-thread000,000300.ppt,balanced,C++ native,AFC2,74752,26055,2.869008,65.1447,True,True,28.6618,0.3829
govdocs1-thread000,000300.ppt,maximum,C++ native,AFC2,74752,25856,2.891089,65.411,True,True,57.1602,0.4694
govdocs1-thread000,000301.ppt,fast,C++ native,AFC2,209408,127394,1.643782,39.1647,True,True,32.226,1.0147
govdocs1-thread000,000301.ppt,balanced,C++ native,AFC2,209408,124976,1.675586,40.3194,True,True,77.0847,1.2036
govdocs1-thread000,000301.ppt,maximum,C++ native,AFC2,209408,120872,1.732477,42.2792,True,True,157.4228,1.2096
govdocs1-thread000,000302.ppt,fast,C++ native,AFC2,550400,399618,1.377315,27.395,True,True,106.0474,3.825
govdocs1-thread000,000302.ppt,balanced,C++ native,AFC2,550400,387442,1.4206,29.6072,True,True,272.0495,2.5635
govdocs1-thread000,000302.ppt,maximum,C++ native,AFC2,550400,382750,1.438014,30.4597,True,True,501.6518,3.6816
govdocs1-thread000,000303.ppt,fast,C++ native,AFC2,946176,903317,1.047446,4.5297,True,True,202.9939,5.2873
govdocs1-thread000,000303.ppt,balanced,C++ native,AFC2,946176,898948,1.052537,4.9915,True,True,530.1449,5.7713
govdocs1-thread000,000303.ppt,maximum,C++ native,AFC2,946176,897647,1.054062,5.129,True,True,1028.734,5.4788
govdocs1-thread000,000304.ppt,fast,C++ native,AFC2,1917440,1423044,1.347421,25.7842,True,True,253.3264,9.4721
govdocs1-thread000,000304.ppt,balanced,C++ native,AFC2,1917440,1354187,1.415934,29.3753,True,True,681.2562,9.7056
govdocs1-thread000,000304.ppt,maximum,C++ native,AFC2,1917440,1346430,1.424092,29.7798,True,True,1466.6675,9.2544
govdocs1-thread000,000305.ppt,fast,C++ native,AFC2,1018880,899507,1.132709,11.7161,True,True,236.6385,5.5622
govdocs1-thread000,000305.ppt,balanced,C++ native,AFC2,1018880,890083,1.144702,12.641,True,True,519.5331,5.6057
govdocs1-thread000,000305.ppt,maximum,C++ native,AFC2,1018880,888048,1.147325,12.8408,True,True,986.3846,5.7065
govdocs1-thread000,000306.ppt,fast,C++ native,AFC2,1779200,1610394,1.104823,9.4877,True,True,265.0447,10.1387
govdocs1-thread000,000306.ppt,balanced,C++ native,AFC2,1779200,1593937,1.11623,10.4127,True,True,710.6521,9.6406
govdocs1-thread000,000306.ppt,maximum,C++ native,AFC2,1779200,1565949,1.13618,11.9858,True,True,1421.9009,9.7634
govdocs1-thread000,000307.ppt,fast,C++ native,AFC2,456192,380376,1.199319,16.6193,True,True,104.4284,2.7232
govdocs1-thread000,000307.ppt,balanced,C++ native,AFC2,456192,373830,1.220319,18.0542,True,True,257.8406,2.5704
govdocs1-thread000,000307.ppt,maximum,C++ native,AFC2,456192,367538,1.24121,19.4335,True,True,495.8154,2.7477
govdocs1-thread000,000308.ppt,fast,C++ native,AFC2,1279488,1012815,1.263299,20.8422,True,True,216.9538,6.4845
govdocs1-thread000,000308.ppt,balanced,C++ native,AFC2,1279488,987054,1.29627,22.8555,True,True,542.4155,6.8486
govdocs1-thread000,000308.ppt,maximum,C++ native,AFC2,1279488,973934,1.313732,23.881,True,True,1111.4999,6.4308
govdocs1-thread000,000309.ppt,fast,C++ native,AFC2,6252544,6136531,1.018905,1.8555,True,True,445.5008,35.7378
govdocs1-thread000,000309.ppt,balanced,C++ native,AFC2,6252544,6117732,1.022036,2.1561,True,True,1261.9656,32.8688
govdocs1-thread000,000309.ppt,maximum,C++ native,AFC2,6252544,6094151,1.025991,2.5333,True,True,4313.7999,35.2659
govdocs1-thread000,000310.ppt,fast,C++ native,AFC2,254976,164245,1.552413,35.5841,True,True,40.9201,1.3744
govdocs1-thread000,000310.ppt,balanced,C++ native,AFC2,254976,160953,1.584164,36.8752,True,True,102.257,1.4972
govdocs1-thread000,000310.ppt,maximum,C++ native,AFC2,254976,157867,1.615132,38.0855,True,True,215.2955,1.4343
govdocs1-thread000,000311.ppt,fast,C++ native,AFC2,834560,782218,1.066915,6.2718,True,True,196.9062,5.0852
govdocs1-thread000,000311.ppt,balanced,C++ native,AFC2,834560,777262,1.073718,6.8657,True,True,503.3256,4.6399
govdocs1-thread000,000311.ppt,maximum,C++ native,AFC2,834560,776430,1.074868,6.9653,True,True,978.7358,5.0165
govdocs1-thread000,000312.ppt,fast,C++ native,AFC2,1099264,1054884,1.042071,4.0372,True,True,225.6037,6.0887
govdocs1-thread000,000312.ppt,balanced,C++ native,AFC2,1099264,1047554,1.049363,4.7041,True,True,638.8615,6.4853
govdocs1-thread000,000312.ppt,maximum,C++ native,AFC2,1099264,1044459,1.052472,4.9856,True,True,1308.9311,6.1512
govdocs1-thread000,000313.ppt,fast,C++ native,AFC2,154112,95437,1.614803,38.073,True,True,28.5755,0.7589
govdocs1-thread000,000313.ppt,balanced,C++ native,AFC2,154112,92560,1.664996,39.9398,True,True,69.2854,0.8384
govdocs1-thread000,000313.ppt,maximum,C++ native,AFC2,154112,91562,1.683144,40.5874,True,True,128.4846,0.9427
govdocs1-thread000,000314.pdf,fast,C++ native,AFC3,735686,558660,1.316876,24.0627,True,True,2321.2733,1.6193
govdocs1-thread000,000314.pdf,balanced,C++ native,AFC3,735686,549142,1.339701,25.3565,True,True,2647.508,1.7256
govdocs1-thread000,000314.pdf,maximum,C++ native,AFC3,735686,549142,1.339701,25.3565,True,True,3175.6564,1.4228
govdocs1-thread000,000315.ppt,fast,C++ native,AFC2,1352192,1293485,1.045387,4.3416,True,True,253.7706,7.8717
govdocs1-thread000,000315.ppt,balanced,C++ native,AFC2,1352192,1288864,1.049135,4.6834,True,True,650.9,7.8098
govdocs1-thread000,000315.ppt,maximum,C++ native,AFC2,1352192,1281342,1.055294,5.2396,True,True,1287.1048,8.2593
govdocs1-thread000,000316.pdf,fast,C++ native,AFC3,168192,123090,1.366415,26.8158,True,True,286.3079,0.8174
govdocs1-thread000,000316.pdf,balanced,C++ native,AFC3,168192,120407,1.396862,28.411,True,True,352.2097,0.853
govdocs1-thread000,000316.pdf,maximum,C++ native,AFC3,168192,119616,1.4061,28.8813,True,True,442.3455,0.8391
govdocs1-thread000,000317.ppt,fast,C++ native,AFC2,1177600,969670,1.214434,17.6571,True,True,222.0017,6.0648
govdocs1-thread000,000317.ppt,balanced,C++ native,AFC2,1177600,946587,1.244048,19.6173,True,True,585.2384,6.9344
govdocs1-thread000,000317.ppt,maximum,C++ native,AFC2,1177600,941078,1.251331,20.0851,True,True,1165.025,7.6313
govdocs1-thread000,000318.ppt,fast,C++ native,AFC2,252928,74810,3.380938,70.4224,True,True,25.0559,1.2344
govdocs1-thread000,000318.ppt,balanced,C++ native,AFC2,252928,65932,3.836195,73.9325,True,True,64.5805,1.0053
govdocs1-thread000,000318.ppt,maximum,C++ native,AFC2,252928,55414,4.564334,78.091,True,True,116.8397,1.0451
govdocs1-thread000,000319.ppt,fast,C++ native,AFC2,429568,338443,1.269248,21.2132,True,True,98.6234,2.7241
govdocs1-thread000,000319.ppt,balanced,C++ native,AFC2,429568,332656,1.291328,22.5603,True,True,237.7981,2.6163
govdocs1-thread000,000319.ppt,maximum,C++ native,AFC2,429568,329531,1.303574,23.2878,True,True,452.2209,2.3636
govdocs1-thread000,000320.ppt,fast,C++ native,AFC2,1709568,1680600,1.017237,1.6945,True,True,273.0292,10.4724
govdocs1-thread000,000320.ppt,balanced,C++ native,AFC2,1709568,1678081,1.018764,1.8418,True,True,725.6207,10.6921
govdocs1-thread000,000320.ppt,maximum,C++ native,AFC2,1709568,1662196,1.0285,2.771,True,True,1646.0733,9.9978
govdocs1-thread000,000321.ppt,fast,C++ native,AFC2,1315328,1215699,1.081952,7.5745,True,True,236.2823,7.4182
govdocs1-thread000,000321.ppt,balanced,C++ native,AFC2,1315328,1207255,1.08952,8.2164,True,True,653.9256,7.4279
govdocs1-thread000,000321.ppt,maximum,C++ native,AFC2,1315328,1198155,1.097795,8.9083,True,True,1238.3653,7.3778
govdocs1-thread000,000322.ppt,fast,C++ native,AFC2,5045760,4640272,1.087385,8.0362,True,True,401.3458,26.442
govdocs1-thread000,000322.ppt,balanced,C++ native,AFC2,5045760,4612652,1.093896,8.5836,True,True,1052.6511,25.6239
govdocs1-thread000,000322.ppt,maximum,C++ native,AFC2,5045760,4571010,1.103861,9.4089,True,True,2616.2083,26.242
govdocs1-thread000,000323.ppt,fast,C++ native,AFC2,1163264,973839,1.194514,16.2839,True,True,254.1564,6.4436
govdocs1-thread000,000323.ppt,balanced,C++ native,AFC2,1163264,916947,1.268627,21.1746,True,True,576.7651,6.0426
govdocs1-thread000,000323.ppt,maximum,C++ native,AFC2,1163264,915913,1.270059,21.2635,True,True,1129.8496,6.1967
govdocs1-thread000,000324.pdf,fast,C++ native,AFC3,451440,304488,1.48262,32.5518,True,True,2892.73,1.1233
govdocs1-thread000,000324.pdf,balanced,C++ native,AFC3,451440,293219,1.5396,35.0481,True,True,3242.5689,1.1647
govdocs1-thread000,000324.pdf,maximum,C++ native,AFC3,451440,292934,1.541098,35.1112,True,True,3803.0926,1.3203
govdocs1-thread000,000325.pdf,fast,C++ native,AFC3,508018,416335,1.220214,18.0472,True,True,186.1542,1.4329
govdocs1-thread000,000325.pdf,balanced,C++ native,AFC3,508018,409611,1.240245,19.3708,True,True,396.1608,2.3205
govdocs1-thread000,000325.pdf,maximum,C++ native,AFC3,508018,403383,1.259394,20.5967,True,True,704.0605,1.9408
govdocs1-thread000,000326.ppt,fast,C++ native,AFC2,2119168,2019597,1.049302,4.6986,True,True,275.1942,12.0464
govdocs1-thread000,000326.ppt,balanced,C++ native,AFC2,2119168,2002095,1.058475,5.5245,True,True,783.3811,12.1033
govdocs1-thread000,000326.ppt,maximum,C++ native,AFC2,2119168,1981653,1.069394,6.4891,True,True,1592.2997,12.4003
govdocs1-thread000,000327.ppt,fast,C++ native,AFC2,1485824,1070031,1.38858,27.984,True,True,196.1995,6.9362
govdocs1-thread000,000327.ppt,balanced,C++ native,AFC2,1485824,1062178,1.398847,28.5125,True,True,572.0633,7.2896
govdocs1-thread000,000327.ppt,maximum,C++ native,AFC2,1485824,1060703,1.400792,28.6118,True,True,1430.9706,6.4493
govdocs1-thread000,000328.ppt,fast,C++ native,AFC2,185344,151002,1.227427,18.5288,True,True,42.6219,1.0393
govdocs1-thread000,000328.ppt,balanced,C++ native,AFC2,185344,149038,1.243602,19.5884,True,True,92.5451,1.2277
govdocs1-thread000,000328.ppt,maximum,C++ native,AFC2,185344,148431,1.248688,19.9159,True,True,172.1247,1.2195
govdocs1-thread000,000329.ppt,fast,C++ native,AFC2,463872,373564,1.241747,19.4683,True,True,101.0917,2.6034
govdocs1-thread000,000329.ppt,balanced,C++ native,AFC2,463872,367418,1.262518,20.7932,True,True,251.5722,2.6331
govdocs1-thread000,000329.ppt,maximum,C++ native,AFC2,463872,365089,1.270572,21.2953,True,True,489.5171,2.7354
govdocs1-thread000,000330.ppt,fast,C++ native,AFC2,1313792,1219980,1.076896,7.1406,True,True,236.6835,7.5251
govdocs1-thread000,000330.ppt,balanced,C++ native,AFC2,1313792,1205754,1.089602,8.2234,True,True,684.638,7.2907
govdocs1-thread000,000330.ppt,maximum,C++ native,AFC2,1313792,1182893,1.11066,9.9634,True,True,1450.9446,7.6209
govdocs1-thread000,000331.pdf,fast,C++ native,AFC3,431084,379008,1.137401,12.0802,True,True,3026.2551,0.51
govdocs1-thread000,000331.pdf,balanced,C++ native,AFC3,431084,376622,1.144607,12.6337,True,True,3246.7419,0.8776
govdocs1-thread000,000331.pdf,maximum,C++ native,AFC3,431084,376563,1.144786,12.6474,True,True,3617.7887,0.7434
govdocs1-thread000,000332.pdf,fast,C++ native,AFC2,262996,242871,1.082863,7.6522,True,True,139.9667,1.6759
govdocs1-thread000,000332.pdf,balanced,C++ native,AFC2,262996,235586,1.116348,10.4222,True,True,270.0063,1.5721
govdocs1-thread000,000332.pdf,maximum,C++ native,AFC2,262996,233433,1.126644,11.2409,True,True,413.2595,1.6042
govdocs1-thread000,000333.pdf,fast,C++ native,AFC3,74480,70352,1.058676,5.5424,True,True,155.178,0.1642
govdocs1-thread000,000333.pdf,balanced,C++ native,AFC3,74480,69366,1.073725,6.8663,True,True,218.11,0.1764
govdocs1-thread000,000333.pdf,maximum,C++ native,AFC3,74480,69366,1.073725,6.8663,True,True,286.1076,0.2245
govdocs1-thread000,000334.pdf,fast,C++ native,AFC3,206182,168612,1.222819,18.2218,True,True,85.1225,0.4957
govdocs1-thread000,000334.pdf,balanced,C++ native,AFC3,206182,165996,1.24209,19.4905,True,True,162.0865,0.4973
govdocs1-thread000,000334.pdf,maximum,C++ native,AFC3,206182,165996,1.24209,19.4905,True,True,313.8556,0.5422
govdocs1-thread000,000335.xml,fast,C++ native,AFC1,144,151,0.953642,-4.8611,True,True,0.7013,0.0094
govdocs1-thread000,000335.xml,balanced,C++ native,AFC1,144,151,0.953642,-4.8611,True,True,1.381,0.0069
govdocs1-thread000,000335.xml,maximum,C++ native,AFC1,144,151,0.953642,-4.8611,True,True,2.1271,0.0089
govdocs1-thread000,000336.pdf,fast,C++ native,AFC2,130717,43893,2.978083,66.4214,True,True,137.2362,0.3826
govdocs1-thread000,000336.pdf,balanced,C++ native,AFC2,130717,38517,3.393748,70.5341,True,True,164.8313,0.4291
govdocs1-thread000,000336.pdf,maximum,C++ native,AFC2,130717,38517,3.393748,70.5341,True,True,204.8989,0.4043
govdocs1-thread000,000337.pdf,fast,C++ native,AFC3,458008,452653,1.01183,1.1692,True,True,269.1214,0.4913
govdocs1-thread000,000337.pdf,balanced,C++ native,AFC3,458008,452312,1.012593,1.2436,True,True,310.4843,0.4203
govdocs1-thread000,000337.pdf,maximum,C++ native,AFC3,458008,452312,1.012593,1.2436,True,True,389.4633,0.639
govdocs1-thread000,000338.pdf,fast,C++ native,AFC3,614385,579161,1.060819,5.7332,True,True,3776.4815,1.4895
govdocs1-thread000,000338.pdf,balanced,C++ native,AFC3,614385,577856,1.063215,5.9456,True,True,4091.972,1.5063
govdocs1-thread000,000338.pdf,maximum,C++ native,AFC3,614385,576351,1.065991,6.1906,True,True,4649.4832,1.2631
govdocs1-thread000,000339.pdf,fast,C++ native,AFC3,65206,51919,1.255918,20.377,True,True,166.4311,0.3762
govdocs1-thread000,000339.pdf,balanced,C++ native,AFC3,65206,50967,1.279377,21.8369,True,True,214.8592,0.2895
govdocs1-thread000,000339.pdf,maximum,C++ native,AFC3,65206,50729,1.285379,22.2019,True,True,311.9229,0.3534
govdocs1-thread000,000340.pdf,fast,C++ native,AFC3,1664437,1624386,1.024656,2.4063,True,True,1423.4304,3.0168
govdocs1-thread000,000340.pdf,balanced,C++ native,AFC3,1664437,1621917,1.026216,2.5546,True,True,1549.4742,3.6241
govdocs1-thread000,000340.pdf,maximum,C++ native,AFC3,1664437,1621126,1.026717,2.6021,True,True,1735.3075,4.2113
govdocs1-thread000,000341.pdf,fast,C++ native,AFC3,109065,101414,1.075443,7.0151,True,True,47.2626,0.3518
govdocs1-thread000,000341.pdf,balanced,C++ native,AFC3,109065,100552,1.084663,7.8054,True,True,92.4577,0.3131
govdocs1-thread000,000341.pdf,maximum,C++ native,AFC3,109065,100542,1.084771,7.8146,True,True,135.6454,0.3448
govdocs1-thread000,000342.pdf,fast,C++ native,AFC3,41343,35367,1.168971,14.4547,True,True,23.9864,0.168
govdocs1-thread000,000342.pdf,balanced,C++ native,AFC3,41343,34735,1.19024,15.9834,True,True,53.1025,0.1871
govdocs1-thread000,000342.pdf,maximum,C++ native,AFC3,41343,34715,1.190926,16.0317,True,True,91.3118,0.1813
govdocs1-thread000,000343.pdf,fast,C++ native,AFC3,64642,52637,1.228072,18.5715,True,True,187.9808,0.2421
govdocs1-thread000,000343.pdf,balanced,C++ native,AFC3,64642,51562,1.253675,20.2345,True,True,242.2082,0.2513
govdocs1-thread000,000343.pdf,maximum,C++ native,AFC3,64642,51553,1.253894,20.2484,True,True,315.8583,0.3468
govdocs1-thread000,000344.pdf,fast,C++ native,AFC3,2620315,2457346,1.066319,6.2194,True,True,214.3936,5.5369
govdocs1-thread000,000344.pdf,balanced,C++ native,AFC3,2620315,2447816,1.070471,6.5831,True,True,259.5081,4.6461
govdocs1-thread000,000344.pdf,maximum,C++ native,AFC3,2620315,2447816,1.070471,6.5831,True,True,336.8947,5.6967
govdocs1-thread000,000345.pdf,fast,C++ native,AFC3,42273,39124,1.080488,7.4492,True,True,252.0102,0.1477
govdocs1-thread000,000345.pdf,balanced,C++ native,AFC3,42273,38393,1.10106,9.1784,True,True,297.3232,0.122
govdocs1-thread000,000345.pdf,maximum,C++ native,AFC3,42273,38385,1.10129,9.1974,True,True,356.3822,0.1276
govdocs1-thread000,000346.pdf,fast,C++ native,AFC2,252172,212117,1.188834,15.884,True,True,111.2512,1.5123
govdocs1-thread000,000346.pdf,balanced,C++ native,AFC2,252172,208582,1.208983,17.2858,True,True,191.783,1.2577
govdocs1-thread000,000346.pdf,maximum,C++ native,AFC2,252172,204279,1.234449,18.9922,True,True,354.8444,1.6413
govdocs1-thread000,000347.pdf,fast,C++ native,AFC2,572552,522031,1.096778,8.8238,True,True,236.691,4.5555
govdocs1-thread000,000347.pdf,balanced,C++ native,AFC2,572552,516408,1.10872,9.8059,True,True,545.6152,4.0403
govdocs1-thread000,000347.pdf,maximum,C++ native,AFC2,572552,516076,1.109433,9.8639,True,True,1068.1577,3.9428
govdocs1-thread000,000348.pdf,fast,C++ native,AFC2,2300275,2085487,1.102992,9.3375,True,True,413.3565,12.7777
govdocs1-thread000,000348.pdf,balanced,C++ native,AFC2,2300275,2061026,1.116082,10.4009,True,True,995.7647,12.6198
govdocs1-thread000,000348.pdf,maximum,C++ native,AFC2,2300275,2057100,1.118213,10.5716,True,True,2214.5055,13.3059
govdocs1-thread000,000349.pdf,fast,C++ native,AFC3,39259,33234,1.18129,15.3468,True,True,167.3517,0.1645
govdocs1-thread000,000349.pdf,balanced,C++ native,AFC3,39259,32569,1.20541,17.0407,True,True,226.2421,0.1723
govdocs1-thread000,000349.pdf,maximum,C++ native,AFC3,39259,32569,1.20541,17.0407,True,True,331.7967,0.1573
govdocs1-thread000,000350.pdf,fast,C++ native,AFC2,4668,4434,1.052774,5.0129,True,True,3.8037,0.0583
govdocs1-thread000,000350.pdf,balanced,C++ native,AFC2,4668,4354,1.072118,6.7266,True,True,9.6252,0.0588
govdocs1-thread000,000350.pdf,maximum,C++ native,AFC2,4668,4354,1.072118,6.7266,True,True,16.153,0.0569
govdocs1-thread000,000351.pdf,fast,C++ native,AFC3,256626,221286,1.159703,13.771,True,True,101.7755,0.6629
govdocs1-thread000,000351.pdf,balanced,C++ native,AFC3,256626,218634,1.17377,14.8044,True,True,206.9705,0.5371
govdocs1-thread000,000351.pdf,maximum,C++ native,AFC3,256626,218634,1.17377,14.8044,True,True,364.2271,0.7274
govdocs1-thread000,000352.pdf,fast,C++ native,AFC3,333582,317389,1.051019,4.8543,True,True,738.2079,0.4581
govdocs1-thread000,000352.pdf,balanced,C++ native,AFC3,333582,316052,1.055466,5.2551,True,True,805.5116,0.4827
govdocs1-thread000,000352.pdf,maximum,C++ native,AFC3,333582,315806,1.056288,5.3288,True,True,940.3438,0.6399
govdocs1-thread000,000353.pdf,fast,C++ native,AFC3,97361,92896,1.048065,4.586,True,True,599.6511,0.1722
govdocs1-thread000,000353.pdf,balanced,C++ native,AFC3,97361,92052,1.057674,5.4529,True,True,636.1765,0.1433
govdocs1-thread000,000353.pdf,maximum,C++ native,AFC3,97361,92036,1.057858,5.4693,True,True,721.1527,0.1679
govdocs1-thread000,000354.pdf,fast,C++ native,AFC3,96138,89280,1.076815,7.1335,True,True,596.5622,0.2164
govdocs1-thread000,000354.pdf,balanced,C++ native,AFC3,96138,88390,1.087657,8.0592,True,True,676.5377,0.2276
govdocs1-thread000,000354.pdf,maximum,C++ native,AFC3,96138,88383,1.087743,8.0665,True,True,780.7984,0.1673
govdocs1-thread000,000355.pdf,fast,C++ native,AFC3,233584,217131,1.075775,7.0437,True,True,883.1017,0.6748
govdocs1-thread000,000355.pdf,balanced,C++ native,AFC3,233584,216517,1.078825,7.3066,True,True,1112.9658,0.5801
govdocs1-thread000,000355.pdf,maximum,C++ native,AFC3,233584,216475,1.079035,7.3246,True,True,1504.538,0.7383
govdocs1-thread000,000356.pdf,fast,C++ native,AFC3,23278,18720,1.243483,19.5807,True,True,30.0917,0.1201
govdocs1-thread000,000356.pdf,balanced,C++ native,AFC3,23278,18428,1.263186,20.8351,True,True,49.6488,0.1167
govdocs1-thread000,000356.pdf,maximum,C++ native,AFC3,23278,18428,1.263186,20.8351,True,True,73.2683,0.1344
govdocs1-thread000,000357.pdf,fast,C++ native,AFC2,476668,398249,1.196909,16.4515,True,True,171.2319,3.0093
govdocs1-thread000,000357.pdf,balanced,C++ native,AFC2,476668,395633,1.204824,17.0003,True,True,419.8491,2.6733
govdocs1-thread000,000357.pdf,maximum,C++ native,AFC2,476668,395633,1.204824,17.0003,True,True,846.2584,2.9537
govdocs1-thread000,000358.pdf,fast,C++ native,AFC3,273359,256090,1.067433,6.3173,True,True,916.6587,0.4577
govdocs1-thread000,000358.pdf,balanced,C++ native,AFC3,273359,254041,1.076043,7.0669,True,True,1151.5493,0.4759
govdocs1-thread000,000358.pdf,maximum,C++ native,AFC3,273359,253544,1.078152,7.2487,True,True,1523.3863,0.612
govdocs1-thread000,000359.pdf,fast,C++ native,AFC3,1669388,1165513,1.43232,30.1832,True,True,16082.9672,4.4218
govdocs1-thread000,000359.pdf,balanced,C++ native,AFC3,1669388,1136661,1.468677,31.9115,True,True,16535.9857,4.2693
govdocs1-thread000,000359.pdf,maximum,C++ native,AFC3,1669388,1129669,1.477767,32.3304,True,True,17449.5456,5.2118
govdocs1-thread000,000360.pdf,fast,C++ native,AFC3,23897,19098,1.251283,20.082,True,True,163.5551,0.1925
govdocs1-thread000,000360.pdf,balanced,C++ native,AFC3,23897,18289,1.306632,23.4674,True,True,246.0309,0.1794
govdocs1-thread000,000360.pdf,maximum,C++ native,AFC3,23897,18146,1.316929,24.0658,True,True,297.1409,0.1284
govdocs1-thread000,000361.pdf,fast,C++ native,AFC2,37579,31958,1.175887,14.9578,True,True,151.2581,0.3312
govdocs1-thread000,000361.pdf,balanced,C++ native,AFC2,37579,31163,1.205885,17.0734,True,True,214.2626,0.2943
govdocs1-thread000,000361.pdf,maximum,C++ native,AFC2,37579,30834,1.218752,17.9489,True,True,306.6679,0.2932
govdocs1-thread000,000362.pdf,fast,C++ native,AFC3,32528,21838,1.489514,32.864,True,True,148.4078,0.2929
govdocs1-thread000,000362.pdf,balanced,C++ native,AFC3,32528,20947,1.552872,35.6032,True,True,208.561,0.2604
govdocs1-thread000,000362.pdf,maximum,C++ native,AFC3,32528,20837,1.561069,35.9413,True,True,284.6824,0.2157
govdocs1-thread000,000363.pdf,fast,C++ native,AFC3,178805,144175,1.240194,19.3675,True,True,588.4085,0.7188
govdocs1-thread000,000363.pdf,balanced,C++ native,AFC3,178805,141678,1.262052,20.764,True,True,669.0834,0.5128
govdocs1-thread000,000363.pdf,maximum,C++ native,AFC3,178805,141678,1.262052,20.764,True,True,777.4526,0.5733
govdocs1-thread000,000364.pdf,fast,C++ native,AFC3,121566,116569,1.042867,4.1105,True,True,1049.7721,0.2864
govdocs1-thread000,000364.pdf,balanced,C++ native,AFC3,121566,115778,1.049992,4.7612,True,True,1288.5777,0.2986
govdocs1-thread000,000364.pdf,maximum,C++ native,AFC3,121566,115751,1.050237,4.7834,True,True,1650.8765,0.2419
govdocs1-thread000,000365.pdf,fast,C++ native,AFC3,39757,35058,1.134035,11.8193,True,True,232.3831,0.2209
govdocs1-thread000,000365.pdf,balanced,C++ native,AFC3,39757,34338,1.157814,13.6303,True,True,301.5402,0.2367
govdocs1-thread000,000365.pdf,maximum,C++ native,AFC3,39757,34240,1.161127,13.8768,True,True,414.607,0.2017
govdocs1-thread000,000366.pdf,fast,C++ native,AFC3,139216,99662,1.396881,28.412,True,True,743.1588,0.3445
govdocs1-thread000,000366.pdf,balanced,C++ native,AFC3,139216,99517,1.398917,28.5161,True,True,890.6643,0.4955
govdocs1-thread000,000366.pdf,maximum,C++ native,AFC3,139216,99215,1.403175,28.733,True,True,1151.3776,0.4078
govdocs1-thread000,000367.pdf,fast,C++ native,AFC3,135513,98321,1.378271,27.4453,True,True,710.3885,0.3617
govdocs1-thread000,000367.pdf,balanced,C++ native,AFC3,135513,96881,1.398757,28.508,True,True,893.5008,0.548
govdocs1-thread000,000367.pdf,maximum,C++ native,AFC3,135513,96780,1.400217,28.5825,True,True,1144.9035,0.3998
govdocs1-thread000,000368.pdf,fast,C++ native,AFC2,12084,7956,1.518854,34.1609,True,True,38.6248,0.1085
govdocs1-thread000,000368.pdf,balanced,C++ native,AFC2,12084,7035,1.717697,41.7825,True,True,65.1446,0.0873
govdocs1-thread000,000368.pdf,maximum,C++ native,AFC2,12084,6997,1.727026,42.097,True,True,100.8,0.1101
govdocs1-thread000,000369.pdf,fast,C++ native,AFC2,11558,7598,1.52119,34.262,True,True,37.5439,0.1096
govdocs1-thread000,000369.pdf,balanced,C++ native,AFC2,11558,7039,1.641995,39.0985,True,True,66.5708,0.1292
govdocs1-thread000,000369.pdf,maximum,C++ native,AFC2,11558,7037,1.642461,39.1158,True,True,103.3214,0.0985
govdocs1-thread000,000370.pdf,fast,C++ native,AFC3,45547,38431,1.185163,15.6234,True,True,164.0727,0.2582
govdocs1-thread000,000370.pdf,balanced,C++ native,AFC3,45547,37484,1.215105,17.7026,True,True,197.2987,0.2051
govdocs1-thread000,000370.pdf,maximum,C++ native,AFC3,45547,37433,1.216761,17.8146,True,True,234.7696,0.191
govdocs1-thread000,000371.pdf,fast,C++ native,AFC2,282008,255681,1.102968,9.3356,True,True,570.6628,1.6409
govdocs1-thread000,000371.pdf,balanced,C++ native,AFC2,282008,251533,1.121157,10.8064,True,True,759.5139,1.8719
govdocs1-thread000,000371.pdf,maximum,C++ native,AFC2,282008,249813,1.128876,11.4163,True,True,1059.5472,1.767
govdocs1-thread000,000372.pdf,fast,C++ native,AFC3,1741033,1700377,1.02391,2.3352,True,True,1817.1631,3.4729
govdocs1-thread000,000372.pdf,balanced,C++ native,AFC3,1741033,1696053,1.02652,2.5835,True,True,1859.4066,2.8861
govdocs1-thread000,000372.pdf,maximum,C++ native,AFC3,1741033,1694000,1.027764,2.7014,True,True,1925.2811,3.8119
govdocs1-thread000,000373.pdf,fast,C++ native,AFC3,422934,388513,1.088597,8.1386,True,True,2431.7015,1.0047
govdocs1-thread000,000373.pdf,balanced,C++ native,AFC3,422934,386647,1.09385,8.5798,True,True,2737.6925,0.8812
govdocs1-thread000,000373.pdf,maximum,C++ native,AFC3,422934,386426,1.094476,8.6321,True,True,3327.9373,1.2926
govdocs1-thread000,000375.xls,fast,C++ native,AFC2,47616,17736,2.684709,62.752,True,True,11.533,0.294
govdocs1-thread000,000375.xls,balanced,C++ native,AFC2,47616,16639,2.86171,65.0559,True,True,28.6907,0.2645
govdocs1-thread000,000375.xls,maximum,C++ native,AFC2,47616,16505,2.884944,65.3373,True,True,62.7291,0.2576
govdocs1-thread000,000376.dbase3,fast,C++ native,AFC2,2882,899,3.205784,68.8064,True,True,1.6136,0.0277
govdocs1-thread000,000376.dbase3,balanced,C++ native,AFC2,2882,893,3.227324,69.0146,True,True,3.307,0.0324
govdocs1-thread000,000376.dbase3,maximum,C++ native,AFC2,2882,893,3.227324,69.0146,True,True,5.4047,0.0297
govdocs1-thread000,000377.xls,fast,C++ native,AFC2,33280,13134,2.533882,60.5349,True,True,8.6585,0.2722
govdocs1-thread000,000377.xls,balanced,C++ native,AFC2,33280,12080,2.754967,63.7019,True,True,26.3661,0.2494
govdocs1-thread000,000377.xls,maximum,C++ native,AFC2,33280,12080,2.754967,63.7019,True,True,50.6506,0.2737
govdocs1-thread000,000378.xls,fast,C++ native,AFC2,22016,7289,3.020442,66.8923,True,True,6.4922,0.1741
govdocs1-thread000,000378.xls,balanced,C++ native,AFC2,22016,6513,3.380316,70.417,True,True,18.9665,0.1898
govdocs1-thread000,000378.xls,maximum,C++ native,AFC2,22016,6507,3.383433,70.4442,True,True,38.0538,0.1658
govdocs1-thread000,000379.pdf,fast,C++ native,AFC2,213174,201375,1.058592,5.5349,True,True,825.5701,1.2657
govdocs1-thread000,000379.pdf,balanced,C++ native,AFC2,213174,200289,1.064332,6.0444,True,True,982.4273,1.2871
govdocs1-thread000,000379.pdf,maximum,C++ native,AFC2,213174,199319,1.069512,6.4994,True,True,1251.464,1.3457
govdocs1-thread000,000380.pdf,fast,C++ native,AFC3,1163575,1150246,1.011588,1.1455,True,True,3678.0122,2.8194
govdocs1-thread000,000380.pdf,balanced,C++ native,AFC3,1163575,1149580,1.012174,1.2028,True,True,3702.0773,2.9472
govdocs1-thread000,000380.pdf,maximum,C++ native,AFC3,1163575,1149548,1.012202,1.2055,True,True,3726.6271,2.6183
govdocs1-thread000,000381.pdf,fast,C++ native,AFC3,275349,261732,1.052027,4.9454,True,True,295.1536,0.3592
govdocs1-thread000,000381.pdf,balanced,C++ native,AFC3,275349,260875,1.055483,5.2566,True,True,356.2652,0.3315
govdocs1-thread000,000381.pdf,maximum,C++ native,AFC3,275349,260837,1.055636,5.2704,True,True,456.5528,0.3452
govdocs1-thread000,000382.xls,fast,C++ native,AFC2,103424,40582,2.548519,60.7615,True,True,17.5098,0.5655
govdocs1-thread000,000382.xls,balanced,C++ native,AFC2,103424,37801,2.736012,63.4505,True,True,49.6946,0.5292
govdocs1-thread000,000382.xls,maximum,C++ native,AFC2,103424,37801,2.736012,63.4505,True,True,83.5496,0.5244
govdocs1-thread000,000383.xls,fast,C++ native,AFC2,415744,187319,2.219444,54.9437,True,True,59.1141,2.155
govdocs1-thread000,000383.xls,balanced,C++ native,AFC2,415744,175393,2.370357,57.8123,True,True,162.5931,2.2728
govdocs1-thread000,000383.xls,maximum,C++ native,AFC2,415744,167137,2.487444,59.7981,True,True,357.8745,2.2182
govdocs1-thread000,000384.xls,fast,C++ native,AFC2,105472,41608,2.534897,60.5507,True,True,16.2981,0.555
govdocs1-thread000,000384.xls,balanced,C++ native,AFC2,105472,38984,2.70552,63.0385,True,True,40.7073,0.5648
govdocs1-thread000,000384.xls,maximum,C++ native,AFC2,105472,38984,2.70552,63.0385,True,True,78.8234,0.5428
govdocs1-thread000,000385.xls,fast,C++ native,AFC2,50176,15094,3.324235,69.9179,True,True,11.3506,0.2605
govdocs1-thread000,000385.xls,balanced,C++ native,AFC2,50176,13885,3.613684,72.3274,True,True,31.7364,0.2485
govdocs1-thread000,000385.xls,maximum,C++ native,AFC2,50176,13745,3.650491,72.6064,True,True,71.4351,0.246
govdocs1-thread000,000386.xls,fast,C++ native,AFC2,93696,32916,2.846518,64.8694,True,True,14.7289,0.4898
govdocs1-thread000,000386.xls,balanced,C++ native,AFC2,93696,30598,3.062161,67.3433,True,True,37.5631,0.4684
govdocs1-thread000,000386.xls,maximum,C++ native,AFC2,93696,30567,3.065266,67.3764,True,True,77.0983,0.4925
govdocs1-thread000,000387.txt,fast,C++ native,AFC1,26,32,0.8125,-23.0769,True,True,0.6145,0.0097
govdocs1-thread000,000387.txt,balanced,C++ native,AFC1,26,32,0.8125,-23.0769,True,True,1.0057,0.0073
govdocs1-thread000,000387.txt,maximum,C++ native,AFC1,26,32,0.8125,-23.0769,True,True,1.6495,0.0064
govdocs1-thread000,000388.xls,fast,C++ native,AFC2,63488,22364,2.838848,64.7744,True,True,13.061,0.3381
govdocs1-thread000,000388.xls,balanced,C++ native,AFC2,63488,19967,3.179646,68.55,True,True,34.9604,0.2512
govdocs1-thread000,000388.xls,maximum,C++ native,AFC2,63488,19967,3.179646,68.55,True,True,72.4179,0.3391
govdocs1-thread000,000389.dbase3,fast,C++ native,AFC2,1538,748,2.05615,51.3654,True,True,1.2224,0.0272
govdocs1-thread000,000389.dbase3,balanced,C++ native,AFC2,1538,728,2.112637,52.6658,True,True,2.5969,0.0324
govdocs1-thread000,000389.dbase3,maximum,C++ native,AFC2,1538,728,2.112637,52.6658,True,True,3.683,0.0268
govdocs1-thread000,000390.xls,fast,C++ native,AFC2,34304,10628,3.2277,69.0182,True,True,8.6563,0.1873
govdocs1-thread000,000390.xls,balanced,C++ native,AFC2,34304,9645,3.556661,71.8837,True,True,22.7344,0.1867
govdocs1-thread000,000390.xls,maximum,C++ native,AFC2,34304,9572,3.583786,72.0965,True,True,41.1136,0.154
govdocs1-thread000,000391.xls,fast,C++ native,AFC2,134656,51284,2.625692,61.9148,True,True,18.5913,0.853
govdocs1-thread000,000391.xls,balanced,C++ native,AFC2,134656,46679,2.884723,65.3346,True,True,45.3383,0.7981
govdocs1-thread000,000391.xls,maximum,C++ native,AFC2,134656,46679,2.884723,65.3346,True,True,101.2829,0.7664
govdocs1-thread000,000392.xls,fast,C++ native,AFC2,25600,8937,2.864496,65.0898,True,True,6.9704,0.1384
govdocs1-thread000,000392.xls,balanced,C++ native,AFC2,25600,8537,2.998711,66.6523,True,True,23.6646,0.1794
govdocs1-thread000,000392.xls,maximum,C++ native,AFC2,25600,8493,3.014247,66.8242,True,True,48.2112,0.1988
govdocs1-thread000,000393.xls,fast,C++ native,AFC2,1607168,549299,2.925853,65.8219,True,True,179.3349,5.5271
govdocs1-thread000,000393.xls,balanced,C++ native,AFC2,1607168,508451,3.16091,68.3635,True,True,448.7545,5.2346
govdocs1-thread000,000393.xls,maximum,C++ native,AFC2,1607168,493045,3.259678,69.3221,True,True,999.196,5.3613
govdocs1-thread000,000394.xls,fast,C++ native,AFC2,21504,7345,2.927706,65.8436,True,True,6.6622,0.1647
govdocs1-thread000,000394.xls,balanced,C++ native,AFC2,21504,7006,3.069369,67.42,True,True,21.2558,0.1285
govdocs1-thread000,000394.xls,maximum,C++ native,AFC2,21504,6985,3.078597,67.5177,True,True,38.9521,0.1501
govdocs1-thread000,000395.xls,fast,C++ native,AFC2,49152,25629,1.917827,47.8577,True,True,13.9353,0.3969
govdocs1-thread000,000395.xls,balanced,C++ native,AFC2,49152,24219,2.029481,50.7263,True,True,37.0007,0.307
govdocs1-thread000,000395.xls,maximum,C++ native,AFC2,49152,24187,2.032166,50.7914,True,True,74.6787,0.3712
govdocs1-thread000,000396.xls,fast,C++ native,AFC2,1577984,508653,3.10228,67.7656,True,True,148.5645,4.306
govdocs1-thread000,000396.xls,balanced,C++ native,AFC2,1577984,473198,3.334722,70.0125,True,True,382.7887,3.7335
govdocs1-thread000,000396.xls,maximum,C++ native,AFC2,1577984,442332,3.56742,71.9685,True,True,862.4308,3.5993
govdocs1-thread000,000397.jpg,fast,C++ native,AFC2,122105,121888,1.00178,0.1777,True,True,23.8339,0.6687
govdocs1-thread000,000397.jpg,balanced,C++ native,AFC2,122105,121842,1.002159,0.2154,True,True,50.2764,0.7401
govdocs1-thread000,000397.jpg,maximum,C++ native,AFC2,122105,121842,1.002159,0.2154,True,True,74.3509,0.7464
govdocs1-thread000,000398.xls,fast,C++ native,AFC2,47616,16996,2.8016,64.3061,True,True,10.2401,0.4004
govdocs1-thread000,000398.xls,balanced,C++ native,AFC2,47616,14883,3.199355,68.7437,True,True,28.7595,0.2635
govdocs1-thread000,000398.xls,maximum,C++ native,AFC2,47616,14833,3.21014,68.8487,True,True,62.7767,0.2752
govdocs1-thread000,000399.xls,fast,C++ native,AFC2,223744,73526,3.04306,67.1383,True,True,27.3708,0.8732
govdocs1-thread000,000399.xls,balanced,C++ native,AFC2,223744,66706,3.354181,70.1865,True,True,68.9308,1.2655
govdocs1-thread000,000399.xls,maximum,C++ native,AFC2,223744,65598,3.410836,70.6817,True,True,158.5163,0.8093
govdocs1-thread000,000400.jpg,fast,C++ native,AFC1,71472,71480,0.999888,-0.0112,True,True,18.0643,0.0396
govdocs1-thread000,000400.jpg,balanced,C++ native,AFC2,71472,71451,1.000294,0.0294,True,True,35.5225,0.4168
govdocs1-thread000,000400.jpg,maximum,C++ native,AFC2,71472,71451,1.000294,0.0294,True,True,54.7039,0.4327
govdocs1-thread000,000401.xls,fast,C++ native,AFC2,32256,14042,2.297109,56.467,True,True,9.2132,0.2292
govdocs1-thread000,000401.xls,balanced,C++ native,AFC2,32256,12072,2.671968,62.5744,True,True,25.9819,0.2911
govdocs1-thread000,000401.xls,maximum,C++ native,AFC2,32256,12046,2.677735,62.655,True,True,65.9156,0.3282
govdocs1-thread000,000402.xls,fast,C++ native,AFC2,33792,8916,3.79004,73.6151,True,True,8.0173,0.207
govdocs1-thread000,000402.xls,balanced,C++ native,AFC2,33792,8426,4.010444,75.0651,True,True,25.4161,0.1344
govdocs1-thread000,000402.xls,maximum,C++ native,AFC2,33792,8426,4.010444,75.0651,True,True,45.0271,0.1573
govdocs1-thread000,000403.xls,fast,C++ native,AFC2,199168,82418,2.416559,58.6189,True,True,26.8334,1.0688
govdocs1-thread000,000403.xls,balanced,C++ native,AFC2,199168,76319,2.609678,61.6811,True,True,72.6061,1.0605
govdocs1-thread000,000403.xls,maximum,C++ native,AFC2,199168,72713,2.739098,63.4916,True,True,158.0755,1.0467
govdocs1-thread000,000404.jpg,fast,C++ native,AFC2,38353,38330,1.0006,0.06,True,True,12.7907,0.1891
govdocs1-thread000,000404.jpg,balanced,C++ native,AFC2,38353,38324,1.000757,0.0756,True,True,25.4077,0.2371
govdocs1-thread000,000404.jpg,maximum,C++ native,AFC2,38353,38324,1.000757,0.0756,True,True,42.8016,0.2589
govdocs1-thread000,000405.xls,fast,C++ native,AFC2,9015296,4067403,2.216475,54.8833,True,True,317.2396,38.0553
govdocs1-thread000,000405.xls,balanced,C++ native,AFC2,9015296,3088068,2.919397,65.7463,True,True,1215.3605,30.1741
govdocs1-thread000,000405.xls,maximum,C++ native,AFC2,9015296,2579624,3.49481,71.3861,True,True,2794.1368,25.6359
govdocs1-thread000,000406.xls,fast,C++ native,AFC2,22528,9528,2.3644,57.706,True,True,7.4997,0.1537
govdocs1-thread000,000406.xls,balanced,C++ native,AFC2,22528,8503,2.649418,62.2559,True,True,27.7053,0.1706
govdocs1-thread000,000406.xls,maximum,C++ native,AFC2,22528,8502,2.649729,62.2603,True,True,47.0012,0.1839
govdocs1-thread000,000407.xls,fast,C++ native,AFC2,21504,5757,3.735279,73.2282,True,True,6.9096,0.158
govdocs1-thread000,000407.xls,balanced,C++ native,AFC2,21504,5412,3.973392,74.8326,True,True,19.6462,0.1254
govdocs1-thread000,000407.xls,maximum,C++ native,AFC2,21504,5412,3.973392,74.8326,True,True,39.7345,0.1392
govdocs1-thread000,000408.xls,fast,C++ native,AFC2,7489536,2207731,3.392413,70.5225,True,True,223.7818,16.8163
govdocs1-thread000,000408.xls,balanced,C++ native,AFC2,7489536,2036358,3.677907,72.8106,True,True,999.6505,15.7285
govdocs1-thread000,000408.xls,maximum,C++ native,AFC2,7489536,1927641,3.885338,74.2622,True,True,3639.6635,14.3407
govdocs1-thread000,000409.html,fast,C++ native,AFC2,44214,18791,2.352935,57.4999,True,True,11.7707,0.2101
govdocs1-thread000,000409.html,balanced,C++ native,AFC2,44214,16060,2.753051,63.6767,True,True,33.2941,0.3424
govdocs1-thread000,000409.html,maximum,C++ native,AFC2,44214,15780,2.801901,64.3099,True,True,65.9598,0.326
govdocs1-thread000,000410.html,fast,C++ native,AFC2,28841,12296,2.34556,57.3662,True,True,11.7885,0.2575
govdocs1-thread000,000410.html,balanced,C++ native,AFC2,28841,11316,2.548692,60.7642,True,True,25.6543,0.1929
govdocs1-thread000,000410.html,maximum,C++ native,AFC2,28841,11316,2.548692,60.7642,True,True,49.0053,0.192
govdocs1-thread000,000411.html,fast,C++ native,AFC2,7521,4350,1.728966,42.1619,True,True,3.7594,0.0939
govdocs1-thread000,000411.html,balanced,C++ native,AFC2,7521,3930,1.91374,47.7463,True,True,7.7236,0.0952
govdocs1-thread000,000411.html,maximum,C++ native,AFC2,7521,3930,1.91374,47.7463,True,True,12.7861,0.1067
govdocs1-thread000,000412.html,fast,C++ native,AFC2,16376,7010,2.336091,57.1935,True,True,5.2377,0.1516
govdocs1-thread000,000412.html,balanced,C++ native,AFC2,16376,5908,2.771835,63.9228,True,True,12.1658,0.1182
govdocs1-thread000,000412.html,maximum,C++ native,AFC2,16376,5761,2.842562,64.8205,True,True,24.0353,0.1053
govdocs1-thread000,000413.html,fast,C++ native,AFC2,21665,11183,1.937316,48.3822,True,True,8.0659,0.229
govdocs1-thread000,000413.html,balanced,C++ native,AFC2,21665,9833,2.203295,54.6134,True,True,23.0263,0.149
govdocs1-thread000,000413.html,maximum,C++ native,AFC2,21665,9435,2.296237,56.4505,True,True,41.2326,0.1571
govdocs1-thread000,000414.html,fast,C++ native,AFC2,3269,2209,1.479855,32.4258,True,True,1.8703,0.0446
govdocs1-thread000,000414.html,balanced,C++ native,AFC2,3269,2085,1.567866,36.219,True,True,4.2529,0.0532
govdocs1-thread000,000414.html,maximum,C++ native,AFC2,3269,2085,1.567866,36.219,True,True,6.1313,0.0445
govdocs1-thread000,000415.html,fast,C++ native,AFC2,2770,1879,1.474188,32.1661,True,True,1.4371,0.0395
govdocs1-thread000,000415.html,balanced,C++ native,AFC2,2770,1832,1.512009,33.8628,True,True,3.4913,0.0396
govdocs1-thread000,000415.html,maximum,C++ native,AFC2,2770,1832,1.512009,33.8628,True,True,5.7444,0.0509
govdocs1-thread000,000416.html,fast,C++ native,AFC2,9935,5941,1.672277,40.2013,True,True,3.6935,0.074
govdocs1-thread000,000416.html,balanced,C++ native,AFC2,9935,5235,1.897803,47.3075,True,True,8.3822,0.0815
govdocs1-thread000,000416.html,maximum,C++ native,AFC2,9935,5232,1.898891,47.3377,True,True,15.1272,0.0981
govdocs1-thread000,000417.jpg,fast,C++ native,AFC2,21599,21519,1.003718,0.3704,True,True,7.5218,0.155
govdocs1-thread000,000417.jpg,balanced,C++ native,AFC2,21599,21355,1.011426,1.1297,True,True,19.1993,0.1576
govdocs1-thread000,000417.jpg,maximum,C++ native,AFC2,21599,21355,1.011426,1.1297,True,True,33.3762,0.1374
govdocs1-thread000,000418.html,fast,C++ native,AFC2,33755,17696,1.907493,47.5752,True,True,9.9036,0.2457
govdocs1-thread000,000418.html,balanced,C++ native,AFC2,33755,15078,2.238692,55.3311,True,True,27.8517,0.2865
govdocs1-thread000,000418.html,maximum,C++ native,AFC2,33755,14933,2.26043,55.7606,True,True,55.1761,0.2509
govdocs1-thread000,000419.jpg,fast,C++ native,AFC1,49109,49117,0.999837,-0.0163,True,True,13.0499,0.0132
govdocs1-thread000,000419.jpg,balanced,C++ native,AFC2,49109,49008,1.002061,0.2057,True,True,26.0754,0.2877
govdocs1-thread000,000419.jpg,maximum,C++ native,AFC2,49109,49008,1.002061,0.2057,True,True,47.9862,0.2856
govdocs1-thread000,000420.html,fast,C++ native,AFC2,19421,9832,1.975285,49.3744,True,True,8.1965,0.178
govdocs1-thread000,000420.html,balanced,C++ native,AFC2,19421,8684,2.236412,55.2855,True,True,22.0402,0.1485
govdocs1-thread000,000420.html,maximum,C++ native,AFC2,19421,8659,2.242869,55.4142,True,True,40.1737,0.1411
govdocs1-thread000,000421.html,fast,C++ native,AFC2,4267,2538,1.681245,40.5203,True,True,2.0173,0.0366
govdocs1-thread000,000421.html,balanced,C++ native,AFC2,4267,2261,1.887218,47.012,True,True,4.9568,0.0398
govdocs1-thread000,000421.html,maximum,C++ native,AFC2,4267,2261,1.887218,47.012,True,True,8.1448,0.0401
govdocs1-thread000,000422.html,fast,C++ native,AFC2,4154,2444,1.699673,41.1651,True,True,1.9671,0.0378
govdocs1-thread000,000422.html,balanced,C++ native,AFC2,4154,2170,1.914286,47.7612,True,True,4.406,0.04
govdocs1-thread000,000422.html,maximum,C++ native,AFC2,4154,2170,1.914286,47.7612,True,True,7.5516,0.0362
govdocs1-thread000,000423.html,fast,C++ native,AFC2,11116,6035,1.841922,45.7089,True,True,3.8895,0.1408
govdocs1-thread000,000423.html,balanced,C++ native,AFC2,11116,5131,2.166439,53.8413,True,True,9.6902,0.1202
govdocs1-thread000,000423.html,maximum,C++ native,AFC2,11116,5117,2.172367,53.9673,True,True,16.5894,0.0961
govdocs1-thread000,000424.html,fast,C++ native,AFC2,23583,10742,2.195401,54.4502,True,True,8.4088,0.2106
govdocs1-thread000,000424.html,balanced,C++ native,AFC2,23583,9134,2.581892,61.2687,True,True,22.3306,0.1884
govdocs1-thread000,000424.html,maximum,C++ native,AFC2,23583,8885,2.654249,62.3246,True,True,42.6958,0.1371
govdocs1-thread000,000425.html,fast,C++ native,AFC2,2310,1246,1.853933,46.0606,True,True,1.3008,0.0314
govdocs1-thread000,000425.html,balanced,C++ native,AFC2,2310,1235,1.870445,46.5368,True,True,3.0525,0.0283
govdocs1-thread000,000425.html,maximum,C++ native,AFC2,2310,1235,1.870445,46.5368,True,True,5.042,0.0298
govdocs1-thread000,000426.html,fast,C++ native,AFC2,23336,10767,2.167363,53.861,True,True,7.9397,0.1848
govdocs1-thread000,000426.html,balanced,C++ native,AFC2,23336,8848,2.637432,62.0843,True,True,20.4672,0.1808
govdocs1-thread000,000426.html,maximum,C++ native,AFC2,23336,8775,2.659373,62.3972,True,True,38.7666,0.1548
govdocs1-thread000,000427.html,fast,C++ native,AFC2,40902,20612,1.984378,49.6064,True,True,11.9092,0.3484
govdocs1-thread000,000427.html,balanced,C++ native,AFC2,40902,17866,2.289376,56.32,True,True,33.1032,0.3641
govdocs1-thread000,000427.html,maximum,C++ native,AFC2,40902,17223,2.374848,57.892,True,True,63.686,0.3268
govdocs1-thread000,000428.html,fast,C++ native,AFC2,61208,29414,2.080914,51.9442,True,True,14.1883,0.4616
govdocs1-thread000,000428.html,balanced,C++ native,AFC2,61208,25674,2.384046,58.0545,True,True,43.1134,0.3911
govdocs1-thread000,000428.html,maximum,C++ native,AFC2,61208,25053,2.443141,59.0691,True,True,94.7363,0.4528
govdocs1-thread000,000429.html,fast,C++ native,AFC2,7991,4514,1.77027,43.5115,True,True,3.3275,0.1011
govdocs1-thread000,000429.html,balanced,C++ native,AFC2,7991,4324,1.848057,45.8891,True,True,7.0084,0.0697
govdocs1-thread000,000429.html,maximum,C++ native,AFC2,7991,4324,1.848057,45.8891,True,True,12.9422,0.0943
govdocs1-thread000,000430.html,fast,C++ native,AFC2,12964,7507,1.726922,42.0935,True,True,4.853,0.115
govdocs1-thread000,000430.html,balanced,C++ native,AFC2,12964,6458,2.007433,50.1851,True,True,11.3797,0.1401
govdocs1-thread000,000430.html,maximum,C++ native,AFC2,12964,6439,2.013356,50.3317,True,True,19.2688,0.1458
govdocs1-thread000,000431.html,fast,C++ native,AFC2,13151,5897,2.230117,55.1593,True,True,4.3588,0.1006
govdocs1-thread000,000431.html,balanced,C++ native,AFC2,13151,5133,2.562049,60.9687,True,True,9.8513,0.0882
govdocs1-thread000,000431.html,maximum,C++ native,AFC2,13151,5102,2.577617,61.2045,True,True,18.2035,0.0807
govdocs1-thread000,000432.jpg,fast,C++ native,AFC2,22823,22265,1.025062,2.4449,True,True,8.4385,0.1707
govdocs1-thread000,000432.jpg,balanced,C++ native,AFC2,22823,22191,1.02848,2.7691,True,True,21.5153,0.1479
govdocs1-thread000,000432.jpg,maximum,C++ native,AFC2,22823,22191,1.02848,2.7691,True,True,36.4316,0.1641
govdocs1-thread000,000433.html,fast,C++ native,AFC2,13398,6930,1.933333,48.2759,True,True,4.9456,0.0973
govdocs1-thread000,000433.html,balanced,C++ native,AFC2,13398,5413,2.475152,59.5984,True,True,10.3864,0.0864
govdocs1-thread000,000433.html,maximum,C++ native,AFC2,13398,5413,2.475152,59.5984,True,True,18.0752,0.1008
govdocs1-thread000,000434.html,fast,C++ native,AFC2,4210,2473,1.702386,41.2589,True,True,1.6758,0.0456
govdocs1-thread000,000434.html,balanced,C++ native,AFC2,4210,2409,1.747613,42.7791,True,True,3.7588,0.0461
govdocs1-thread000,000434.html,maximum,C++ native,AFC2,4210,2409,1.747613,42.7791,True,True,6.1756,0.0484
govdocs1-thread000,000435.html,fast,C++ native,AFC2,9719,5424,1.791851,44.1918,True,True,3.5064,0.1108
govdocs1-thread000,000435.html,balanced,C++ native,AFC2,9719,4645,2.092357,52.207,True,True,9.0265,0.1053
govdocs1-thread000,000435.html,maximum,C++ native,AFC2,9719,4645,2.092357,52.207,True,True,15.1421,0.0861
govdocs1-thread000,000436.html,fast,C++ native,AFC2,10604,5946,1.783384,43.9268,True,True,4.4432,0.0745
govdocs1-thread000,000436.html,balanced,C++ native,AFC2,10604,4764,2.225861,55.0736,True,True,9.6209,0.094
govdocs1-thread000,000436.html,maximum,C++ native,AFC2,10604,4764,2.225861,55.0736,True,True,18.0896,0.0788
govdocs1-thread000,000437.jpg,fast,C++ native,AFC1,13203,13210,0.99947,-0.053,True,True,4.4811,0.0141
govdocs1-thread000,000437.jpg,balanced,C++ native,AFC1,13203,13210,0.99947,-0.053,True,True,9.3236,0.0136
govdocs1-thread000,000437.jpg,maximum,C++ native,AFC1,13203,13210,0.99947,-0.053,True,True,17.7307,0.0259
govdocs1-thread000,000438.html,fast,C++ native,AFC2,33885,13508,2.508513,60.1358,True,True,9.5118,0.2435
govdocs1-thread000,000438.html,balanced,C++ native,AFC2,33885,10970,3.088879,67.6258,True,True,25.5627,0.206
govdocs1-thread000,000438.html,maximum,C++ native,AFC2,33885,10823,3.130832,68.0596,True,True,46.0897,0.2194
govdocs1-thread000,000439.html,fast,C++ native,AFC2,15094,8589,1.757364,43.0966,True,True,6.4404,0.141
govdocs1-thread000,000439.html,balanced,C++ native,AFC2,15094,7626,1.979281,49.4766,True,True,12.3219,0.1281
govdocs1-thread000,000439.html,maximum,C++ native,AFC2,15094,7626,1.979281,49.4766,True,True,22.5759,0.1344
govdocs1-thread000,000440.html,fast,C++ native,AFC2,21995,10132,2.170845,53.935,True,True,6.9626,0.1892
govdocs1-thread000,000440.html,balanced,C++ native,AFC2,21995,8522,2.580967,61.2548,True,True,20.2572,0.1933
govdocs1-thread000,000440.html,maximum,C++ native,AFC2,21995,8522,2.580967,61.2548,True,True,42.6424,0.1877
govdocs1-thread000,000442.html,fast,C++ native,AFC2,13777,5939,2.319751,56.8919,True,True,4.4278,0.1112
govdocs1-thread000,000442.html,balanced,C++ native,AFC2,13777,4623,2.9801,66.4441,True,True,10.1534,0.0971
govdocs1-thread000,000442.html,maximum,C++ native,AFC2,13777,4623,2.9801,66.4441,True,True,17.2907,0.078
govdocs1-thread000,000444.pdf,fast,C++ native,AFC2,1148629,1071476,1.072006,6.717,True,True,388.7125,7.5878
govdocs1-thread000,000444.pdf,balanced,C++ native,AFC2,1148629,1065911,1.077603,7.2015,True,True,942.1354,7.6928
govdocs1-thread000,000444.pdf,maximum,C++ native,AFC2,1148629,1064729,1.078799,7.3044,True,True,1958.3915,7.5833
govdocs1-thread000,000445.html,fast,C++ native,AFC2,13432,8122,1.65378,39.5325,True,True,5.2129,0.1194
govdocs1-thread000,000445.html,balanced,C++ native,AFC2,13432,7374,1.821535,45.1013,True,True,13.2417,0.1102
govdocs1-thread000,000445.html,maximum,C++ native,AFC2,13432,7374,1.821535,45.1013,True,True,20.6093,0.1156
govdocs1-thread000,000446.html,fast,C++ native,AFC2,14159,6692,2.11581,52.7368,True,True,4.9049,0.13
govdocs1-thread000,000446.html,balanced,C++ native,AFC2,14159,5915,2.393745,58.2245,True,True,12.0312,0.1466
govdocs1-thread000,000446.html,maximum,C++ native,AFC2,14159,5894,2.402273,58.3728,True,True,20.5051,0.1462
govdocs1-thread000,000447.html,fast,C++ native,AFC2,25885,11734,2.205983,54.6687,True,True,8.1876,0.2193
govdocs1-thread000,000447.html,balanced,C++ native,AFC2,25885,10253,2.524627,60.3902,True,True,22.7312,0.1789
govdocs1-thread000,000447.html,maximum,C++ native,AFC2,25885,10253,2.524627,60.3902,True,True,48.8366,0.1986
govdocs1-thread000,000448.html,fast,C++ native,AFC2,159985,57119,2.800907,64.2973,True,True,22.9964,1.1543
govdocs1-thread000,000448.html,balanced,C++ native,AFC2,159985,50771,3.15111,68.2651,True,True,57.6544,1.0278
govdocs1-thread000,000448.html,maximum,C++ native,AFC2,159985,50771,3.15111,68.2651,True,True,140.0436,1.0408
govdocs1-thread000,000449.html,fast,C++ native,AFC2,39756,15835,2.510641,60.1695,True,True,10.8813,0.2874
govdocs1-thread000,000449.html,balanced,C++ native,AFC2,39756,13795,2.881914,65.3008,True,True,33.8946,0.2197
govdocs1-thread000,000449.html,maximum,C++ native,AFC2,39756,13121,3.029952,66.9962,True,True,56.9069,0.2654
govdocs1-thread000,000450.html,fast,C++ native,AFC2,16487,7710,2.138392,53.2359,True,True,7.19,0.1699
govdocs1-thread000,000450.html,balanced,C++ native,AFC2,16487,6503,2.535291,60.5568,True,True,19.8828,0.1699
govdocs1-thread000,000450.html,maximum,C++ native,AFC2,16487,6501,2.536071,60.5689,True,True,34.8179,0.2682
govdocs1-thread000,000451.html,fast,C++ native,AFC2,26142,13132,1.99071,49.7667,True,True,9.3409,0.243
govdocs1-thread000,000451.html,balanced,C++ native,AFC2,26142,11355,2.302246,56.5641,True,True,26.5102,0.2304
govdocs1-thread000,000451.html,maximum,C++ native,AFC2,26142,11355,2.302246,56.5641,True,True,58.5837,0.2182
govdocs1-thread000,000452.html,fast,C++ native,AFC2,18087,9766,1.852038,46.0054,True,True,7.5759,0.1835
govdocs1-thread000,000452.html,balanced,C++ native,AFC2,18087,8418,2.14861,53.4583,True,True,20.4298,0.1927
govdocs1-thread000,000452.html,maximum,C++ native,AFC2,18087,8416,2.149121,53.4693,True,True,43.2234,0.1731
govdocs1-thread000,000453.html,fast,C++ native,AFC2,17239,9445,1.825199,45.2114,True,True,7.6522,0.1344
govdocs1-thread000,000453.html,balanced,C++ native,AFC2,17239,7909,2.179669,54.1215,True,True,21.3093,0.1702
govdocs1-thread000,000453.html,maximum,C++ native,AFC2,17239,7798,2.210695,54.7654,True,True,36.2891,0.1753
govdocs1-thread000,000454.html,fast,C++ native,AFC2,24635,12034,2.047117,51.1508,True,True,8.7297,0.2467
govdocs1-thread000,000454.html,balanced,C++ native,AFC2,24635,10319,2.387344,58.1124,True,True,24.9119,0.2256
govdocs1-thread000,000454.html,maximum,C++ native,AFC2,24635,10319,2.387344,58.1124,True,True,48.3145,0.209
govdocs1-thread000,000455.html,fast,C++ native,AFC2,132672,53831,2.464602,59.4255,True,True,19.9452,0.8311
govdocs1-thread000,000455.html,balanced,C++ native,AFC2,132672,47233,2.808884,64.3987,True,True,51.5475,0.7527
govdocs1-thread000,000455.html,maximum,C++ native,AFC2,132672,46583,2.848078,64.8886,True,True,98.1656,0.661
govdocs1-thread000,000456.html,fast,C++ native,AFC2,14048,7083,1.98334,49.58,True,True,5.3798,0.1246
govdocs1-thread000,000456.html,balanced,C++ native,AFC2,14048,5858,2.398088,58.3001,True,True,14.2255,0.0886
govdocs1-thread000,000456.html,maximum,C++ native,AFC2,14048,5858,2.398088,58.3001,True,True,24.3224,0.08
govdocs1-thread000,000457.html,fast,C++ native,AFC2,26316,12784,2.058511,51.4212,True,True,8.8605,0.2468
govdocs1-thread000,000457.html,balanced,C++ native,AFC2,26316,10916,2.410773,58.5195,True,True,25.1263,0.2101
govdocs1-thread000,000457.html,maximum,C++ native,AFC2,26316,10901,2.41409,58.5765,True,True,49.7136,0.1967
govdocs1-thread000,000458.html,fast,C++ native,AFC2,20543,12394,1.657496,39.668,True,True,8.9379,0.2674
govdocs1-thread000,000458.html,balanced,C++ native,AFC2,20543,11211,1.832397,45.4267,True,True,22.4148,0.1831
govdocs1-thread000,000458.html,maximum,C++ native,AFC2,20543,11211,1.832397,45.4267,True,True,47.9975,0.1877
govdocs1-thread000,000459.html,fast,C++ native,AFC2,23782,3089,7.698932,87.0112,True,True,5.8844,0.06
govdocs1-thread000,000459.html,balanced,C++ native,AFC2,23782,3089,7.698932,87.0112,True,True,13.5039,0.0663
govdocs1-thread000,000459.html,maximum,C++ native,AFC2,23782,3089,7.698932,87.0112,True,True,23.9545,0.0632
govdocs1-thread000,000460.txt,fast,C++ native,AFC2,6069,1463,4.148325,75.8939,True,True,1.8828,0.0267
govdocs1-thread000,000460.txt,balanced,C++ native,AFC2,6069,1463,4.148325,75.8939,True,True,3.8644,0.0259
govdocs1-thread000,000460.txt,maximum,C++ native,AFC2,6069,1463,4.148325,75.8939,True,True,6.6694,0.0303
govdocs1-thread000,000461.html,fast,C++ native,AFC2,5170,1217,4.248151,76.4603,True,True,2.1121,0.0288
govdocs1-thread000,000461.html,balanced,C++ native,AFC2,5170,1051,4.919125,79.6712,True,True,4.5856,0.023
govdocs1-thread000,000461.html,maximum,C++ native,AFC2,5170,962,5.37422,81.3926,True,True,7.3251,0.0325
govdocs1-thread000,000462.txt,fast,C++ native,AFC2,6614,1769,3.738836,73.2537,True,True,1.908,0.031
govdocs1-thread000,000462.txt,balanced,C++ native,AFC2,6614,1762,3.753689,73.3595,True,True,4.3014,0.0413
govdocs1-thread000,000462.txt,maximum,C++ native,AFC2,6614,1710,3.867836,74.1458,True,True,7.4623,0.0438
govdocs1-thread000,000463.txt,fast,C++ native,AFC2,3426,1988,1.72334,41.9731,True,True,1.8327,0.039
govdocs1-thread000,000463.txt,balanced,C++ native,AFC2,3426,1863,1.838969,45.6217,True,True,4.098,0.0389
govdocs1-thread000,000463.txt,maximum,C++ native,AFC2,3426,1863,1.838969,45.6217,True,True,6.6041,0.0401
govdocs1-thread000,000464.txt,fast,C++ native,AFC2,94528,24512,3.856397,74.0691,True,True,10.1603,0.4567
govdocs1-thread000,000464.txt,balanced,C++ native,AFC2,94528,19365,4.881384,79.514,True,True,24.825,0.4011
govdocs1-thread000,000464.txt,maximum,C++ native,AFC2,94528,18254,5.178481,80.6893,True,True,46.4239,0.5146
govdocs1-thread000,000465.unk,fast,C++ native,AFC2,1545,894,1.728188,42.1359,True,True,1.1526,0.0279
govdocs1-thread000,000465.unk,balanced,C++ native,AFC2,1545,894,1.728188,42.1359,True,True,2.8067,0.0308
govdocs1-thread000,000465.unk,maximum,C++ native,AFC2,1545,894,1.728188,42.1359,True,True,3.4056,0.0304
govdocs1-thread000,000466.unk,fast,C++ native,AFC2,2338,1320,1.771212,43.5415,True,True,1.0709,0.0318
govdocs1-thread000,000466.unk,balanced,C++ native,AFC2,2338,1283,1.822292,45.124,True,True,2.4119,0.0277
govdocs1-thread000,000466.unk,maximum,C++ native,AFC2,2338,1283,1.822292,45.124,True,True,4.3098,0.0357
govdocs1-thread000,000467.txt,fast,C++ native,AFC2,1921,1187,1.618366,38.2093,True,True,1.0868,0.0332
govdocs1-thread000,000467.txt,balanced,C++ native,AFC2,1921,1162,1.653184,39.5107,True,True,2.7673,0.0338
govdocs1-thread000,000467.txt,maximum,C++ native,AFC2,1921,1162,1.653184,39.5107,True,True,4.2165,0.0323
govdocs1-thread000,000468.txt,fast,C++ native,AFC2,3431,1982,1.73108,42.2326,True,True,1.711,0.041
govdocs1-thread000,000468.txt,balanced,C++ native,AFC2,3431,1933,1.774961,43.6607,True,True,3.2104,0.0484
govdocs1-thread000,000468.txt,maximum,C++ native,AFC2,3431,1933,1.774961,43.6607,True,True,5.4525,0.0446
govdocs1-thread000,000469.jpg,fast,C++ native,AFC2,77691,69826,1.112637,10.1234,True,True,14.2663,0.5635
govdocs1-thread000,000469.jpg,balanced,C++ native,AFC2,77691,68864,1.12818,11.3617,True,True,34.7494,0.4608
govdocs1-thread000,000469.jpg,maximum,C++ native,AFC2,77691,68566,1.133083,11.7452,True,True,60.2458,0.4356
govdocs1-thread000,000470.txt,fast,C++ native,AFC2,50435,11449,4.405188,77.2995,True,True,7.9588,0.1574
govdocs1-thread000,000470.txt,balanced,C++ native,AFC2,50435,8017,6.291007,84.1043,True,True,20.9336,0.1852
govdocs1-thread000,000470.txt,maximum,C++ native,AFC2,50435,8017,6.291007,84.1043,True,True,49.9251,0.1614
govdocs1-thread000,000471.txt,fast,C++ native,AFC2,23544,11341,2.076007,51.8306,True,True,8.1655,0.221
govdocs1-thread000,000471.txt,balanced,C++ native,AFC2,23544,9658,2.437772,58.9789,True,True,20.2219,0.1834
govdocs1-thread000,000471.txt,maximum,C++ native,AFC2,23544,9630,2.44486,59.0979,True,True,41.8333,0.1992
govdocs1-thread000,000472.txt,fast,C++ native,AFC2,61630,32464,1.898411,47.3244,True,True,14.9008,0.5477
govdocs1-thread000,000472.txt,balanced,C++ native,AFC2,61630,28845,2.136592,53.1965,True,True,43.3691,0.5161
govdocs1-thread000,000472.txt,maximum,C++ native,AFC2,61630,28521,2.160864,53.7222,True,True,105.1139,0.5393
govdocs1-thread000,000473.txt,fast,C++ native,AFC2,7426,3999,1.856964,46.1487,True,True,3.5763,0.0832
govdocs1-thread000,000473.txt,balanced,C++ native,AFC2,7426,3777,1.966111,49.1382,True,True,7.5087,0.0995
govdocs1-thread000,000473.txt,maximum,C++ native,AFC2,7426,3766,1.971853,49.2863,True,True,12.8335,0.0967
govdocs1-thread000,000474.txt,fast,C++ native,AFC2,354638,94419,3.756002,73.3759,True,True,29.0885,1.1449
govdocs1-thread000,000474.txt,balanced,C++ native,AFC2,354638,82165,4.316169,76.8313,True,True,80.4374,1.1209
govdocs1-thread000,000474.txt,maximum,C++ native,AFC2,354638,78755,4.503054,77.7928,True,True,174.6858,1.1406
govdocs1-thread000,000475.txt,fast,C++ native,AFC2,5095,1849,2.755544,63.7095,True,True,2.1797,0.0581
govdocs1-thread000,000475.txt,balanced,C++ native,AFC2,5095,1745,2.919771,65.7507,True,True,4.6676,0.0511
govdocs1-thread000,000475.txt,maximum,C++ native,AFC2,5095,1745,2.919771,65.7507,True,True,6.3771,0.043
govdocs1-thread000,000476.jpg,fast,C++ native,AFC1,6456,6463,0.998917,-0.1084,True,True,3.2639,0.0092
govdocs1-thread000,000476.jpg,balanced,C++ native,AFC1,6456,6463,0.998917,-0.1084,True,True,8.447,0.0109
govdocs1-thread000,000476.jpg,maximum,C++ native,AFC1,6456,6463,0.998917,-0.1084,True,True,14.0353,0.0104
govdocs1-thread000,000477.txt,fast,C++ native,AFC2,11231,4906,2.289238,56.3173,True,True,4.0554,0.0816
govdocs1-thread000,000477.txt,balanced,C++ native,AFC2,11231,4336,2.590175,61.3926,True,True,9.4779,0.0838
govdocs1-thread000,000477.txt,maximum,C++ native,AFC2,11231,4119,2.726633,63.3247,True,True,16.1333,0.0744
govdocs1-thread000,000478.txt,fast,C++ native,AFC2,213606,74017,2.885905,65.3488,True,True,25.9891,1.2063
govdocs1-thread000,000478.txt,balanced,C++ native,AFC2,213606,65651,3.25366,69.2654,True,True,58.3482,0.9469
govdocs1-thread000,000478.txt,maximum,C++ native,AFC2,213606,65104,3.280997,69.5215,True,True,125.1465,0.9203
govdocs1-thread000,000479.txt,fast,C++ native,AFC2,12969,6776,1.913961,47.7523,True,True,4.783,0.1031
govdocs1-thread000,000479.txt,balanced,C++ native,AFC2,12969,6176,2.099903,52.3787,True,True,10.4565,0.0979
govdocs1-thread000,000479.txt,maximum,C++ native,AFC2,12969,6176,2.099903,52.3787,True,True,17.8911,0.0975
govdocs1-thread000,000480.txt,fast,C++ native,AFC2,27034,13827,1.95516,48.8533,True,True,8.0198,0.2864
govdocs1-thread000,000480.txt,balanced,C++ native,AFC2,27034,12299,2.198065,54.5054,True,True,25.0589,0.2045
govdocs1-thread000,000480.txt,maximum,C++ native,AFC2,27034,12299,2.198065,54.5054,True,True,55.2601,0.1822
govdocs1-thread000,000481.txt,fast,C++ native,AFC2,1288,847,1.520661,34.2391,True,True,1.092,0.0237
govdocs1-thread000,000481.txt,balanced,C++ native,AFC2,1288,838,1.536993,34.9379,True,True,2.4002,0.0248
govdocs1-thread000,000481.txt,maximum,C++ native,AFC2,1288,838,1.536993,34.9379,True,True,3.501,0.0257
govdocs1-thread000,000482.ps,fast,C++ native,AFC2,11636,4997,2.328597,57.0557,True,True,3.9799,0.0927
govdocs1-thread000,000482.ps,balanced,C++ native,AFC2,11636,4335,2.684198,62.7449,True,True,10.398,0.0787
govdocs1-thread000,000482.ps,maximum,C++ native,AFC2,11636,4333,2.685437,62.7621,True,True,18.8896,0.0724
govdocs1-thread000,000483.txt,fast,C++ native,AFC2,1339,867,1.544406,35.2502,True,True,1.0888,0.0257
govdocs1-thread000,000483.txt,balanced,C++ native,AFC2,1339,854,1.567916,36.2211,True,True,2.7324,0.028
govdocs1-thread000,000483.txt,maximum,C++ native,AFC2,1339,854,1.567916,36.2211,True,True,3.6286,0.0297
govdocs1-thread000,000484.txt,fast,C++ native,AFC2,9080,5354,1.695928,41.0352,True,True,3.348,0.1171
govdocs1-thread000,000484.txt,balanced,C++ native,AFC2,9080,5020,1.808765,44.7137,True,True,7.8977,0.1278
govdocs1-thread000,000484.txt,maximum,C++ native,AFC2,9080,5020,1.808765,44.7137,True,True,15.2182,0.1188
govdocs1-thread000,000485.txt,fast,C++ native,AFC2,3109,1899,1.637177,38.9193,True,True,1.783,0.0499
govdocs1-thread000,000485.txt,balanced,C++ native,AFC2,3109,1876,1.657249,39.6591,True,True,4.2526,0.0414
govdocs1-thread000,000485.txt,maximum,C++ native,AFC2,3109,1876,1.657249,39.6591,True,True,7.1128,0.0423
govdocs1-thread000,000486.txt,fast,C++ native,AFC2,5029,2963,1.697266,41.0817,True,True,2.4388,0.0762
govdocs1-thread000,000486.txt,balanced,C++ native,AFC2,5029,2865,1.755323,43.0304,True,True,4.9422,0.0792
govdocs1-thread000,000486.txt,maximum,C++ native,AFC2,5029,2865,1.755323,43.0304,True,True,8.6421,0.0921
govdocs1-thread000,000487.txt,fast,C++ native,AFC2,30667,15233,2.013195,50.3277,True,True,9.1243,0.2772
govdocs1-thread000,000487.txt,balanced,C++ native,AFC2,30667,12889,2.379316,57.9711,True,True,26.3008,0.2264
govdocs1-thread000,000487.txt,maximum,C++ native,AFC2,30667,12826,2.391003,58.1765,True,True,53.4513,0.2558
govdocs1-thread000,000488.unk,fast,C++ native,AFC2,109623,42634,2.571258,61.1085,True,True,16.3191,0.6424
govdocs1-thread000,000488.unk,balanced,C++ native,AFC2,109623,35426,3.094422,67.6838,True,True,40.3749,0.5853
govdocs1-thread000,000488.unk,maximum,C++ native,AFC2,109623,34921,3.139171,68.1445,True,True,83.8911,0.652
govdocs1-thread000,000489.txt,fast,C++ native,AFC2,4504,2641,1.705415,41.3632,True,True,2.4163,0.0697
govdocs1-thread000,000489.txt,balanced,C++ native,AFC2,4504,2467,1.825699,45.2265,True,True,5.0686,0.0718
govdocs1-thread000,000489.txt,maximum,C++ native,AFC2,4504,2467,1.825699,45.2265,True,True,8.8978,0.0711
govdocs1-thread000,000490.txt,fast,C++ native,AFC2,1679,1017,1.650934,39.4282,True,True,1.4471,0.0261
govdocs1-thread000,000490.txt,balanced,C++ native,AFC2,1679,988,1.699393,41.1554,True,True,2.7128,0.0286
govdocs1-thread000,000490.txt,maximum,C++ native,AFC2,1679,988,1.699393,41.1554,True,True,4.2829,0.0313
govdocs1-thread000,000491.txt,fast,C++ native,AFC2,28044,8034,3.490665,71.3522,True,True,6.6646,0.1889
govdocs1-thread000,000491.txt,balanced,C++ native,AFC2,28044,7141,3.927181,74.5364,True,True,18.4725,0.1514
govdocs1-thread000,000491.txt,maximum,C++ native,AFC2,28044,7103,3.948191,74.6719,True,True,31.9626,0.1682
govdocs1-thread000,000492.txt,fast,C++ native,AFC2,1886,628,3.003185,66.702,True,True,1.1275,0.0257
govdocs1-thread000,000492.txt,balanced,C++ native,AFC2,1886,559,3.373882,70.3606,True,True,2.1961,0.0223
govdocs1-thread000,000492.txt,maximum,C++ native,AFC2,1886,559,3.373882,70.3606,True,True,3.0027,0.0257
govdocs1-thread000,000493.xml,fast,C++ native,AFC2,483,378,1.277778,21.7391,True,True,0.7544,0.0194
govdocs1-thread000,000493.xml,balanced,C++ native,AFC2,483,353,1.368272,26.9151,True,True,1.7997,0.018
govdocs1-thread000,000493.xml,maximum,C++ native,AFC2,483,353,1.368272,26.9151,True,True,2.7664,0.0182
govdocs1-thread000,000494.txt,fast,C++ native,AFC2,1379,835,1.651497,39.4489,True,True,0.935,0.0258
govdocs1-thread000,000494.txt,balanced,C++ native,AFC2,1379,824,1.673544,40.2466,True,True,2.2281,0.0332
govdocs1-thread000,000494.txt,maximum,C++ native,AFC2,1379,824,1.673544,40.2466,True,True,3.6041,0.0351
govdocs1-thread000,000495.unk,fast,C++ native,AFC2,62599,31915,1.961429,49.0168,True,True,16.1217,0.5274
govdocs1-thread000,000495.unk,balanced,C++ native,AFC2,62599,27743,2.256389,55.6814,True,True,42.4411,0.394
govdocs1-thread000,000495.unk,maximum,C++ native,AFC2,62599,27743,2.256389,55.6814,True,True,99.3922,0.3846
govdocs1-thread000,000496.xml,fast,C++ native,AFC2,167485,18414,9.095525,89.0056,True,True,7.5223,0.3045
govdocs1-thread000,000496.xml,balanced,C++ native,AFC2,167485,9470,17.68585,94.3458,True,True,20.8118,0.1737
govdocs1-thread000,000496.xml,maximum,C++ native,AFC2,167485,9470,17.68585,94.3458,True,True,42.422,0.2446
govdocs1-thread000,000497.xml,fast,C++ native,AFC2,426234,48708,8.750801,88.5725,True,True,13.222,0.5772
govdocs1-thread000,000497.xml,balanced,C++ native,AFC2,426234,18412,23.149794,95.6803,True,True,38.565,0.3434
govdocs1-thread000,000497.xml,maximum,C++ native,AFC2,426234,17587,24.235742,95.8739,True,True,104.0037,0.3674
govdocs1-thread000,000498.txt,fast,C++ native,AFC2,4267,2527,1.688564,40.7781,True,True,2.1115,0.0565
govdocs1-thread000,000498.txt,balanced,C++ native,AFC2,4267,2419,1.763952,43.3091,True,True,4.8359,0.0501
govdocs1-thread000,000498.txt,maximum,C++ native,AFC2,4267,2419,1.763952,43.3091,True,True,8.0224,0.0507
govdocs1-thread000,000499.txt,fast,C++ native,AFC2,10552,6060,1.741254,42.5701,True,True,3.7813,0.1024
govdocs1-thread000,000499.txt,balanced,C++ native,AFC2,10552,5674,1.859711,46.2282,True,True,9.1524,0.09
govdocs1-thread000,000499.txt,maximum,C++ native,AFC2,10552,5648,1.868272,46.4746,True,True,15.4212,0.1138
govdocs1-thread000,000500.txt,fast,C++ native,AFC2,106733,54393,1.962256,49.0383,True,True,20.7763,0.9505
govdocs1-thread000,000500.txt,balanced,C++ native,AFC2,106733,48530,2.19932,54.5314,True,True,47.886,0.8648
govdocs1-thread000,000500.txt,maximum,C++ native,AFC2,106733,48530,2.19932,54.5314,True,True,103.5475,0.8128
govdocs1-thread000,000501.txt,fast,C++ native,AFC2,13066,7243,1.803949,44.566,True,True,4.9206,0.1138
govdocs1-thread000,000501.txt,balanced,C++ native,AFC2,13066,6394,2.043478,51.0638,True,True,9.4487,0.1171
govdocs1-thread000,000501.txt,maximum,C++ native,AFC2,13066,6394,2.043478,51.0638,True,True,17.6207,0.1155
govdocs1-thread000,000502.txt,fast,C++ native,AFC2,27229,14532,1.873727,46.6304,True,True,8.5149,0.2297
govdocs1-thread000,000502.txt,balanced,C++ native,AFC2,27229,12996,2.095183,52.2715,True,True,23.5494,0.2796
govdocs1-thread000,000502.txt,maximum,C++ native,AFC2,27229,12996,2.095183,52.2715,True,True,45.8813,0.2452
govdocs1-thread000,000503.txt,fast,C++ native,AFC2,41815,20023,2.088348,52.1153,True,True,11.3937,0.3845
govdocs1-thread000,000503.txt,balanced,C++ native,AFC2,41815,16906,2.473382,59.5695,True,True,31.3028,0.3618
govdocs1-thread000,000503.txt,maximum,C++ native,AFC2,41815,16832,2.484256,59.7465,True,True,58.0579,0.3577
govdocs1-thread000,000504.txt,fast,C++ native,AFC2,6622,3903,1.696644,41.0601,True,True,3.1182,0.0831
govdocs1-thread000,000504.txt,balanced,C++ native,AFC2,6622,3678,1.800435,44.4579,True,True,7.0289,0.1018
govdocs1-thread000,000504.txt,maximum,C++ native,AFC2,6622,3677,1.800925,44.473,True,True,11.0707,0.0851
govdocs1-thread000,000505.jpg,fast,C++ native,AFC2,165203,152805,1.081136,7.5047,True,True,36.5384,1.0104
govdocs1-thread000,000505.jpg,balanced,C++ native,AFC2,165203,152713,1.081787,7.5604,True,True,87.9254,1.0527
govdocs1-thread000,000505.jpg,maximum,C++ native,AFC2,165203,151482,1.090578,8.3055,True,True,143.8517,1.0217
govdocs1-thread000,000506.jpg,fast,C++ native,AFC2,117029,111960,1.045275,4.3314,True,True,28.7048,0.9659
govdocs1-thread000,000506.jpg,balanced,C++ native,AFC2,117029,110960,1.054695,5.1859,True,True,67.3535,0.8284
govdocs1-thread000,000506.jpg,maximum,C++ native,AFC2,117029,110960,1.054695,5.1859,True,True,109.5176,0.8353
govdocs1-thread000,000507.jpg,fast,C++ native,AFC2,101029,99233,1.018099,1.7777,True,True,23.5988,0.6522
govdocs1-thread000,000507.jpg,balanced,C++ native,AFC2,101029,98724,1.023348,2.2815,True,True,54.3728,0.6318
govdocs1-thread000,000507.jpg,maximum,C++ native,AFC2,101029,98724,1.023348,2.2815,True,True,80.2998,0.6017
govdocs1-thread000,000508.jpg,fast,C++ native,AFC1,11297,11304,0.999381,-0.062,True,True,6.1948,0.0235
govdocs1-thread000,000508.jpg,balanced,C++ native,AFC1,11297,11304,0.999381,-0.062,True,True,11.5081,0.0153
govdocs1-thread000,000508.jpg,maximum,C++ native,AFC1,11297,11304,0.999381,-0.062,True,True,21.5178,0.0234
govdocs1-thread000,000509.jpg,fast,C++ native,AFC2,1688344,1685625,1.001613,0.161,True,True,275.5907,10.2769
govdocs1-thread000,000509.jpg,balanced,C++ native,AFC2,1688344,1683455,1.002904,0.2896,True,True,706.4362,10.1922
govdocs1-thread000,000509.jpg,maximum,C++ native,AFC2,1688344,1683455,1.002904,0.2896,True,True,1797.226,10.3073
govdocs1-thread000,000510.jpg,fast,C++ native,AFC2,94790,89094,1.063932,6.0091,True,True,21.4102,0.5698
govdocs1-thread000,000510.jpg,balanced,C++ native,AFC2,94790,88460,1.071558,6.6779,True,True,44.2459,0.5418
govdocs1-thread000,000510.jpg,maximum,C++ native,AFC2,94790,88313,1.073341,6.833,True,True,73.1199,0.6226
govdocs1-thread000,000511.gif,fast,C++ native,AFC2,775995,756259,1.026097,2.5433,True,True,216.8776,6.1519
govdocs1-thread000,000511.gif,balanced,C++ native,AFC2,775995,748636,1.036545,3.5257,True,True,555.951,5.5464
govdocs1-thread000,000511.gif,maximum,C++ native,AFC2,775995,748561,1.036649,3.5353,True,True,1272.8023,6.0489
govdocs1-thread000,000512.jpg,fast,C++ native,AFC2,195311,194494,1.004201,0.4183,True,True,50.4633,1.1069
govdocs1-thread000,000512.jpg,balanced,C++ native,AFC2,195311,194192,1.005762,0.5729,True,True,114.9383,1.1082
govdocs1-thread000,000512.jpg,maximum,C++ native,AFC2,195311,194192,1.005762,0.5729,True,True,182.3346,1.274
govdocs1-thread000,000513.jpg,fast,C++ native,AFC2,169718,157613,1.076802,7.1324,True,True,38.7047,0.9532
govdocs1-thread000,000513.jpg,balanced,C++ native,AFC2,169718,157508,1.07752,7.1943,True,True,91.7941,0.9878
govdocs1-thread000,000513.jpg,maximum,C++ native,AFC2,169718,156084,1.08735,8.0333,True,True,159.0563,1.0568
govdocs1-thread000,000514.jpg,fast,C++ native,AFC2,165590,153391,1.079529,7.367,True,True,37.478,0.9199
govdocs1-thread000,000514.jpg,balanced,C++ native,AFC2,165590,152462,1.086107,7.928,True,True,89.9351,1.1653
govdocs1-thread000,000514.jpg,maximum,C++ native,AFC2,165590,151974,1.089594,8.2227,True,True,156.2802,1.0299
govdocs1-thread000,000515.jpg,fast,C++ native,AFC1,7630,7637,0.999083,-0.0917,True,True,4.0825,0.0149
govdocs1-thread000,000515.jpg,balanced,C++ native,AFC1,7630,7637,0.999083,-0.0917,True,True,9.3977,0.0124
govdocs1-thread000,000515.jpg,maximum,C++ native,AFC1,7630,7637,0.999083,-0.0917,True,True,17.4534,0.0162
govdocs1-thread000,000516.jpg,fast,C++ native,AFC2,86609,77680,1.114946,10.3096,True,True,19.1747,0.472
govdocs1-thread000,000516.jpg,balanced,C++ native,AFC2,86609,76763,1.128265,11.3683,True,True,48.0927,0.483
govdocs1-thread000,000516.jpg,maximum,C++ native,AFC2,86609,76746,1.128515,11.388,True,True,80.6013,0.5147
govdocs1-thread000,000517.gif,fast,C++ native,AFC2,708207,677080,1.045972,4.3952,True,True,203.8111,5.4526
govdocs1-thread000,000517.gif,balanced,C++ native,AFC2,708207,667780,1.060539,5.7084,True,True,540.9148,5.1849
govdocs1-thread000,000517.gif,maximum,C++ native,AFC2,708207,667665,1.060722,5.7246,True,True,1211.6619,5.3997
govdocs1-thread000,000518.ppt,fast,C++ native,AFC2,8271360,7602716,1.087948,8.0838,True,True,549.0862,44.7443
govdocs1-thread000,000518.ppt,balanced,C++ native,AFC2,8271360,7516132,1.100481,9.1306,True,True,1685.8221,44.3581
govdocs1-thread000,000518.ppt,maximum,C++ native,AFC2,8271360,7411491,1.116018,10.3957,True,True,5628.9294,44.5413
govdocs1-thread000,000519.gif,fast,C++ native,AFC2,646344,630265,1.025511,2.4877,True,True,191.9593,5.2263
govdocs1-thread000,000519.gif,balanced,C++ native,AFC2,646344,623447,1.036726,3.5425,True,True,497.1931,4.8546
govdocs1-thread000,000519.gif,maximum,C++ native,AFC2,646344,623418,1.036775,3.547,True,True,973.4546,4.4956
govdocs1-thread000,000520.gif,fast,C++ native,AFC2,888265,850551,1.044341,4.2458,True,True,240.0901,6.7831
govdocs1-thread000,000520.gif,balanced,C++ native,AFC2,888265,841647,1.055389,5.2482,True,True,622.458,7.3099
govdocs1-thread000,000520.gif,maximum,C++ native,AFC2,888265,841647,1.055389,5.2482,True,True,1393.6792,6.7576
govdocs1-thread000,000521.jpg,fast,C++ native,AFC2,38010,32124,1.183227,15.4854,True,True,9.9927,0.2194
govdocs1-thread000,000521.jpg,balanced,C++ native,AFC2,38010,31191,1.218621,17.94,True,True,28.2921,0.2109
govdocs1-thread000,000521.jpg,maximum,C++ native,AFC2,38010,31144,1.22046,18.0637,True,True,62.2468,0.3179
govdocs1-thread000,000522.gif,fast,C++ native,AFC2,434306,425138,1.021565,2.111,True,True,115.7343,2.8925
govdocs1-thread000,000522.gif,balanced,C++ native,AFC2,434306,423762,1.024882,2.4278,True,True,280.0454,3.0107
govdocs1-thread000,000522.gif,maximum,C++ native,AFC2,434306,423744,1.024925,2.4319,True,True,541.8807,3.307
govdocs1-thread000,000523.png,fast,C++ native,AFC1,999067,999075,0.999992,-0.0008,True,True,246.5785,0.3334
govdocs1-thread000,000523.png,balanced,C++ native,AFC1,999067,999075,0.999992,-0.0008,True,True,629.4481,0.3456
govdocs1-thread000,000523.png,maximum,C++ native,AFC1,999067,999075,0.999992,-0.0008,True,True,1398.9187,0.3753
govdocs1-thread000,000524.jpg,fast,C++ native,AFC1,15860,15867,0.999559,-0.0441,True,True,7.0299,0.0144
govdocs1-thread000,000524.jpg,balanced,C++ native,AFC1,15860,15867,0.999559,-0.0441,True,True,12.7795,0.0231
govdocs1-thread000,000524.jpg,maximum,C++ native,AFC1,15860,15867,0.999559,-0.0441,True,True,20.2752,0.0215
govdocs1-thread000,000525.gif,fast,C++ native,AFC2,332496,330954,1.004659,0.4638,True,True,89.9025,1.6274
govdocs1-thread000,000525.gif,balanced,C++ native,AFC2,332496,330655,1.005568,0.5537,True,True,192.6705,1.5643
govdocs1-thread000,000525.gif,maximum,C++ native,AFC2,332496,330648,1.005589,0.5558,True,True,326.3898,1.5769
govdocs1-thread000,000526.gif,fast,C++ native,AFC1,277400,277408,0.999971,-0.0029,True,True,79.4302,0.1665
govdocs1-thread000,000526.gif,balanced,C++ native,AFC1,277400,277408,0.999971,-0.0029,True,True,153.8984,0.1107
govdocs1-thread000,000526.gif,maximum,C++ native,AFC1,277400,277408,0.999971,-0.0029,True,True,250.7828,0.1154
govdocs1-thread000,000527.gif,fast,C++ native,AFC1,290370,290378,0.999972,-0.0028,True,True,73.6823,0.0753
govdocs1-thread000,000527.gif,balanced,C++ native,AFC1,290370,290378,0.999972,-0.0028,True,True,150.1588,0.0627
govdocs1-thread000,000527.gif,maximum,C++ native,AFC1,290370,290378,0.999972,-0.0028,True,True,241.7676,0.0926
govdocs1-thread000,000528.jpg,fast,C++ native,AFC1,30895,30903,0.999741,-0.0259,True,True,9.1145,0.0179
govdocs1-thread000,000528.jpg,balanced,C++ native,AFC1,30895,30903,0.999741,-0.0259,True,True,22.3799,0.0303
govdocs1-thread000,000528.jpg,maximum,C++ native,AFC1,30895,30903,0.999741,-0.0259,True,True,37.5434,0.0273
govdocs1-thread000,000529.gif,fast,C++ native,AFC1,262270,262278,0.999969,-0.0031,True,True,70.3487,0.1138
govdocs1-thread000,000529.gif,balanced,C++ native,AFC1,262270,262278,0.999969,-0.0031,True,True,129.4023,0.0658
govdocs1-thread000,000529.gif,maximum,C++ native,AFC1,262270,262278,0.999969,-0.0031,True,True,206.7007,0.1619
govdocs1-thread000,000530.gif,fast,C++ native,AFC2,813520,797800,1.019704,1.9323,True,True,224.7231,6.3054
govdocs1-thread000,000530.gif,balanced,C++ native,AFC2,813520,791855,1.02736,2.6631,True,True,580.9283,6.0127
govdocs1-thread000,000530.gif,maximum,C++ native,AFC2,813520,791853,1.027362,2.6634,True,True,1384.0378,6.009
govdocs1-thread000,000531.jpg,fast,C++ native,AFC1,40823,40831,0.999804,-0.0196,True,True,13.7428,0.027
govdocs1-thread000,000531.jpg,balanced,C++ native,AFC1,40823,40831,0.999804,-0.0196,True,True,32.5897,0.0299
govdocs1-thread000,000531.jpg,maximum,C++ native,AFC1,40823,40831,0.999804,-0.0196,True,True,48.7455,0.0193
govdocs1-thread000,000532.jpg,fast,C++ native,AFC1,37776,37784,0.999788,-0.0212,True,True,11.7511,0.0176
govdocs1-thread000,000532.jpg,balanced,C++ native,AFC1,37776,37784,0.999788,-0.0212,True,True,25.7799,0.0202
govdocs1-thread000,000532.jpg,maximum,C++ native,AFC1,37776,37784,0.999788,-0.0212,True,True,43.7381,0.0283
govdocs1-thread000,000533.doc,fast,C++ native,AFC2,356864,153074,2.331317,57.1058,True,True,41.5859,1.5336
govdocs1-thread000,000533.doc,balanced,C++ native,AFC2,356864,143460,2.487551,59.7998,True,True,106.7455,1.4883
govdocs1-thread000,000533.doc,maximum,C++ native,AFC2,356864,133951,2.664138,62.4644,True,True,252.342,1.5544
govdocs1-thread000,000534.gif,fast,C++ native,AFC2,536130,521486,1.028081,2.7314,True,True,164.5214,4.0369
govdocs1-thread000,000534.gif,balanced,C++ native,AFC2,536130,516561,1.037883,3.65,True,True,390.9366,4.495
govdocs1-thread000,000534.gif,maximum,C++ native,AFC2,536130,516553,1.037899,3.6515,True,True,790.7048,4.5273
govdocs1-thread000,000535.jpg,fast,C++ native,AFC1,25675,25683,0.999689,-0.0312,True,True,10.8701,0.0261
govdocs1-thread000,000535.jpg,balanced,C++ native,AFC1,25675,25683,0.999689,-0.0312,True,True,20.0109,0.0314
govdocs1-thread000,000535.jpg,maximum,C++ native,AFC1,25675,25683,0.999689,-0.0312,True,True,36.4113,0.0286
govdocs1-thread000,000536.jpg,fast,C++ native,AFC2,23460,19271,1.217373,17.8559,True,True,6.245,0.1812
govdocs1-thread000,000536.jpg,balanced,C++ native,AFC2,23460,18877,1.242782,19.5354,True,True,21.5567,0.1495
govdocs1-thread000,000536.jpg,maximum,C++ native,AFC2,23460,18877,1.242782,19.5354,True,True,35.3541,0.1471
govdocs1-thread000,000537.gif,fast,C++ native,AFC1,13434,13441,0.999479,-0.0521,True,True,4.7609,0.0117
govdocs1-thread000,000537.gif,balanced,C++ native,AFC1,13434,13441,0.999479,-0.0521,True,True,10.1235,0.0115
govdocs1-thread000,000537.gif,maximum,C++ native,AFC1,13434,13441,0.999479,-0.0521,True,True,18.9328,0.021
govdocs1-thread000,000538.gif,fast,C++ native,AFC2,877276,861073,1.018817,1.847,True,True,243.3074,6.1849
govdocs1-thread000,000538.gif,balanced,C++ native,AFC2,877276,853628,1.027703,2.6956,True,True,625.9917,6.3589
govdocs1-thread000,000538.gif,maximum,C++ native,AFC2,877276,853628,1.027703,2.6956,True,True,1382.1677,7.3793
govdocs1-thread000,000539.jpg,fast,C++ native,AFC1,19440,19448,0.999589,-0.0412,True,True,9.823,0.0179
govdocs1-thread000,000539.jpg,balanced,C++ native,AFC1,19440,19448,0.999589,-0.0412,True,True,17.0976,0.0262
govdocs1-thread000,000539.jpg,maximum,C++ native,AFC1,19440,19448,0.999589,-0.0412,True,True,33.008,0.0257
govdocs1-thread000,000540.jpg,fast,C++ native,AFC1,2939,2946,0.997624,-0.2382,True,True,2.7027,0.0472
govdocs1-thread000,000540.jpg,balanced,C++ native,AFC1,2939,2946,0.997624,-0.2382,True,True,7.1639,0.011
govdocs1-thread000,000540.jpg,maximum,C++ native,AFC1,2939,2946,0.997624,-0.2382,True,True,12.716,0.014
govdocs1-thread000,000541.jpg,fast,C++ native,AFC2,32668,27476,1.188965,15.8932,True,True,10.2519,0.2124
govdocs1-thread000,000541.jpg,balanced,C++ native,AFC2,32668,26910,1.213973,17.6258,True,True,23.3808,0.2221
govdocs1-thread000,000541.jpg,maximum,C++ native,AFC2,32668,26905,1.214198,17.6411,True,True,43.5143,0.2506
govdocs1-thread000,000542.gif,fast,C++ native,AFC2,481044,468453,1.026878,2.6174,True,True,126.556,3.7452
govdocs1-thread000,000542.gif,balanced,C++ native,AFC2,481044,464701,1.035169,3.3974,True,True,329.639,3.5311
govdocs1-thread000,000542.gif,maximum,C++ native,AFC2,481044,464672,1.035233,3.4034,True,True,558.724,3.6178
govdocs1-thread000,000543.gif,fast,C++ native,AFC2,479507,467107,1.026546,2.586,True,True,122.7026,3.3183
govdocs1-thread000,000543.gif,balanced,C++ native,AFC2,479507,464004,1.033411,3.2331,True,True,310.4617,3.2964
govdocs1-thread000,000543.gif,maximum,C++ native,AFC2,479507,463980,1.033465,3.2381,True,True,608.649,3.5808
govdocs1-thread000,000544.jpg,fast,C++ native,AFC1,9619,9626,0.999273,-0.0728,True,True,5.6495,0.0157
govdocs1-thread000,000544.jpg,balanced,C++ native,AFC1,9619,9626,0.999273,-0.0728,True,True,12.5986,0.012
govdocs1-thread000,000544.jpg,maximum,C++ native,AFC1,9619,9626,0.999273,-0.0728,True,True,19.09,0.0214
govdocs1-thread000,000545.gif,fast,C++ native,AFC2,2578163,2541768,1.014319,1.4117,True,True,359.7945,17.2492
govdocs1-thread000,000545.gif,balanced,C++ native,AFC2,2578163,2538366,1.015678,1.5436,True,True,995.8332,16.6461
govdocs1-thread000,000545.gif,maximum,C++ native,AFC2,2578163,2538082,1.015792,1.5546,True,True,2799.5907,17.3406
govdocs1-thread000,000546.jpg,fast,C++ native,AFC1,2976,2983,0.997653,-0.2352,True,True,2.4585,0.0125
govdocs1-thread000,000546.jpg,balanced,C++ native,AFC1,2976,2983,0.997653,-0.2352,True,True,6.3006,0.0113
govdocs1-thread000,000546.jpg,maximum,C++ native,AFC1,2976,2983,0.997653,-0.2352,True,True,10.3811,0.0139
govdocs1-thread000,000547.pdf,fast,C++ native,AFC3,683857,665779,1.027153,2.6435,True,True,2526.3828,0.9604
govdocs1-thread000,000547.pdf,balanced,C++ native,AFC3,683857,663500,1.030681,2.9768,True,True,2569.0679,0.9512
govdocs1-thread000,000547.pdf,maximum,C++ native,AFC3,683857,663331,1.030944,3.0015,True,True,2686.8393,0.9472
govdocs1-thread000,000548.gif,fast,C++ native,AFC2,64403,60827,1.05879,5.5525,True,True,18.3232,0.4689
govdocs1-thread000,000548.gif,balanced,C++ native,AFC2,64403,60569,1.0633,5.9531,True,True,48.6008,0.5225
govdocs1-thread000,000548.gif,maximum,C++ native,AFC2,64403,60569,1.0633,5.9531,True,True,76.4713,0.521
govdocs1-thread000,000549.jpg,fast,C++ native,AFC2,72512,71142,1.019257,1.8893,True,True,19.8656,0.393
govdocs1-thread000,000549.jpg,balanced,C++ native,AFC2,72512,70720,1.025339,2.4713,True,True,45.9653,0.5618
govdocs1-thread000,000549.jpg,maximum,C++ native,AFC2,72512,70720,1.025339,2.4713,True,True,69.8555,0.5375
govdocs1-thread000,000550.jpg,fast,C++ native,AFC1,88393,88401,0.99991,-0.0091,True,True,21.6564,0.0236
govdocs1-thread000,000550.jpg,balanced,C++ native,AFC1,88393,88401,0.99991,-0.0091,True,True,37.3827,0.0591
govdocs1-thread000,000550.jpg,maximum,C++ native,AFC1,88393,88401,0.99991,-0.0091,True,True,54.7903,0.0564
govdocs1-thread000,000551.jpg,fast,C++ native,AFC2,483240,468760,1.03089,2.9964,True,True,115.3015,2.7529
govdocs1-thread000,000551.jpg,balanced,C++ native,AFC2,483240,467549,1.03356,3.247,True,True,256.8364,2.61
govdocs1-thread000,000551.jpg,maximum,C++ native,AFC2,483240,467549,1.03356,3.247,True,True,520.6502,2.7794
govdocs1-thread000,000552.html,fast,C++ native,AFC2,29794,13053,2.28254,56.1892,True,True,10.277,0.2474
govdocs1-thread000,000552.html,balanced,C++ native,AFC2,29794,10049,2.964872,66.2717,True,True,30.1918,0.1952
govdocs1-thread000,000552.html,maximum,C++ native,AFC2,29794,9931,3.000101,66.6678,True,True,57.9329,0.2
govdocs1-thread000,000553.html,fast,C++ native,AFC2,30340,13543,2.240272,55.3626,True,True,9.6771,0.2414
govdocs1-thread000,000553.html,balanced,C++ native,AFC2,30340,11797,2.57184,61.1173,True,True,28.7984,0.225
govdocs1-thread000,000553.html,maximum,C++ native,AFC2,30340,11424,2.655812,62.3467,True,True,62.7195,0.2389
govdocs1-thread000,000554.html,fast,C++ native,AFC2,30721,13602,2.258565,55.7241,True,True,10.5572,0.2694
govdocs1-thread000,000554.html,balanced,C++ native,AFC2,30721,12045,2.550519,60.7923,True,True,29.3572,0.2242
govdocs1-thread000,000554.html,maximum,C++ native,AFC2,30721,11647,2.637675,62.0878,True,True,68.5621,0.2676
govdocs1-thread000,000555.html,fast,C++ native,AFC2,142348,57993,2.454572,59.2597,True,True,21.3772,1.1528
govdocs1-thread000,000555.html,balanced,C++ native,AFC2,142348,50616,2.812312,64.4421,True,True,56.4464,1.0179
govdocs1-thread000,000555.html,maximum,C++ native,AFC2,142348,48990,2.905654,65.5843,True,True,103.8838,0.9266
govdocs1-thread000,000556.txt,fast,C++ native,AFC2,750364,355998,2.107776,52.5566,True,True,139.3836,5.1994
govdocs1-thread000,000556.txt,balanced,C++ native,AFC2,750364,320588,2.340587,57.2757,True,True,370.4816,5.2894
govdocs1-thread000,000556.txt,maximum,C++ native,AFC2,750364,319217,2.350639,57.4584,True,True,723.8598,4.4997
govdocs1-thread000,000557.ppt,fast,C++ native,AFC2,3331072,3148948,1.057836,5.4674,True,True,340.2375,19.4857
govdocs1-thread000,000557.ppt,balanced,C++ native,AFC2,3331072,3098428,1.075085,6.9841,True,True,941.6613,19.7098
govdocs1-thread000,000557.ppt,maximum,C++ native,AFC2,3331072,3067218,1.086024,7.921,True,True,2507.1074,18.5436
govdocs1-thread000,000558.ppt,fast,C++ native,AFC2,5657088,5615380,1.007427,0.7373,True,True,433.0889,31.5674
govdocs1-thread000,000558.ppt,balanced,C++ native,AFC2,5657088,5606907,1.00895,0.887,True,True,1252.29,30.8487
govdocs1-thread000,000558.ppt,maximum,C++ native,AFC2,5657088,5599951,1.010203,1.01,True,True,4496.1757,33.1036
govdocs1-thread000,000559.ppt,fast,C++ native,AFC2,17213440,16979742,1.013763,1.3576,True,True,934.9347,96.7501
govdocs1-thread000,000559.ppt,balanced,C++ native,AFC2,17213440,16964473,1.014676,1.4464,True,True,2754.7367,95.7179
govdocs1-thread000,000559.ppt,maximum,C++ native,AFC2,17213440,16907799,1.018077,1.7756,True,True,10667.6766,96.6003
govdocs1-thread000,000560.ppt,fast,C++ native,AFC2,4314624,4269456,1.010579,1.0469,True,True,399.0658,24.5329
govdocs1-thread000,000560.ppt,balanced,C++ native,AFC2,4314624,4263043,1.0121,1.1955,True,True,1134.4511,24.1979
govdocs1-thread000,000560.ppt,maximum,C++ native,AFC2,4314624,4260106,1.012797,1.2636,True,True,3029.6092,24.4821
govdocs1-thread000,000561.gif,fast,C++ native,AFC1,33695,33703,0.999763,-0.0237,True,True,11.1305,0.0161
govdocs1-thread000,000561.gif,balanced,C++ native,AFC1,33695,33703,0.999763,-0.0237,True,True,28.1677,0.0245
govdocs1-thread000,000561.gif,maximum,C++ native,AFC1,33695,33703,0.999763,-0.0237,True,True,38.7934,0.0348
govdocs1-thread000,000562.pdf,fast,C++ native,AFC3,46553,39249,1.186094,15.6896,True,True,169.5781,0.2301
govdocs1-thread000,000562.pdf,balanced,C++ native,AFC3,46553,38166,1.219751,18.016,True,True,199.6827,0.2999
govdocs1-thread000,000562.pdf,maximum,C++ native,AFC3,46553,38085,1.222345,18.19,True,True,245.8325,0.2121
govdocs1-thread000,000563.gif,fast,C++ native,AFC1,42547,42555,0.999812,-0.0188,True,True,11.1138,0.0146
govdocs1-thread000,000563.gif,balanced,C++ native,AFC1,42547,42555,0.999812,-0.0188,True,True,23.22,0.0356
govdocs1-thread000,000563.gif,maximum,C++ native,AFC1,42547,42555,0.999812,-0.0188,True,True,38.1105,0.0196
govdocs1-thread000,000564.csv,fast,C++ native,AFC2,7484691,3018958,2.47923,59.6649,True,True,376.4972,38.965
govdocs1-thread000,000564.csv,balanced,C++ native,AFC2,7484691,2620992,2.855671,64.982,True,True,1458.6281,35.523
govdocs1-thread000,000564.csv,maximum,C++ native,AFC2,7484691,2581367,2.899507,65.5114,True,True,5417.6013,33.0045
govdocs1-thread000,000565.csv,fast,C++ native,AFC2,43100,18905,2.27982,56.1369,True,True,10.7191,0.258
govdocs1-thread000,000565.csv,balanced,C++ native,AFC2,43100,16746,2.573749,61.1462,True,True,29.8362,0.287
govdocs1-thread000,000565.csv,maximum,C++ native,AFC2,43100,16579,2.599674,61.5336,True,True,67.3817,0.2822
govdocs1-thread000,000566.pdf,fast,C++ native,AFC3,70952,60972,1.163682,14.0658,True,True,349.8259,0.2637
govdocs1-thread000,000566.pdf,balanced,C++ native,AFC3,70952,59632,1.189831,15.9544,True,True,433.1879,0.2157
govdocs1-thread000,000566.pdf,maximum,C++ native,AFC3,70952,59437,1.193735,16.2293,True,True,598.5622,0.2067
govdocs1-thread000,000567.pdf,fast,C++ native,AFC3,16133,14047,1.148501,12.93,True,True,12.0497,0.1527
govdocs1-thread000,000567.pdf,balanced,C++ native,AFC3,16133,13767,1.17186,14.6656,True,True,26.9343,0.1118
govdocs1-thread000,000567.pdf,maximum,C++ native,AFC3,16133,13767,1.17186,14.6656,True,True,49.9505,0.1995
govdocs1-thread000,000568.pdf,fast,C++ native,AFC2,35480,18217,1.947631,48.6556,True,True,16.3205,0.2651
govdocs1-thread000,000568.pdf,balanced,C++ native,AFC2,35480,15492,2.290214,56.336,True,True,37.6731,0.314
govdocs1-thread000,000568.pdf,maximum,C++ native,AFC2,35480,14581,2.433304,58.9036,True,True,68.386,0.3171
govdocs1-thread000,000569.pdf,fast,C++ native,AFC2,35997,17365,2.072963,51.7599,True,True,15.1197,0.36
govdocs1-thread000,000569.pdf,balanced,C++ native,AFC2,35997,15633,2.302629,56.5714,True,True,34.3054,0.2783
govdocs1-thread000,000569.pdf,maximum,C++ native,AFC2,35997,15241,2.361853,57.6604,True,True,72.1724,0.1946
govdocs1-thread000,000570.pdf,fast,C++ native,AFC3,29573,23503,1.258265,20.5255,True,True,102.4103,0.15
govdocs1-thread000,000570.pdf,balanced,C++ native,AFC3,29573,22989,1.286398,22.2636,True,True,125.1908,0.1769
govdocs1-thread000,000570.pdf,maximum,C++ native,AFC3,29573,22989,1.286398,22.2636,True,True,156.4889,0.1477
govdocs1-thread000,000571.pdf,fast,C++ native,AFC3,360396,351672,1.024807,2.4207,True,True,568.678,0.3832
govdocs1-thread000,000571.pdf,balanced,C++ native,AFC3,360396,350695,1.027662,2.6918,True,True,657.2593,0.429
govdocs1-thread000,000571.pdf,maximum,C++ native,AFC3,360396,350579,1.028002,2.7239,True,True,889.1507,0.3623
govdocs1-thread000,000572.pdf,fast,C++ native,AFC2,97945,84648,1.157086,13.576,True,True,200.9859,0.7767
govdocs1-thread000,000572.pdf,balanced,C++ native,AFC2,97945,82244,1.190908,16.0304,True,True,256.1662,0.5716
govdocs1-thread000,000572.pdf,maximum,C++ native,AFC2,97945,81811,1.197211,16.4725,True,True,371.8317,0.669
govdocs1-thread000,000573.swf,fast,C++ native,AFC1,94981,94989,0.999916,-0.0084,True,True,21.084,0.0274
govdocs1-thread000,000573.swf,balanced,C++ native,AFC1,94981,94989,0.999916,-0.0084,True,True,32.3235,0.0312
govdocs1-thread000,000573.swf,maximum,C++ native,AFC1,94981,94989,0.999916,-0.0084,True,True,50.5416,0.0645
govdocs1-thread000,000574.pdf,fast,C++ native,AFC3,179980,165972,1.0844,7.7831,True,True,1257.0691,0.3216
govdocs1-thread000,000574.pdf,balanced,C++ native,AFC3,179980,164050,1.097105,8.851,True,True,1446.3219,0.3671
govdocs1-thread000,000574.pdf,maximum,C++ native,AFC3,179980,163783,1.098893,8.9993,True,True,1787.7923,0.5663
govdocs1-thread000,000575.csv,fast,C++ native,AFC2,37629,18040,2.085865,52.0583,True,True,11.4273,0.316
govdocs1-thread000,000575.csv,balanced,C++ native,AFC2,37629,15832,2.376769,57.9261,True,True,30.8444,0.2217
govdocs1-thread000,000575.csv,maximum,C++ native,AFC2,37629,15832,2.376769,57.9261,True,True,69.6855,0.2173
govdocs1-thread000,000576.csv,fast,C++ native,AFC2,145813,50889,2.865315,65.0998,True,True,19.9781,0.8832
govdocs1-thread000,000576.csv,balanced,C++ native,AFC2,145813,46528,3.133876,68.0906,True,True,47.8033,0.7617
govdocs1-thread000,000576.csv,maximum,C++ native,AFC2,145813,44725,3.260212,69.3272,True,True,94.3647,0.6768
govdocs1-thread000,000577.pdf,fast,C++ native,AFC2,9224,5548,1.662581,39.8526,True,True,11.4424,0.1039
govdocs1-thread000,000577.pdf,balanced,C++ native,AFC2,9224,5212,1.769762,43.4952,True,True,17.1716,0.1099
govdocs1-thread000,000577.pdf,maximum,C++ native,AFC2,9224,5212,1.769762,43.4952,True,True,24.3384,0.116
govdocs1-thread000,000578.pdf,fast,C++ native,AFC2,351558,125302,2.805685,64.3581,True,True,56.4057,1.8907
govdocs1-thread000,000578.pdf,balanced,C++ native,AFC2,351558,109932,3.197959,68.7301,True,True,138.1008,1.7713
govdocs1-thread000,000578.pdf,maximum,C++ native,AFC2,351558,103837,3.385672,70.4638,True,True,273.7829,2.4438
govdocs1-thread000,000579.gz,fast,C++ native,AFC1,175349,175357,0.999954,-0.0046,True,True,48.8584,0.0768
govdocs1-thread000,000579.gz,balanced,C++ native,AFC1,175349,175357,0.999954,-0.0046,True,True,91.9732,0.0961
govdocs1-thread000,000579.gz,maximum,C++ native,AFC1,175349,175357,0.999954,-0.0046,True,True,136.8761,0.0382
govdocs1-thread000,000580.pdf,fast,C++ native,AFC3,42629,39011,1.092743,8.4872,True,True,261.9842,0.1604
govdocs1-thread000,000580.pdf,balanced,C++ native,AFC3,42629,38673,1.102294,9.2801,True,True,308.2289,0.1159
govdocs1-thread000,000580.pdf,maximum,C++ native,AFC3,42629,38673,1.102294,9.2801,True,True,365.3936,0.5634
govdocs1-thread000,000581.pdf,fast,C++ native,AFC3,73400,63878,1.149065,12.9728,True,True,549.02,0.2651
govdocs1-thread000,000581.pdf,balanced,C++ native,AFC3,73400,63149,1.16233,13.9659,True,True,643.5586,0.2133
govdocs1-thread000,000581.pdf,maximum,C++ native,AFC3,73400,62804,1.168715,14.436,True,True,859.0634,0.2231
govdocs1-thread000,000582.pdf,fast,C++ native,AFC3,379591,332023,1.143267,12.5314,True,True,682.2707,1.268
govdocs1-thread000,000582.pdf,balanced,C++ native,AFC3,379591,329929,1.150523,13.083,True,True,956.3518,1.3735
govdocs1-thread000,000582.pdf,maximum,C++ native,AFC3,379591,327455,1.159216,13.7348,True,True,1499.3138,1.4648
govdocs1-thread000,000583.pdf,fast,C++ native,AFC3,225706,215820,1.045807,4.38,True,True,156.1069,0.3671
govdocs1-thread000,000583.pdf,balanced,C++ native,AFC3,225706,214445,1.052512,4.9892,True,True,285.2831,0.3621
govdocs1-thread000,000583.pdf,maximum,C++ native,AFC3,225706,214388,1.052792,5.0145,True,True,467.9353,0.6562
govdocs1-thread000,000584.pdf,fast,C++ native,AFC2,1505718,1317573,1.142797,12.4954,True,True,1498.3015,10.3172
govdocs1-thread000,000584.pdf,balanced,C++ native,AFC2,1505718,1290449,1.166817,14.2968,True,True,2301.2392,11.5987
govdocs1-thread000,000584.pdf,maximum,C++ native,AFC2,1505718,1289967,1.167253,14.3288,True,True,3674.1964,11.8862
govdocs1-thread000,000585.pdf,fast,C++ native,AFC3,75509,69881,1.080537,7.4534,True,True,485.6125,0.1616
govdocs1-thread000,000585.pdf,balanced,C++ native,AFC3,75509,68741,1.098457,8.9632,True,True,554.552,0.1668
govdocs1-thread000,000585.pdf,maximum,C++ native,AFC3,75509,68689,1.099288,9.032,True,True,684.5347,0.2856
govdocs1-thread000,000586.pdf,fast,C++ native,AFC3,48456,43987,1.101598,9.2228,True,True,100.5043,0.1441
govdocs1-thread000,000586.pdf,balanced,C++ native,AFC3,48456,43172,1.122394,10.9047,True,True,150.3411,0.1412
govdocs1-thread000,000586.pdf,maximum,C++ native,AFC3,48456,43172,1.122394,10.9047,True,True,233.9431,0.1276
govdocs1-thread000,000587.pdf,fast,C++ native,AFC2,14474,11427,1.266649,21.0515,True,True,6.2469,0.2326
govdocs1-thread000,000587.pdf,balanced,C++ native,AFC2,14474,11161,1.296837,22.8893,True,True,13.0192,0.1696
govdocs1-thread000,000587.pdf,maximum,C++ native,AFC2,14474,11115,1.302204,23.2071,True,True,20.8355,0.1282
govdocs1-thread000,000588.pdf,fast,C++ native,AFC3,110355,101950,1.082442,7.6163,True,True,128.2062,0.3651
govdocs1-thread000,000588.pdf,balanced,C++ native,AFC3,110355,100603,1.096935,8.8369,True,True,203.6826,0.3145
govdocs1-thread000,000588.pdf,maximum,C++ native,AFC3,110355,100572,1.097274,8.865,True,True,314.0642,0.3804
govdocs1-thread000,000589.pdf,fast,C++ native,AFC3,305050,255574,1.193588,16.219,True,True,1652.7669,0.8118
govdocs1-thread000,000589.pdf,balanced,C++ native,AFC3,305050,251122,1.214748,17.6784,True,True,1916.6294,0.6666
govdocs1-thread000,000589.pdf,maximum,C++ native,AFC3,305050,250880,1.21592,17.7577,True,True,2368.2138,1.2636
govdocs1-thread000,000590.pdf,fast,C++ native,AFC2,205481,175912,1.16809,14.3901,True,True,87.5837,1.613
govdocs1-thread000,000590.pdf,balanced,C++ native,AFC2,205481,172921,1.188294,15.8457,True,True,218.927,1.7177
govdocs1-thread000,000590.pdf,maximum,C++ native,AFC2,205481,172686,1.189911,15.9601,True,True,438.7629,1.7846
govdocs1-thread000,000591.pdf,fast,C++ native,AFC2,6349,5127,1.238346,19.2471,True,True,37.6864,0.0611
govdocs1-thread000,000591.pdf,balanced,C++ native,AFC2,6349,4938,1.285743,22.224,True,True,51.2615,0.0599
govdocs1-thread000,000591.pdf,maximum,C++ native,AFC2,6349,4938,1.285743,22.224,True,True,70.2332,0.0618
govdocs1-thread000,000592.pdf,fast,C++ native,AFC3,99895,96556,1.034581,3.3425,True,True,565.0062,0.1476
govdocs1-thread000,000592.pdf,balanced,C++ native,AFC3,99895,96051,1.04002,3.848,True,True,576.2599,0.1418
govdocs1-thread000,000592.pdf,maximum,C++ native,AFC3,99895,96051,1.04002,3.848,True,True,598.6692,0.1286
govdocs1-thread000,000593.pdf,fast,C++ native,AFC3,51727,44779,1.155162,13.4321,True,True,409.909,0.2532
govdocs1-thread000,000593.pdf,balanced,C++ native,AFC3,51727,43976,1.176255,14.9844,True,True,489.5295,0.1736
govdocs1-thread000,000593.pdf,maximum,C++ native,AFC3,51727,43974,1.176309,14.9883,True,True,649.3745,0.1721
govdocs1-thread000,000594.pdf,fast,C++ native,AFC3,109194,106405,1.026211,2.5542,True,True,417.8179,0.1447
govdocs1-thread000,000594.pdf,balanced,C++ native,AFC3,109194,105691,1.033144,3.2081,True,True,441.9288,0.1866
govdocs1-thread000,000594.pdf,maximum,C++ native,AFC3,109194,105691,1.033144,3.2081,True,True,499.8833,0.1183
govdocs1-thread000,000595.pdf,fast,C++ native,AFC3,4090732,3373342,1.212664,17.537,True,True,2685.0308,9.7751
govdocs1-thread000,000595.pdf,balanced,C++ native,AFC3,4090732,3344165,1.223245,18.2502,True,True,3377.6752,8.9317
govdocs1-thread000,000595.pdf,maximum,C++ native,AFC3,4090732,3336807,1.225942,18.4301,True,True,4870.3677,10.0868
govdocs1-thread000,000596.pdf,fast,C++ native,AFC3,61982,56473,1.097551,8.8881,True,True,175.513,0.1439
govdocs1-thread000,000596.pdf,balanced,C++ native,AFC3,61982,55981,1.107197,9.6818,True,True,237.1599,0.1517
govdocs1-thread000,000596.pdf,maximum,C++ native,AFC3,61982,55981,1.107197,9.6818,True,True,319.456,0.201
govdocs1-thread000,000597.html,fast,C++ native,AFC2,17024,8773,1.940499,48.4669,True,True,7.4972,0.144
govdocs1-thread000,000597.html,balanced,C++ native,AFC2,17024,7736,2.20062,54.5583,True,True,21.698,0.1709
govdocs1-thread000,000597.html,maximum,C++ native,AFC2,17024,7720,2.205181,54.6523,True,True,40.1721,0.1554
govdocs1-thread000,000598.html,fast,C++ native,AFC2,150112,45819,3.276195,69.4768,True,True,16.0539,0.6956
govdocs1-thread000,000598.html,balanced,C++ native,AFC2,150112,41447,3.621782,72.3893,True,True,41.438,0.6036
govdocs1-thread000,000598.html,maximum,C++ native,AFC2,150112,41447,3.621782,72.3893,True,True,93.6944,0.6573
govdocs1-thread000,000599.html,fast,C++ native,AFC2,117009,36875,3.173125,68.4853,True,True,12.8822,0.6666
govdocs1-thread000,000599.html,balanced,C++ native,AFC2,117009,31785,3.681265,72.8354,True,True,36.5448,0.546
govdocs1-thread000,000599.html,maximum,C++ native,AFC2,117009,31785,3.681265,72.8354,True,True,83.4793,0.4544
govdocs1-thread000,000600.html,fast,C++ native,AFC2,293,182,1.60989,37.884,True,True,0.7814,0.0129
govdocs1-thread000,000600.html,balanced,C++ native,AFC2,293,182,1.60989,37.884,True,True,1.2741,0.0153
govdocs1-thread000,000600.html,maximum,C++ native,AFC2,293,182,1.60989,37.884,True,True,2.1407,0.0131
govdocs1-thread000,000601.html,fast,C++ native,AFC2,237,105,2.257143,55.6962,True,True,0.7271,0.0117
govdocs1-thread000,000601.html,balanced,C++ native,AFC2,237,105,2.257143,55.6962,True,True,1.266,0.0107
govdocs1-thread000,000601.html,maximum,C++ native,AFC2,237,105,2.257143,55.6962,True,True,1.8446,0.0113
govdocs1-thread000,000603.jpg,fast,C++ native,AFC2,1169908,1164362,1.004763,0.4741,True,True,267.5872,8.433
govdocs1-thread000,000603.jpg,balanced,C++ native,AFC2,1169908,1159843,1.008678,0.8603,True,True,743.658,8.4316
govdocs1-thread000,000603.jpg,maximum,C++ native,AFC2,1169908,1159843,1.008678,0.8603,True,True,1643.879,8.2241
govdocs1-thread000,000604.html,fast,C++ native,AFC2,15831,6810,2.32467,56.9831,True,True,4.0535,0.0854
govdocs1-thread000,000604.html,balanced,C++ native,AFC2,15831,5771,2.743199,63.5462,True,True,12.9555,0.1117
govdocs1-thread000,000604.html,maximum,C++ native,AFC2,15831,5771,2.743199,63.5462,True,True,18.6635,0.1186
govdocs1-thread000,000605.pdf,fast,C++ native,AFC3,20115,13818,1.45571,31.305,True,True,114.1902,0.1408
govdocs1-thread000,000605.pdf,balanced,C++ native,AFC3,20115,13577,1.48155,32.5031,True,True,157.6211,0.0881
govdocs1-thread000,000605.pdf,maximum,C++ native,AFC3,20115,13559,1.483516,32.5926,True,True,218.9759,0.0877
govdocs1-thread000,000606.pdf,fast,C++ native,AFC2,9910,8072,1.227701,18.5469,True,True,37.7857,0.1115
govdocs1-thread000,000606.pdf,balanced,C++ native,AFC2,9910,7642,1.296781,22.886,True,True,53.8348,0.0855
govdocs1-thread000,000606.pdf,maximum,C++ native,AFC2,9910,7642,1.296781,22.886,True,True,73.7893,0.0826
govdocs1-thread000,000607.html,fast,C++ native,AFC2,49118,25750,1.907495,47.5752,True,True,13.4248,0.4828
govdocs1-thread000,000607.html,balanced,C++ native,AFC2,49118,22424,2.190421,54.3467,True,True,39.1571,0.3121
govdocs1-thread000,000607.html,maximum,C++ native,AFC2,49118,21636,2.270198,55.951,True,True,80.6947,0.3799
govdocs1-thread000,000608.html,fast,C++ native,AFC2,65531,31537,2.077908,51.8747,True,True,15.2839,0.5169
govdocs1-thread000,000608.html,balanced,C++ native,AFC2,65531,28352,2.311336,56.735,True,True,47.0498,0.493
govdocs1-thread000,000608.html,maximum,C++ native,AFC2,65531,27441,2.388069,58.1252,True,True,103.1756,0.4101
govdocs1-thread000,000609.html,fast,C++ native,AFC2,39369,24478,1.608342,37.8242,True,True,12.7092,0.3134
govdocs1-thread000,000609.html,balanced,C++ native,AFC2,39369,22590,1.742762,42.6198,True,True,35.5916,0.2681
govdocs1-thread000,000609.html,maximum,C++ native,AFC2,39369,22578,1.743689,42.6503,True,True,75.3442,0.2513
govdocs1-thread000,000610.pdf,fast,C++ native,AFC3,33298,27797,1.197899,16.5205,True,True,216.3697,0.1844
govdocs1-thread000,000610.pdf,balanced,C++ native,AFC3,33298,26496,1.256718,20.4277,True,True,283.8546,0.178
govdocs1-thread000,000610.pdf,maximum,C++ native,AFC3,33298,26496,1.256718,20.4277,True,True,380.5983,0.2209
govdocs1-thread000,000611.html,fast,C++ native,AFC2,211524,86724,2.439048,59.0004,True,True,31.8228,1.3297
govdocs1-thread000,000611.html,balanced,C++ native,AFC2,211524,74840,2.82635,64.6187,True,True,83.4236,1.2539
govdocs1-thread000,000611.html,maximum,C++ native,AFC2,211524,74840,2.82635,64.6187,True,True,151.5946,1.2428
govdocs1-thread000,000612.html,fast,C++ native,AFC2,282115,57287,4.92459,79.6937,True,True,18.7306,0.8925
govdocs1-thread000,000612.html,balanced,C++ native,AFC2,282115,44740,6.305655,84.1412,True,True,48.3163,0.5688
govdocs1-thread000,000612.html,maximum,C++ native,AFC2,282115,44580,6.328286,84.1979,True,True,123.7626,0.7106
govdocs1-thread000,000613.html,fast,C++ native,AFC2,35811,19552,1.831577,45.4023,True,True,10.2783,0.2897
govdocs1-thread000,000613.html,balanced,C++ native,AFC2,35811,17286,2.071677,51.7299,True,True,30.368,0.2901
govdocs1-thread000,000613.html,maximum,C++ native,AFC2,35811,17260,2.074797,51.8025,True,True,61.1885,0.3455
govdocs1-thread000,000614.jpg,fast,C++ native,AFC2,237474,237478,0.999983,-0.0017,True,True,56.0563,1.4405
govdocs1-thread000,000614.jpg,balanced,C++ native,AFC2,237474,236978,1.002093,0.2089,True,True,142.2787,1.5794
govdocs1-thread000,000614.jpg,maximum,C++ native,AFC2,237474,236978,1.002093,0.2089,True,True,222.2679,1.4872
govdocs1-thread000,000615.html,fast,C++ native,AFC2,1253,898,1.395323,28.332,True,True,1.6276,0.0373
govdocs1-thread000,000615.html,balanced,C++ native,AFC2,1253,847,1.479339,32.4022,True,True,3.6922,0.0302
govdocs1-thread000,000615.html,maximum,C++ native,AFC2,1253,844,1.484597,32.6417,True,True,5.6213,0.0296
govdocs1-thread000,000616.html,fast,C++ native,AFC2,2013,1360,1.480147,32.4391,True,True,1.3365,0.0365
govdocs1-thread000,000616.html,balanced,C++ native,AFC2,2013,1333,1.510128,33.7804,True,True,2.8294,0.0403
govdocs1-thread000,000616.html,maximum,C++ native,AFC2,2013,1333,1.510128,33.7804,True,True,4.8614,0.033
govdocs1-thread000,000617.html,fast,C++ native,AFC2,2639,1675,1.575522,36.529,True,True,1.4811,0.0368
govdocs1-thread000,000617.html,balanced,C++ native,AFC2,2639,1545,1.708091,41.4551,True,True,3.7344,0.0364
govdocs1-thread000,000617.html,maximum,C++ native,AFC2,2639,1545,1.708091,41.4551,True,True,6.7572,0.0355
govdocs1-thread000,000618.pdf,fast,C++ native,AFC3,58435,51517,1.134286,11.8388,True,True,444.9072,0.2421
govdocs1-thread000,000618.pdf,balanced,C++ native,AFC3,58435,50328,1.161083,13.8735,True,True,558.5606,0.2378
govdocs1-thread000,000618.pdf,maximum,C++ native,AFC3,58435,50263,1.162585,13.9848,True,True,750.6448,0.2185
govdocs1-thread000,000619.txt,fast,C++ native,AFC2,291,214,1.359813,26.4605,True,True,0.8095,0.0117
govdocs1-thread000,000619.txt,balanced,C++ native,AFC2,291,209,1.392344,28.1787,True,True,2.2069,0.0123
govdocs1-thread000,000619.txt,maximum,C++ native,AFC2,291,209,1.392344,28.1787,True,True,2.6832,0.015
govdocs1-thread000,000620.txt,fast,C++ native,AFC2,159881,54709,2.922389,65.7814,True,True,21.7887,0.8104
govdocs1-thread000,000620.txt,balanced,C++ native,AFC2,159881,49129,3.25431,69.2715,True,True,58.4068,0.8544
govdocs1-thread000,000620.txt,maximum,C++ native,AFC2,159881,49103,3.256033,69.2878,True,True,123.4598,0.8844
govdocs1-thread000,000621.txt,fast,C++ native,AFC2,1698,1139,1.490781,32.9211,True,True,1.546,0.0292
govdocs1-thread000,000621.txt,balanced,C++ native,AFC2,1698,1139,1.490781,32.9211,True,True,3.1746,0.0313
govdocs1-thread000,000621.txt,maximum,C++ native,AFC2,1698,1139,1.490781,32.9211,True,True,4.6336,0.0355
govdocs1-thread000,000622.txt,fast,C++ native,AFC2,1696,1072,1.58209,36.7925,True,True,1.1525,0.0311
govdocs1-thread000,000622.txt,balanced,C++ native,AFC2,1696,1066,1.590994,37.1462,True,True,2.3906,0.0287
govdocs1-thread000,000622.txt,maximum,C++ native,AFC2,1696,1066,1.590994,37.1462,True,True,4.0311,0.0304
govdocs1-thread000,000623.html,fast,C++ native,AFC2,307,295,1.040678,3.9088,True,True,0.7196,0.017
govdocs1-thread000,000623.html,balanced,C++ native,AFC2,307,295,1.040678,3.9088,True,True,1.5998,0.0143
govdocs1-thread000,000623.html,maximum,C++ native,AFC2,307,295,1.040678,3.9088,True,True,2.3624,0.0183
govdocs1-thread000,000624.txt,fast,C++ native,AFC2,1244208,357643,3.478911,71.2554,True,True,117.9243,3.8289
govdocs1-thread000,000624.txt,balanced,C++ native,AFC2,1244208,324937,3.829075,73.884,True,True,278.2383,3.5917
govdocs1-thread000,000624.txt,maximum,C++ native,AFC2,1244208,310093,4.01237,75.0771,True,True,618.7011,3.9038
govdocs1-thread000,000625.txt,fast,C++ native,AFC2,7632,3271,2.333231,57.141,True,True,3.0159,0.0485
govdocs1-thread000,000625.txt,balanced,C++ native,AFC2,7632,2654,2.875659,65.2254,True,True,6.663,0.049
govdocs1-thread000,000625.txt,maximum,C++ native,AFC2,7632,2628,2.90411,65.566,True,True,9.4004,0.0521
govdocs1-thread000,000626.txt,fast,C++ native,AFC2,5544,2116,2.620038,61.8326,True,True,1.8731,0.0456
govdocs1-thread000,000626.txt,balanced,C++ native,AFC2,5544,1861,2.979044,66.4322,True,True,5.1538,0.0349
govdocs1-thread000,000626.txt,maximum,C++ native,AFC2,5544,1861,2.979044,66.4322,True,True,8.1161,0.0448
govdocs1-thread000,000628.pdf,fast,C++ native,AFC3,376269,184936,2.03459,50.8501,True,True,1605.139,0.759
govdocs1-thread000,000628.pdf,balanced,C++ native,AFC3,376269,180176,2.088341,52.1151,True,True,1763.8082,0.8503
govdocs1-thread000,000628.pdf,maximum,C++ native,AFC3,376269,180023,2.090116,52.1558,True,True,1991.8528,0.8852
govdocs1-thread000,000629.pdf,fast,C++ native,AFC3,303658,281391,1.079132,7.3329,True,True,971.705,0.723
govdocs1-thread000,000629.pdf,balanced,C++ native,AFC2,303658,279586,1.086099,7.9273,True,True,1091.0218,1.7436
govdocs1-thread000,000629.pdf,maximum,C++ native,AFC3,303658,279243,1.087433,8.0403,True,True,1303.8424,0.6336
govdocs1-thread000,000630.pdf,fast,C++ native,AFC3,290656,269390,1.078941,7.3166,True,True,900.1228,0.5533
govdocs1-thread000,000630.pdf,balanced,C++ native,AFC2,290656,267189,1.087829,8.0738,True,True,1010.883,1.7485
govdocs1-thread000,000630.pdf,maximum,C++ native,AFC2,290656,267029,1.088481,8.1289,True,True,1194.152,1.7119
govdocs1-thread000,000631.pdf,fast,C++ native,AFC3,316727,293776,1.078124,7.2463,True,True,1043.1816,0.6518
govdocs1-thread000,000631.pdf,balanced,C++ native,AFC3,316727,291718,1.08573,7.8961,True,True,1175.7831,0.6126
govdocs1-thread000,000631.pdf,maximum,C++ native,AFC3,316727,291304,1.087273,8.0268,True,True,1360.3925,0.7512
govdocs1-thread000,000632.pdf,fast,C++ native,AFC3,51231,39424,1.299488,23.0466,True,True,59.2439,0.1507
govdocs1-thread000,000632.pdf,balanced,C++ native,AFC2,51231,38136,1.343376,25.5607,True,True,114.2647,0.3876
govdocs1-thread000,000632.pdf,maximum,C++ native,AFC2,51231,38136,1.343376,25.5607,True,True,203.2659,0.3666
govdocs1-thread000,000633.xls,fast,C++ native,AFC2,3922944,1272015,3.084039,67.575,True,True,197.0529,10.3672
govdocs1-thread000,000633.xls,balanced,C++ native,AFC2,3922944,1224028,3.204946,68.7982,True,True,622.1329,8.061
govdocs1-thread000,000633.xls,maximum,C++ native,AFC2,3922944,1176939,3.333175,69.9986,True,True,1627.0116,7.7002
govdocs1-thread000,000634.html,fast,C++ native,AFC2,17269,5043,3.424351,70.7974,True,True,6.3726,0.1152
govdocs1-thread000,000634.html,balanced,C++ native,AFC2,17269,4027,4.288304,76.6808,True,True,18.5746,0.0762
govdocs1-thread000,000634.html,maximum,C++ native,AFC2,17269,3736,4.622323,78.3659,True,True,31.2837,0.1052
govdocs1-thread000,000635.html,fast,C++ native,AFC2,88910,35116,2.531894,60.5039,True,True,13.3704,0.4534
govdocs1-thread000,000635.html,balanced,C++ native,AFC2,88910,31865,2.790209,64.1604,True,True,34.879,0.4527
govdocs1-thread000,000635.html,maximum,C++ native,AFC2,88910,31865,2.790209,64.1604,True,True,70.8136,0.4621
govdocs1-thread000,000636.html,fast,C++ native,AFC2,70748,30410,2.326472,57.0165,True,True,11.9654,0.4285
govdocs1-thread000,000636.html,balanced,C++ native,AFC2,70748,26786,2.64123,62.1389,True,True,30.0124,0.4606
govdocs1-thread000,000636.html,maximum,C++ native,AFC2,70748,26386,2.68127,62.7042,True,True,60.9693,0.3977
govdocs1-thread000,000637.html,fast,C++ native,AFC2,57079,14293,3.993493,74.9593,True,True,10.3426,0.2559
govdocs1-thread000,000637.html,balanced,C++ native,AFC2,57079,13947,4.092565,75.5654,True,True,27.9908,0.2186
govdocs1-thread000,000637.html,maximum,C++ native,AFC2,57079,13846,4.122418,75.7424,True,True,58.4061,0.227
govdocs1-thread000,000638.html,fast,C++ native,AFC2,11387,5415,2.102862,52.4458,True,True,3.467,0.1136
govdocs1-thread000,000638.html,balanced,C++ native,AFC2,11387,5136,2.217095,54.8959,True,True,8.9067,0.0889
govdocs1-thread000,000638.html,maximum,C++ native,AFC2,11387,5136,2.217095,54.8959,True,True,15.3142,0.1289
govdocs1-thread000,000639.html,fast,C++ native,AFC2,238245,25901,9.198294,89.1284,True,True,10.5739,0.3365
govdocs1-thread000,000639.html,balanced,C++ native,AFC2,238245,20493,11.625677,91.3984,True,True,30.3947,0.3503
govdocs1-thread000,000639.html,maximum,C++ native,AFC2,238245,20493,11.625677,91.3984,True,True,64.7253,0.3547
govdocs1-thread000,000640.html,fast,C++ native,AFC2,46190,10639,4.341573,76.9669,True,True,8.5901,0.1906
govdocs1-thread000,000640.html,balanced,C++ native,AFC2,46190,10029,4.605644,78.2875,True,True,24.9201,0.1318
govdocs1-thread000,000640.html,maximum,C++ native,AFC2,46190,10029,4.605644,78.2875,True,True,52.0578,0.1437
govdocs1-thread000,000641.txt,fast,C++ native,AFC2,2867,978,2.931493,65.8877,True,True,1.1734,0.0295
govdocs1-thread000,000641.txt,balanced,C++ native,AFC2,2867,949,3.021075,66.8992,True,True,2.4742,0.0252
govdocs1-thread000,000641.txt,maximum,C++ native,AFC2,2867,949,3.021075,66.8992,True,True,3.762,0.0271
govdocs1-thread000,000642.txt,fast,C++ native,AFC2,1438,619,2.323102,56.9541,True,True,0.8689,0.022
govdocs1-thread000,000642.txt,balanced,C++ native,AFC2,1438,589,2.441426,59.0403,True,True,2.0094,0.0224
govdocs1-thread000,000642.txt,maximum,C++ native,AFC2,1438,589,2.441426,59.0403,True,True,2.7572,0.0215
govdocs1-thread000,000643.txt,fast,C++ native,AFC2,3354,871,3.850746,74.031,True,True,0.9068,0.0346
govdocs1-thread000,000643.txt,balanced,C++ native,AFC2,3354,747,4.48996,77.7281,True,True,1.7192,0.0207
govdocs1-thread000,000643.txt,maximum,C++ native,AFC2,3354,747,4.48996,77.7281,True,True,2.7565,0.0245
govdocs1-thread000,000644.txt,fast,C++ native,AFC2,22282,6259,3.559994,71.9101,True,True,4.6446,0.1509
govdocs1-thread000,000644.txt,balanced,C++ native,AFC2,22282,4976,4.477894,77.6681,True,True,13.7873,0.1013
govdocs1-thread000,000644.txt,maximum,C++ native,AFC2,22282,4940,4.510526,77.8296,True,True,29.8769,0.1328
govdocs1-thread000,000645.txt,fast,C++ native,AFC2,22546,4812,4.68537,78.657,True,True,4.9625,0.1145
govdocs1-thread000,000645.txt,balanced,C++ native,AFC2,22546,4180,5.39378,81.4601,True,True,13.6712,0.097
govdocs1-thread000,000645.txt,maximum,C++ native,AFC2,22546,4174,5.401533,81.4867,True,True,26.6723,0.1242
govdocs1-thread000,000646.txt,fast,C++ native,AFC2,8676,4261,2.036142,50.8875,True,True,3.2471,0.0869
govdocs1-thread000,000646.txt,balanced,C++ native,AFC2,8676,3968,2.186492,54.2646,True,True,7.2071,0.0973
govdocs1-thread000,000646.txt,maximum,C++ native,AFC2,8676,3967,2.187043,54.2762,True,True,12.3374,0.0841
govdocs1-thread000,000647.txt,fast,C++ native,AFC2,22113,8209,2.693751,62.877,True,True,5.6243,0.148
govdocs1-thread000,000647.txt,balanced,C++ native,AFC2,22113,7106,3.111877,67.8651,True,True,16.2959,0.1345
govdocs1-thread000,000647.txt,maximum,C++ native,AFC2,22113,7106,3.111877,67.8651,True,True,29.4911,0.1585
govdocs1-thread000,000648.txt,fast,C++ native,AFC2,46377,13571,3.417361,70.7377,True,True,9.5768,0.2805
govdocs1-thread000,000648.txt,balanced,C++ native,AFC2,46377,11862,3.909712,74.4227,True,True,26.1424,0.2212
govdocs1-thread000,000648.txt,maximum,C++ native,AFC2,46377,11516,4.02718,75.1687,True,True,47.4783,0.2133
govdocs1-thread000,000649.txt,fast,C++ native,AFC2,501907,167411,2.998053,66.645,True,True,60.2794,2.2688
govdocs1-thread000,000649.txt,balanced,C++ native,AFC2,501907,156466,3.20777,68.8257,True,True,163.9011,1.9845
govdocs1-thread000,000649.txt,maximum,C++ native,AFC2,501907,151534,3.312174,69.8084,True,True,385.9114,2.0443
govdocs1-thread000,000650.txt,fast,C++ native,AFC2,501907,164416,3.052665,67.2417,True,True,61.1444,2.2688
govdocs1-thread000,000650.txt,balanced,C++ native,AFC2,501907,150397,3.337214,70.0349,True,True,166.484,2.0909
govdocs1-thread000,000650.txt,maximum,C++ native,AFC2,501907,145802,3.442388,70.9504,True,True,336.2187,1.8289
govdocs1-thread000,000651.txt,fast,C++ native,AFC2,14981,5329,2.811222,64.4283,True,True,4.0575,0.1299
govdocs1-thread000,000651.txt,balanced,C++ native,AFC2,14981,4343,3.449459,71.0099,True,True,10.8093,0.1113
govdocs1-thread000,000651.txt,maximum,C++ native,AFC2,14981,4338,3.453435,71.0433,True,True,18.6071,0.1222
govdocs1-thread000,000652.txt,fast,C++ native,AFC2,137088,49297,2.780859,64.0399,True,True,19.2224,0.6345
govdocs1-thread000,000652.txt,balanced,C++ native,AFC2,137088,43598,3.144364,68.1971,True,True,47.7248,0.5099
govdocs1-thread000,000652.txt,maximum,C++ native,AFC2,137088,43356,3.161915,68.3736,True,True,85.2763,0.4885
govdocs1-thread000,000653.txt,fast,C++ native,AFC2,262889,94964,2.768302,63.8768,True,True,36.8361,1.479
govdocs1-thread000,000653.txt,balanced,C++ native,AFC2,262889,86907,3.024946,66.9416,True,True,89.9544,1.3629
govdocs1-thread000,000653.txt,maximum,C++ native,AFC2,262889,86907,3.024946,66.9416,True,True,187.0888,1.4615
govdocs1-thread000,000654.txt,fast,C++ native,AFC2,37044,16369,2.263058,55.812,True,True,8.9688,0.2901
govdocs1-thread000,000654.txt,balanced,C++ native,AFC2,37044,14131,2.621471,61.8535,True,True,24.4873,0.2323
govdocs1-thread000,000654.txt,maximum,C++ native,AFC2,37044,13925,2.660251,62.4096,True,True,56.4744,0.2616
govdocs1-thread000,000655.txt,fast,C++ native,AFC2,188458,63062,2.988456,66.5379,True,True,23.0902,0.9463
govdocs1-thread000,000655.txt,balanced,C++ native,AFC2,188458,52275,3.605127,72.2617,True,True,62.1115,0.8777
govdocs1-thread000,000655.txt,maximum,C++ native,AFC2,188458,52275,3.605127,72.2617,True,True,127.5349,0.9599
govdocs1-thread000,000656.txt,fast,C++ native,AFC2,1120311,458658,2.442585,59.0598,True,True,164.9456,6.3633
govdocs1-thread000,000656.txt,balanced,C++ native,AFC2,1120311,428014,2.617463,61.7951,True,True,438.9693,6.1542
govdocs1-thread000,000656.txt,maximum,C++ native,AFC2,1120311,425795,2.631104,61.9931,True,True,876.2542,6.2278
govdocs1-thread000,000657.txt,fast,C++ native,AFC2,134808,34588,3.897537,74.3428,True,True,13.8447,0.4516
govdocs1-thread000,000657.txt,balanced,C++ native,AFC2,134808,30015,4.491354,77.735,True,True,38.7718,0.3497
govdocs1-thread000,000657.txt,maximum,C++ native,AFC2,134808,30015,4.491354,77.735,True,True,79.3917,0.4444
govdocs1-thread000,000658.txt,fast,C++ native,AFC2,7440685,1932466,3.850358,74.0284,True,True,322.3423,22.5761
govdocs1-thread000,000658.txt,balanced,C++ native,AFC2,7440685,1776373,4.188695,76.1262,True,True,1103.1934,20.6864
govdocs1-thread000,000658.txt,maximum,C++ native,AFC2,7440685,1761936,4.223017,76.3202,True,True,4593.5033,21.1907
govdocs1-thread000,000659.txt,fast,C++ native,AFC2,262791,101212,2.596441,61.4857,True,True,41.8212,1.5845
govdocs1-thread000,000659.txt,balanced,C++ native,AFC2,262791,90849,2.892613,65.4292,True,True,104.4491,1.6025
govdocs1-thread000,000659.txt,maximum,C++ native,AFC2,262791,90849,2.892613,65.4292,True,True,216.6443,1.5167
govdocs1-thread000,000660.txt,fast,C++ native,AFC2,1264086,514988,2.454593,59.2601,True,True,177.2776,7.4073
govdocs1-thread000,000660.txt,balanced,C++ native,AFC2,1264086,480009,2.633463,62.0272,True,True,446.0726,6.1825
govdocs1-thread000,000660.txt,maximum,C++ native,AFC2,1264086,477261,2.648626,62.2446,True,True,993.5847,6.8563
govdocs1-thread000,000661.txt,fast,C++ native,AFC2,399089,103001,3.874613,74.191,True,True,38.3498,1.3463
govdocs1-thread000,000661.txt,balanced,C++ native,AFC2,399089,81568,4.892715,79.5615,True,True,85.6951,1.1862
govdocs1-thread000,000661.txt,maximum,C++ native,AFC2,399089,77874,5.124804,80.4871,True,True,180.8314,1.2578
govdocs1-thread000,000662.txt,fast,C++ native,AFC2,828,407,2.034398,50.8454,True,True,0.8929,0.0164
govdocs1-thread000,000662.txt,balanced,C++ native,AFC2,828,405,2.044444,51.087,True,True,1.513,0.0156
govdocs1-thread000,000662.txt,maximum,C++ native,AFC2,828,405,2.044444,51.087,True,True,2.4705,0.0163
govdocs1-thread000,000663.pdf,fast,C++ native,AFC2,7837,4172,1.878476,46.7653,True,True,6.9746,0.0979
govdocs1-thread000,000663.pdf,balanced,C++ native,AFC2,7837,3949,1.984553,49.6108,True,True,14.6058,0.1149
govdocs1-thread000,000663.pdf,maximum,C++ native,AFC2,7837,3946,1.986062,49.6491,True,True,21.2697,0.0971
govdocs1-thread000,000664.txt,fast,C++ native,AFC2,1002998,375294,2.672566,62.5828,True,True,146.9555,5.3954
govdocs1-thread000,000664.txt,balanced,C++ native,AFC2,1002998,343486,2.920055,65.7541,True,True,360.2413,4.7319
govdocs1-thread000,000664.txt,maximum,C++ native,AFC2,1002998,341833,2.934175,65.9189,True,True,787.5732,5.1928
govdocs1-thread000,000665.txt,fast,C++ native,AFC2,226800,55195,4.109068,75.6636,True,True,22.6714,1.2448
govdocs1-thread000,000665.txt,balanced,C++ native,AFC2,226800,46342,4.894049,79.567,True,True,71.2976,1.1658
govdocs1-thread000,000665.txt,maximum,C++ native,AFC2,226800,46102,4.919526,79.6728,True,True,123.3328,1.0022
govdocs1-thread000,000666.txt,fast,C++ native,AFC2,562728,230711,2.439103,59.0013,True,True,88.0837,3.0759
govdocs1-thread000,000666.txt,balanced,C++ native,AFC2,562728,210547,2.672695,62.5846,True,True,213.2134,2.5406
govdocs1-thread000,000666.txt,maximum,C++ native,AFC2,562728,208784,2.695264,62.8979,True,True,468.5497,2.8814
govdocs1-thread000,000667.txt,fast,C++ native,AFC2,108830,51383,2.118016,52.786,True,True,19.4887,0.7007
govdocs1-thread000,000667.txt,balanced,C++ native,AFC2,108830,49082,2.21731,54.9003,True,True,45.3394,0.6105
govdocs1-thread000,000667.txt,maximum,C++ native,AFC2,108830,49082,2.21731,54.9003,True,True,78.6834,0.5979
govdocs1-thread000,000668.txt,fast,C++ native,AFC2,231743,64665,3.583747,72.0962,True,True,19.71,0.9472
govdocs1-thread000,000668.txt,balanced,C++ native,AFC2,231743,54344,4.264371,76.5499,True,True,61.5108,0.8225
govdocs1-thread000,000668.txt,maximum,C++ native,AFC2,231743,53918,4.298064,76.7337,True,True,132.6423,1.0067
govdocs1-thread000,000669.txt,fast,C++ native,AFC2,569670,216406,2.632413,62.012,True,True,84.4054,3.4765
govdocs1-thread000,000669.txt,balanced,C++ native,AFC2,569670,197292,2.887446,65.3673,True,True,219.8453,2.7427
govdocs1-thread000,000669.txt,maximum,C++ native,AFC2,569670,197292,2.887446,65.3673,True,True,464.0448,3.6444
govdocs1-thread000,000670.txt,fast,C++ native,AFC2,1809908,645256,2.804946,64.3487,True,True,205.4798,9.1081
govdocs1-thread000,000670.txt,balanced,C++ native,AFC2,1809908,601948,3.006751,66.7415,True,True,548.4752,6.9971
govdocs1-thread000,000670.txt,maximum,C++ native,AFC2,1809908,601948,3.006751,66.7415,True,True,1284.8506,7.5234
govdocs1-thread000,000671.pdf,fast,C++ native,AFC3,867979,711527,1.219882,18.0249,True,True,2616.1865,2.6511
govdocs1-thread000,000671.pdf,balanced,C++ native,AFC3,867979,701670,1.237019,19.1605,True,True,3255.1336,2.5788
govdocs1-thread000,000671.pdf,maximum,C++ native,AFC3,867979,700935,1.238316,19.2452,True,True,4257.7462,2.5708
govdocs1-thread000,000672.pdf,fast,C++ native,AFC2,1101626,303852,3.625535,72.4179,True,True,281.6353,2.8631
govdocs1-thread000,000672.pdf,balanced,C++ native,AFC2,1101626,230653,4.776118,79.0625,True,True,438.0614,2.5599
govdocs1-thread000,000672.pdf,maximum,C++ native,AFC2,1101626,222184,4.95817,79.8313,True,True,722.4761,2.4148
govdocs1-thread000,000674.pdf,fast,C++ native,AFC3,2285075,1966474,1.162016,13.9427,True,True,584.885,5.4702
govdocs1-thread000,000674.pdf,balanced,C++ native,AFC3,2285075,1949872,1.17191,14.6692,True,True,1010.8621,4.6493
govdocs1-thread000,000674.pdf,maximum,C++ native,AFC3,2285075,1949872,1.17191,14.6692,True,True,1948.8535,6.0298
govdocs1-thread000,000675.doc,fast,C++ native,AFC2,124416,45968,2.706578,63.053,True,True,19.5031,0.7721
govdocs1-thread000,000675.doc,balanced,C++ native,AFC2,124416,42497,2.927642,65.8428,True,True,49.0138,0.5852
govdocs1-thread000,000675.doc,maximum,C++ native,AFC2,124416,41651,2.987107,66.5228,True,True,83.6268,0.6811
govdocs1-thread000,000676.pdf,fast,C++ native,AFC3,51485,45541,1.13052,11.5451,True,True,185.6287,0.2037
govdocs1-thread000,000676.pdf,balanced,C++ native,AFC3,51485,45071,1.142309,12.458,True,True,222.1156,0.1437
govdocs1-thread000,000676.pdf,maximum,C++ native,AFC3,51485,45071,1.142309,12.458,True,True,258.4944,0.1427
govdocs1-thread000,000677.doc,fast,C++ native,AFC2,1350144,883168,1.528751,34.5871,True,True,206.4638,6.7884
govdocs1-thread000,000677.doc,balanced,C++ native,AFC2,1350144,837526,1.612062,37.9677,True,True,489.8387,6.0215
govdocs1-thread000,000677.doc,maximum,C++ native,AFC2,1350144,823401,1.639716,39.0138,True,True,1064.6207,5.9119
govdocs1-thread000,000678.doc,fast,C++ native,AFC2,29184,9224,3.16392,68.3936,True,True,7.7828,0.1865
govdocs1-thread000,000678.doc,balanced,C++ native,AFC2,29184,8462,3.44883,71.0047,True,True,24.6418,0.1586
govdocs1-thread000,000678.doc,maximum,C++ native,AFC2,29184,8449,3.454137,71.0492,True,True,40.6495,0.1641
govdocs1-thread000,000681.jpg,fast,C++ native,AFC1,111869,111877,0.999928,-0.0072,True,True,27.2132,0.0291
govdocs1-thread000,000681.jpg,balanced,C++ native,AFC1,111869,111877,0.999928,-0.0072,True,True,43.1147,0.083
govdocs1-thread000,000681.jpg,maximum,C++ native,AFC1,111869,111877,0.999928,-0.0072,True,True,71.5897,0.0594
govdocs1-thread000,000682.jpg,fast,C++ native,AFC1,125365,125373,0.999936,-0.0064,True,True,24.5866,0.0256
govdocs1-thread000,000682.jpg,balanced,C++ native,AFC1,125365,125373,0.999936,-0.0064,True,True,48.1148,0.0394
govdocs1-thread000,000682.jpg,maximum,C++ native,AFC1,125365,125373,0.999936,-0.0064,True,True,74.0609,0.0933
govdocs1-thread000,000684.jpg,fast,C++ native,AFC1,84403,84411,0.999905,-0.0095,True,True,20.3504,0.0523
govdocs1-thread000,000684.jpg,balanced,C++ native,AFC1,84403,84411,0.999905,-0.0095,True,True,34.6284,0.0469
govdocs1-thread000,000684.jpg,maximum,C++ native,AFC1,84403,84411,0.999905,-0.0095,True,True,55.0731,0.0477
govdocs1-thread000,000686.doc,fast,C++ native,AFC2,35840,9556,3.750523,73.3371,True,True,8.4121,0.162
govdocs1-thread000,000686.doc,balanced,C++ native,AFC2,35840,8762,4.09039,75.5525,True,True,25.7395,0.2462
govdocs1-thread000,000686.doc,maximum,C++ native,AFC2,35840,8744,4.098811,75.6027,True,True,41.8393,0.1959
govdocs1-thread000,000687.doc,fast,C++ native,AFC2,64000,38639,1.656358,39.6266,True,True,14.5764,0.3251
govdocs1-thread000,000687.doc,balanced,C++ native,AFC2,64000,36768,1.740644,42.55,True,True,41.0825,0.4203
govdocs1-thread000,000687.doc,maximum,C++ native,AFC2,64000,36521,1.752416,42.9359,True,True,83.3337,0.3989
govdocs1-thread000,000688.gif,fast,C++ native,AFC1,3843,3850,0.998182,-0.1821,True,True,2.2002,0.0122
govdocs1-thread000,000688.gif,balanced,C++ native,AFC1,3843,3850,0.998182,-0.1821,True,True,4.5637,0.036
govdocs1-thread000,000688.gif,maximum,C++ native,AFC1,3843,3850,0.998182,-0.1821,True,True,8.2308,0.0146
govdocs1-thread000,000689.csv,fast,C++ native,AFC2,2575,1093,2.355901,57.5534,True,True,1.3898,0.0456
govdocs1-thread000,000689.csv,balanced,C++ native,AFC2,2575,938,2.745203,63.5728,True,True,2.5053,0.0365
govdocs1-thread000,000689.csv,maximum,C++ native,AFC2,2575,938,2.745203,63.5728,True,True,3.8667,0.1039
govdocs1-thread000,000690.csv,fast,C++ native,AFC2,37449,17056,2.19565,54.4554,True,True,10.7058,0.2525
govdocs1-thread000,000690.csv,balanced,C++ native,AFC2,37449,15028,2.491948,59.8708,True,True,28.5006,0.29
govdocs1-thread000,000690.csv,maximum,C++ native,AFC2,37449,15028,2.491948,59.8708,True,True,65.5166,0.2846
govdocs1-thread000,000691.doc,fast,C++ native,AFC2,59392,18562,3.199655,68.7466,True,True,10.7696,0.4448
govdocs1-thread000,000691.doc,balanced,C++ native,AFC2,59392,16981,3.497556,71.4086,True,True,34.9701,0.3544
govdocs1-thread000,000691.doc,maximum,C++ native,AFC2,59392,16384,3.625,72.4138,True,True,70.0913,0.3881
govdocs1-thread000,000692.html,fast,C++ native,AFC2,15891,7237,2.195799,54.4585,True,True,5.628,0.1266
govdocs1-thread000,000692.html,balanced,C++ native,AFC2,15891,5617,2.82909,64.6529,True,True,10.5264,0.091
govdocs1-thread000,000692.html,maximum,C++ native,AFC2,15891,5617,2.82909,64.6529,True,True,20.1554,0.1206
govdocs1-thread000,000693.doc,fast,C++ native,AFC2,59904,19289,3.105604,67.8001,True,True,11.4988,0.3044
govdocs1-thread000,000693.doc,balanced,C++ native,AFC2,59904,18143,3.301769,69.7132,True,True,31.5965,0.2634
govdocs1-thread000,000693.doc,maximum,C++ native,AFC2,59904,16808,3.564017,71.9418,True,True,68.6163,0.3109
govdocs1-thread000,000694.html,fast,C++ native,AFC2,11646,5569,2.091219,52.181,True,True,3.6477,0.131
govdocs1-thread000,000694.html,balanced,C++ native,AFC2,11646,4524,2.574271,61.154,True,True,10.0627,0.0863
govdocs1-thread000,000694.html,maximum,C++ native,AFC2,11646,4524,2.574271,61.154,True,True,14.8993,0.0944
govdocs1-thread000,000695.doc,fast,C++ native,AFC2,25088,4913,5.106452,80.4169,True,True,4.5201,0.117
govdocs1-thread000,000695.doc,balanced,C++ native,AFC2,25088,4753,5.278351,81.0547,True,True,16.5998,0.0931
govdocs1-thread000,000695.doc,maximum,C++ native,AFC2,25088,4714,5.32202,81.2101,True,True,31.6355,0.1023
govdocs1-thread000,000696.doc,fast,C++ native,AFC2,154624,124773,1.239242,19.3055,True,True,28.376,1.146
govdocs1-thread000,000696.doc,balanced,C++ native,AFC2,154624,122311,1.264187,20.8978,True,True,71.2249,1.065
govdocs1-thread000,000696.doc,maximum,C++ native,AFC2,154624,122276,1.264549,20.9204,True,True,134.9473,1.1675
govdocs1-thread000,000697.log,fast,C++ native,AFC2,109101,47283,2.307404,56.6613,True,True,18.8239,0.5122
govdocs1-thread000,000697.log,balanced,C++ native,AFC2,109101,41340,2.639115,62.1085,True,True,46.1671,0.5436
govdocs1-thread000,000697.log,maximum,C++ native,AFC2,109101,41175,2.64969,62.2597,True,True,89.2815,0.5241
govdocs1-thread000,000698.log,fast,C++ native,AFC2,826163,250023,3.304348,69.7368,True,True,67.3168,3.3679
govdocs1-thread000,000698.log,balanced,C++ native,AFC2,826163,221800,3.724811,73.153,True,True,186.5413,2.9994
govdocs1-thread000,000698.log,maximum,C++ native,AFC2,826163,199472,4.141749,75.8556,True,True,448.7852,3.5046
govdocs1-thread000,000699.log,fast,C++ native,AFC2,1865310,550792,3.386596,70.4718,True,True,102.1137,7.0424
govdocs1-thread000,000699.log,balanced,C++ native,AFC2,1865310,489886,3.807641,73.737,True,True,349.7941,6.1904
govdocs1-thread000,000699.log,maximum,C++ native,AFC2,1865310,432106,4.316788,76.8346,True,True,839.5756,6.7739
govdocs1-thread000,000700.xml,fast,C++ native,AFC2,57438,20549,2.795173,64.224,True,True,11.9421,0.3284
govdocs1-thread000,000700.xml,balanced,C++ native,AFC2,57438,16630,3.453879,71.047,True,True,34.986,0.3398
govdocs1-thread000,000700.xml,maximum,C++ native,AFC2,57438,16341,3.514962,71.5502,True,True,70.9628,0.2569
govdocs1-thread000,000701.doc,fast,C++ native,AFC2,21504,4832,4.450331,77.5298,True,True,4.755,0.1423
govdocs1-thread000,000701.doc,balanced,C++ native,AFC2,21504,4648,4.626506,78.3854,True,True,15.8027,0.1289
govdocs1-thread000,000701.doc,maximum,C++ native,AFC2,21504,4648,4.626506,78.3854,True,True,28.1668,0.1216
govdocs1-thread000,000702.ps,fast,C++ native,AFC2,1782758,1298230,1.373222,27.1786,True,True,237.2635,10.7627
govdocs1-thread000,000702.ps,balanced,C++ native,AFC2,1782758,1275559,1.397629,28.4502,True,True,608.9026,9.6275
govdocs1-thread000,000702.ps,maximum,C++ native,AFC2,1782758,1270580,1.403106,28.7295,True,True,1344.4678,9.9429
govdocs1-thread000,000703.xml,fast,C++ native,AFC2,33843,14533,2.3287,57.0576,True,True,9.1603,0.2286
govdocs1-thread000,000703.xml,balanced,C++ native,AFC2,33843,12443,2.719842,63.2332,True,True,27.8044,0.3028
govdocs1-thread000,000703.xml,maximum,C++ native,AFC2,33843,12338,2.742989,63.5434,True,True,56.2533,0.2338
govdocs1-thread000,000704.xml,fast,C++ native,AFC2,57668,21399,2.694892,62.8928,True,True,11.7079,0.3264
govdocs1-thread000,000704.xml,balanced,C++ native,AFC2,57668,18598,3.100764,67.7499,True,True,31.1358,0.3427
govdocs1-thread000,000704.xml,maximum,C++ native,AFC2,57668,18598,3.100764,67.7499,True,True,82.2407,0.4412
govdocs1-thread000,000705.doc,fast,C++ native,AFC2,423936,394337,1.07506,6.982,True,True,101.0698,2.3705
govdocs1-thread000,000705.doc,balanced,C++ native,AFC2,423936,390651,1.085204,7.8514,True,True,235.3011,2.6796
govdocs1-thread000,000705.doc,maximum,C++ native,AFC2,423936,390651,1.085204,7.8514,True,True,446.9871,2.5386
govdocs1-thread000,000706.doc,fast,C++ native,AFC2,34304,7415,4.626298,78.3844,True,True,6.2412,0.1457
govdocs1-thread000,000706.doc,balanced,C++ native,AFC2,34304,7198,4.765768,79.017,True,True,20.8057,0.1413
govdocs1-thread000,000706.doc,maximum,C++ native,AFC2,34304,7159,4.791731,79.1307,True,True,39.4048,0.1377
govdocs1-thread000,000707.doc,fast,C++ native,AFC2,84480,36973,2.284911,56.2346,True,True,14.3309,0.5377
govdocs1-thread000,000707.doc,balanced,C++ native,AFC2,84480,32774,2.577653,61.205,True,True,33.8788,0.5684
govdocs1-thread000,000707.doc,maximum,C++ native,AFC2,84480,32718,2.582065,61.2713,True,True,73.0598,0.5661
govdocs1-thread000,000710.ppt,fast,C++ native,AFC2,4036608,3913174,1.031543,3.0579,True,True,349.0392,22.1147
govdocs1-thread000,000710.ppt,balanced,C++ native,AFC2,4036608,3907145,1.033135,3.2072,True,True,989.4164,22.2758
govdocs1-thread000,000710.ppt,maximum,C++ native,AFC2,4036608,3895088,1.036333,3.5059,True,True,2401.6144,23.2033
govdocs1-thread000,000711.ppt,fast,C++ native,AFC2,1924608,1573129,1.223427,18.2624,True,True,245.9613,9.3412
govdocs1-thread000,000711.ppt,balanced,C++ native,AFC2,1924608,1529133,1.258627,20.5483,True,True,666.5623,9.8509
govdocs1-thread000,000711.ppt,maximum,C++ native,AFC2,1924608,1510462,1.274185,21.5185,True,True,1546.0499,9.2248
govdocs1-thread000,000712.ppt,fast,C++ native,AFC2,31232,14520,2.150964,53.5092,True,True,8.2524,0.3247
govdocs1-thread000,000712.ppt,balanced,C++ native,AFC2,31232,13281,2.35163,57.4763,True,True,28.8956,0.3068
govdocs1-thread000,000712.ppt,maximum,C++ native,AFC2,31232,13122,2.380125,57.9854,True,True,57.0296,0.328
govdocs1-thread000,000713.ppt,fast,C++ native,AFC2,54272,21885,2.479872,59.6753,True,True,12.7301,0.3505
govdocs1-thread000,000713.ppt,balanced,C++ native,AFC2,54272,20419,2.657917,62.3765,True,True,41.263,0.3647
govdocs1-thread000,000713.ppt,maximum,C++ native,AFC2,54272,19724,2.751572,63.6571,True,True,79.2396,0.298
govdocs1-thread000,000714.ppt,fast,C++ native,AFC2,488448,393152,1.24239,19.51,True,True,113.9463,2.9945
govdocs1-thread000,000714.ppt,balanced,C++ native,AFC2,488448,387053,1.261967,20.7586,True,True,259.2366,2.9057
govdocs1-thread000,000714.ppt,maximum,C++ native,AFC2,488448,382715,1.276271,21.6467,True,True,493.9145,2.9487
govdocs1-thread000,000715.ppt,fast,C++ native,AFC2,986624,950476,1.038031,3.6638,True,True,222.922,5.7623
govdocs1-thread000,000715.ppt,balanced,C++ native,AFC2,986624,947164,1.041661,3.9995,True,True,548.2536,5.8065
govdocs1-thread000,000715.ppt,maximum,C++ native,AFC2,986624,946859,1.041997,4.0304,True,True,1055.7359,5.6284
govdocs1-thread000,000716.ppt,fast,C++ native,AFC2,4794880,4679129,1.024738,2.4141,True,True,374.6304,26.8938
govdocs1-thread000,000716.ppt,balanced,C++ native,AFC2,4794880,4669238,1.026908,2.6203,True,True,1063.6124,26.5909
govdocs1-thread000,000716.ppt,maximum,C++ native,AFC2,4794880,4658627,1.029247,2.8416,True,True,2670.8794,26.7321
govdocs1-thread000,000717.ppt,fast,C++ native,AFC2,81920,20237,4.048031,75.2966,True,True,9.4551,0.2694
govdocs1-thread000,000717.ppt,balanced,C++ native,AFC2,81920,19734,4.151211,75.9106,True,True,24.1211,0.2991
govdocs1-thread000,000717.ppt,maximum,C++ native,AFC2,81920,18805,4.356288,77.0447,True,True,53.6167,0.4003
govdocs1-thread000,000718.gz,fast,C++ native,AFC2,390203,372688,1.046996,4.4887,True,True,110.7433,2.8253
govdocs1-thread000,000718.gz,balanced,C++ native,AFC2,390203,369547,1.055895,5.2937,True,True,258.1029,2.9843
govdocs1-thread000,000718.gz,maximum,C++ native,AFC2,390203,369514,1.05599,5.3021,True,True,520.3644,2.7948
govdocs1-thread000,000719.ppt,fast,C++ native,AFC2,47104,20216,2.330036,57.0822,True,True,9.867,0.3039
govdocs1-thread000,000719.ppt,balanced,C++ native,AFC2,47104,19178,2.456148,59.2858,True,True,30.4579,0.2454
govdocs1-thread000,000719.ppt,maximum,C++ native,AFC2,47104,18859,2.497693,59.9631,True,True,56.2752,0.3016
govdocs1-thread000,000720.ppt,fast,C++ native,AFC2,544256,516605,1.053524,5.0805,True,True,110.7059,3.233
govdocs1-thread000,000720.ppt,balanced,C++ native,AFC2,544256,514559,1.057713,5.4564,True,True,272.1057,3.0357
govdocs1-thread000,000720.ppt,maximum,C++ native,AFC2,544256,514559,1.057713,5.4564,True,True,535.0382,3.4536
govdocs1-thread000,000721.csv,fast,C++ native,AFC2,8601,4536,1.896164,47.2619,True,True,3.7438,0.0752
govdocs1-thread000,000721.csv,balanced,C++ native,AFC2,8601,4191,2.052255,51.2731,True,True,7.7031,0.0704
govdocs1-thread000,000721.csv,maximum,C++ native,AFC2,8601,4191,2.052255,51.2731,True,True,13.6327,0.0674
govdocs1-thread000,000722.csv,fast,C++ native,AFC2,3815,2275,1.676923,40.367,True,True,2.2291,0.0441
govdocs1-thread000,000722.csv,balanced,C++ native,AFC2,3815,2152,1.77277,43.5911,True,True,4.1954,0.0505
govdocs1-thread000,000722.csv,maximum,C++ native,AFC2,3815,2152,1.77277,43.5911,True,True,6.4519,0.0385
govdocs1-thread000,000723.ppt,fast,C++ native,AFC2,820224,736860,1.113134,10.1636,True,True,184.3385,4.6779
govdocs1-thread000,000723.ppt,balanced,C++ native,AFC2,820224,733809,1.117762,10.5355,True,True,484.0694,4.2769
govdocs1-thread000,000723.ppt,maximum,C++ native,AFC2,820224,733809,1.117762,10.5355,True,True,928.1178,4.5418
govdocs1-thread000,000724.ppt,fast,C++ native,AFC2,629760,548618,1.147903,12.8846,True,True,135.9596,4.1569
govdocs1-thread000,000724.ppt,balanced,C++ native,AFC2,629760,541670,1.162627,13.9879,True,True,309.5526,3.4361
govdocs1-thread000,000724.ppt,maximum,C++ native,AFC2,629760,539413,1.167491,14.3463,True,True,593.3403,3.9572
govdocs1-thread000,000725.ppt,fast,C++ native,AFC2,1004032,949800,1.057098,5.4014,True,True,214.6249,5.5941
govdocs1-thread000,000725.ppt,balanced,C++ native,AFC2,1004032,946701,1.060559,5.7101,True,True,539.8485,6.493
govdocs1-thread000,000725.ppt,maximum,C++ native,AFC2,1004032,944577,1.062944,5.9216,True,True,1135.4876,6.0631
govdocs1-thread000,000726.html,fast,C++ native,AFC2,30317,15243,1.988913,49.7213,True,True,11.5012,0.2914
govdocs1-thread000,000726.html,balanced,C++ native,AFC2,30317,13259,2.286522,56.2655,True,True,36.4561,0.2577
govdocs1-thread000,000726.html,maximum,C++ native,AFC2,30317,13219,2.293441,56.3974,True,True,57.1888,0.2278
govdocs1-thread000,000727.ppt,fast,C++ native,AFC2,679936,518866,1.310427,23.689,True,True,124.2364,3.2021
govdocs1-thread000,000727.ppt,balanced,C++ native,AFC2,679936,506819,1.341576,25.4608,True,True,305.365,3.8614
govdocs1-thread000,000727.ppt,maximum,C++ native,AFC2,679936,500550,1.358378,26.3828,True,True,634.4658,3.1998
govdocs1-thread000,000728.ppt,fast,C++ native,AFC2,403456,202398,1.993379,49.8339,True,True,55.0144,2.3531
govdocs1-thread000,000728.ppt,balanced,C++ native,AFC2,403456,186265,2.166032,53.8326,True,True,144.8499,2.3316
govdocs1-thread000,000728.ppt,maximum,C++ native,AFC2,403456,180321,2.237432,55.3059,True,True,321.7714,2.1972
govdocs1-thread000,000729.ppt,fast,C++ native,AFC2,373760,186751,2.001382,50.0345,True,True,51.026,1.6947
govdocs1-thread000,000729.ppt,balanced,C++ native,AFC2,373760,175483,2.129893,53.0493,True,True,135.6511,2.0567
govdocs1-thread000,000729.ppt,maximum,C++ native,AFC2,373760,170505,2.192076,54.3812,True,True,314.3682,2.3017
govdocs1-thread000,000730.ps,fast,C++ native,AFC2,315236,139062,2.266874,55.8864,True,True,54.3614,1.6254
govdocs1-thread000,000730.ps,balanced,C++ native,AFC2,315236,129572,2.432902,58.8968,True,True,129.835,1.4607
govdocs1-thread000,000730.ps,maximum,C++ native,AFC2,315236,129014,2.443425,59.0738,True,True,282.2376,1.5721
govdocs1-thread000,000731.ps,fast,C++ native,AFC2,3410835,1486546,2.29447,56.4169,True,True,215.254,15.854
govdocs1-thread000,000731.ps,balanced,C++ native,AFC2,3410835,1258295,2.71068,63.1089,True,True,640.4742,12.6545
govdocs1-thread000,000731.ps,maximum,C++ native,AFC2,3410835,1222110,2.790939,64.1698,True,True,1528.511,12.9893
govdocs1-thread000,000732.ppt,fast,C++ native,AFC2,683520,569056,1.201147,16.7463,True,True,137.9887,3.4975
govdocs1-thread000,000732.ppt,balanced,C++ native,AFC2,683520,563597,1.212781,17.5449,True,True,316.0873,3.5075
govdocs1-thread000,000732.ppt,maximum,C++ native,AFC2,683520,554253,1.233227,18.912,True,True,632.2881,4.3885
govdocs1-thread000,000733.ps,fast,C++ native,AFC2,52862,31752,1.66484,39.9342,True,True,14.674,0.6175
govdocs1-thread000,000733.ps,balanced,C++ native,AFC2,52862,28653,1.844903,45.7966,True,True,44.3156,0.4702
govdocs1-thread000,000733.ps,maximum,C++ native,AFC2,52862,28590,1.848968,45.9158,True,True,90.6795,0.5212
govdocs1-thread000,000734.ps,fast,C++ native,AFC2,3333545,2146722,1.552854,35.6024,True,True,320.4095,19.5236
govdocs1-thread000,000734.ps,balanced,C++ native,AFC2,3333545,2071702,1.609085,37.8529,True,True,912.902,18.2688
govdocs1-thread000,000734.ps,maximum,C++ native,AFC2,3333545,2049493,1.626522,38.5191,True,True,2056.6069,17.7791
govdocs1-thread000,000735.html,fast,C++ native,AFC2,127193,51390,2.475054,59.5968,True,True,21.0824,0.8125
govdocs1-thread000,000735.html,balanced,C++ native,AFC2,127193,44448,2.861614,65.0547,True,True,56.7093,0.7453
govdocs1-thread000,000735.html,maximum,C++ native,AFC2,127193,44448,2.861614,65.0547,True,True,107.6533,0.7904
govdocs1-thread000,000736.gz,fast,C++ native,AFC2,5826642,5802129,1.004225,0.4207,True,True,449.9925,31.6878
govdocs1-thread000,000736.gz,balanced,C++ native,AFC2,5826642,5794582,1.005533,0.5502,True,True,1232.1898,35.1281
govdocs1-thread000,000736.gz,maximum,C++ native,AFC2,5826642,5792854,1.005833,0.5799,True,True,5457.1706,34.2894
govdocs1-thread000,000737.pdf,fast,C++ native,AFC3,3613556,3419750,1.056673,5.3633,True,True,2924.7899,7.4366
govdocs1-thread000,000737.pdf,balanced,C++ native,AFC3,3613556,3407713,1.060405,5.6964,True,True,2983.0687,6.8666
govdocs1-thread000,000737.pdf,maximum,C++ native,AFC3,3613556,3388633,1.066376,6.2244,True,True,3113.7396,5.6129
govdocs1-thread000,000738.pdf,fast,C++ native,AFC2,18952,12736,1.488065,32.7986,True,True,75.438,0.1612
govdocs1-thread000,000738.pdf,balanced,C++ native,AFC2,18952,11149,1.699883,41.1724,True,True,111.0626,0.136
govdocs1-thread000,000738.pdf,maximum,C++ native,AFC2,18952,11102,1.70708,41.4204,True,True,195.6002,0.143
govdocs1-thread000,000739.pdf,fast,C++ native,AFC3,2585410,2556603,1.011268,1.1142,True,True,1510.3553,4.9173
govdocs1-thread000,000739.pdf,balanced,C++ native,AFC3,2585410,2554617,1.012054,1.191,True,True,1681.1704,4.8928
govdocs1-thread000,000739.pdf,maximum,C++ native,AFC3,2585410,2554617,1.012054,1.191,True,True,1932.1316,4.6906
govdocs1-thread000,000740.html,fast,C++ native,AFC2,30978,14665,2.112376,52.66,True,True,12.7287,0.2738
govdocs1-thread000,000740.html,balanced,C++ native,AFC2,30978,13245,2.338845,57.2439,True,True,32.2707,0.2172
govdocs1-thread000,000740.html,maximum,C++ native,AFC2,30978,13069,2.370342,57.812,True,True,58.9167,0.195
govdocs1-thread000,000741.log,fast,C++ native,AFC2,12351,5627,2.194953,54.4409,True,True,4.6032,0.1267
govdocs1-thread000,000741.log,balanced,C++ native,AFC2,12351,5407,2.284261,56.2222,True,True,11.1883,0.0897
govdocs1-thread000,000741.log,maximum,C++ native,AFC2,12351,5407,2.284261,56.2222,True,True,21.6263,0.078
govdocs1-thread000,000742.pdf,fast,C++ native,AFC3,18530,14267,1.298801,23.0059,True,True,124.2018,0.1448
govdocs1-thread000,000742.pdf,balanced,C++ native,AFC3,18530,14082,1.315864,24.0043,True,True,163.7694,0.121
govdocs1-thread000,000742.pdf,maximum,C++ native,AFC3,18530,14082,1.315864,24.0043,True,True,239.6698,0.1002
govdocs1-thread000,000743.log,fast,C++ native,AFC2,25255,12131,2.081856,51.9659,True,True,8.9562,0.2028
govdocs1-thread000,000743.log,balanced,C++ native,AFC2,25255,10802,2.337993,57.2283,True,True,23.8695,0.1903
govdocs1-thread000,000743.log,maximum,C++ native,AFC2,25255,10583,2.386374,58.0954,True,True,48.4642,0.2194
govdocs1-thread000,000744.pdf,fast,C++ native,AFC2,2006417,1676810,1.196568,16.4276,True,True,1417.1898,9.1068
govdocs1-thread000,000744.pdf,balanced,C++ native,AFC2,2006417,1661401,1.207666,17.1956,True,True,2022.8253,9.0121
govdocs1-thread000,000744.pdf,maximum,C++ native,AFC2,2006417,1643891,1.220529,18.0683,True,True,3185.8933,9.0459
govdocs1-thread000,000745.pdf,fast,C++ native,AFC3,51665,42071,1.228043,18.5696,True,True,358.267,0.2482
govdocs1-thread000,000745.pdf,balanced,C++ native,AFC3,51665,40171,1.286127,22.2472,True,True,454.2518,0.1885
govdocs1-thread000,000745.pdf,maximum,C++ native,AFC3,51665,40122,1.287698,22.342,True,True,640.9729,0.2086
govdocs1-thread000,000746.pdf,fast,C++ native,AFC3,574613,518224,1.108812,9.8134,True,True,3557.4293,1.5122
govdocs1-thread000,000746.pdf,balanced,C++ native,AFC3,574613,515069,1.115604,10.3625,True,True,3926.5692,1.2584
govdocs1-thread000,000746.pdf,maximum,C++ native,AFC3,574613,514939,1.115886,10.3851,True,True,4629.4344,1.3261
govdocs1-thread000,000747.pdf,fast,C++ native,AFC3,67234,55306,1.215673,17.741,True,True,442.1738,0.2921
govdocs1-thread000,000747.pdf,balanced,C++ native,AFC3,67234,54675,1.229703,18.6795,True,True,546.5408,0.2265
govdocs1-thread000,000747.pdf,maximum,C++ native,AFC3,67234,54648,1.23031,18.7197,True,True,728.3729,0.2177
govdocs1-thread000,000748.pdf,fast,C++ native,AFC3,296356,220196,1.345874,25.6988,True,True,1134.6708,0.8754
govdocs1-thread000,000748.pdf,balanced,C++ native,AFC3,296356,213325,1.389223,28.0173,True,True,1280.1526,0.8661
govdocs1-thread000,000748.pdf,maximum,C++ native,AFC3,296356,212665,1.393534,28.24,True,True,1534.3819,1.087
govdocs1-thread000,000749.html,fast,C++ native,AFC2,63175,32254,1.958672,48.945,True,True,16.7642,0.5589
govdocs1-thread000,000749.html,balanced,C++ native,AFC2,63175,27910,2.263526,55.8211,True,True,45.4743,0.4725
govdocs1-thread000,000749.html,maximum,C++ native,AFC2,63175,27760,2.275756,56.0586,True,True,101.0538,0.4713
govdocs1-thread000,000750.pdf,fast,C++ native,AFC3,328238,312298,1.051041,4.8562,True,True,234.9979,0.4668
govdocs1-thread000,000750.pdf,balanced,C++ native,AFC3,328238,311085,1.055139,5.2258,True,True,288.6939,0.4158
govdocs1-thread000,000750.pdf,maximum,C++ native,AFC3,328238,311070,1.05519,5.2304,True,True,372.0329,0.4851
govdocs1-thread000,000751.pdf,fast,C++ native,AFC3,384101,366591,1.047764,4.5587,True,True,260.5506,0.4743
govdocs1-thread000,000751.pdf,balanced,C++ native,AFC3,384101,365933,1.049648,4.73,True,True,308.7886,0.7622
govdocs1-thread000,000751.pdf,maximum,C++ native,AFC3,384101,365555,1.050734,4.8284,True,True,392.6554,0.5224
govdocs1-thread000,000752.pdf,fast,C++ native,AFC3,496878,490928,1.01212,1.1975,True,True,468.9661,0.4936
govdocs1-thread000,000752.pdf,balanced,C++ native,AFC3,496878,490353,1.013307,1.3132,True,True,466.1805,0.7745
govdocs1-thread000,000752.pdf,maximum,C++ native,AFC3,496878,490337,1.01334,1.3164,True,True,473.456,0.7659
govdocs1-thread000,000753.pdf,fast,C++ native,AFC2,160991,152499,1.055686,5.2748,True,True,693.8606,1.0071
govdocs1-thread000,000753.pdf,balanced,C++ native,AFC2,160991,150858,1.067169,6.2941,True,True,794.1644,1.0786
govdocs1-thread000,000753.pdf,maximum,C++ native,AFC2,160991,150458,1.070006,6.5426,True,True,957.7278,1.1933
govdocs1-thread000,000754.gz,fast,C++ native,AFC1,232167,232175,0.999966,-0.0034,True,True,45.9824,0.0389
govdocs1-thread000,000754.gz,balanced,C++ native,AFC1,232167,232175,0.999966,-0.0034,True,True,87.2087,0.0488
govdocs1-thread000,000754.gz,maximum,C++ native,AFC1,232167,232175,0.999966,-0.0034,True,True,159.7663,0.1015
govdocs1-thread000,000755.pdf,fast,C++ native,AFC3,385217,190105,2.026338,50.6499,True,True,1685.7901,1.2821
govdocs1-thread000,000755.pdf,balanced,C++ native,AFC3,385217,179835,2.142058,53.3159,True,True,1937.7627,1.4164
govdocs1-thread000,000755.pdf,maximum,C++ native,AFC3,385217,178288,2.160645,53.7175,True,True,2330.826,1.3948
govdocs1-thread000,000756.csv,fast,C++ native,AFC2,2099672,755488,2.779226,64.0188,True,True,127.4552,10.2283
govdocs1-thread000,000756.csv,balanced,C++ native,AFC2,2099672,627786,3.344566,70.1008,True,True,425.6822,8.3074
govdocs1-thread000,000756.csv,maximum,C++ native,AFC2,2099672,607440,3.456592,71.0698,True,True,1021.3273,7.885
govdocs1-thread000,000757.pdf,fast,C++ native,AFC3,18347,16335,1.123171,10.9664,True,True,14.5907,0.1835
govdocs1-thread000,000757.pdf,balanced,C++ native,AFC3,18347,16127,1.137657,12.1001,True,True,35.2132,0.1272
govdocs1-thread000,000757.pdf,maximum,C++ native,AFC3,18347,16127,1.137657,12.1001,True,True,57.7239,0.1209
govdocs1-thread000,000759.doc,fast,C++ native,AFC2,1502208,1364581,1.100857,9.1616,True,True,253.3697,8.3854
govdocs1-thread000,000759.doc,balanced,C++ native,AFC2,1502208,1347531,1.114785,10.2966,True,True,607.1853,8.2953
govdocs1-thread000,000759.doc,maximum,C++ native,AFC2,1502208,1340923,1.120279,10.7365,True,True,1267.8712,8.3111
govdocs1-thread000,000760.pdf,fast,C++ native,AFC3,59141,57221,1.033554,3.2465,True,True,339.3175,0.1813
govdocs1-thread000,000760.pdf,balanced,C++ native,AFC3,59141,56967,1.038162,3.676,True,True,360.6583,0.0996
govdocs1-thread000,000760.pdf,maximum,C++ native,AFC3,59141,56967,1.038162,3.676,True,True,401.6981,0.1073
govdocs1-thread000,000761.pdf,fast,C++ native,AFC3,2145627,2119506,1.012324,1.2174,True,True,613.9494,2.864
govdocs1-thread000,000761.pdf,balanced,C++ native,AFC3,2145627,2116268,1.013873,1.3683,True,True,681.3254,2.6497
govdocs1-thread000,000761.pdf,maximum,C++ native,AFC3,2145627,2116010,1.013997,1.3803,True,True,838.099,3.0581
govdocs1-thread000,000762.pdf,fast,C++ native,AFC3,2393778,2272351,1.053437,5.0726,True,True,3227.8998,6.4892
govdocs1-thread000,000762.pdf,balanced,C++ native,AFC3,2393778,2268339,1.0553,5.2402,True,True,3783.0254,5.4415
govdocs1-thread000,000762.pdf,maximum,C++ native,AFC3,2393778,2267236,1.055813,5.2863,True,True,4977.1882,7.2566
govdocs1-thread000,000763.pdf,fast,C++ native,AFC2,404009,318233,1.269538,21.2312,True,True,397.6552,2.953
govdocs1-thread000,000763.pdf,balanced,C++ native,AFC2,404009,310895,1.299503,23.0475,True,True,706.8572,3.058
govdocs1-thread000,000763.pdf,maximum,C++ native,AFC2,404009,310151,1.30262,23.2317,True,True,1255.1164,2.8124
govdocs1-thread000,000764.csv,fast,C++ native,AFC2,8305,4030,2.060794,51.475,True,True,3.0035,0.0709
govdocs1-thread000,000764.csv,balanced,C++ native,AFC2,8305,3848,2.158264,53.6665,True,True,7.6185,0.0798
govdocs1-thread000,000764.csv,maximum,C++ native,AFC2,8305,3848,2.158264,53.6665,True,True,9.8238,0.062
govdocs1-thread000,000765.log,fast,C++ native,AFC2,69246,28080,2.466026,59.4489,True,True,11.4635,0.3263
govdocs1-thread000,000765.log,balanced,C++ native,AFC2,69246,25555,2.709685,63.0953,True,True,25.9805,0.31
govdocs1-thread000,000765.log,maximum,C++ native,AFC2,69246,24623,2.812249,64.4413,True,True,49.0818,0.3684
govdocs1-thread000,000766.ps,fast,C++ native,AFC2,5141572,1802148,2.853024,64.9495,True,True,265.6023,17.9275
govdocs1-thread000,000766.ps,balanced,C++ native,AFC2,5141572,1583498,3.246971,69.2021,True,True,1004.4072,18.1046
govdocs1-thread000,000766.ps,maximum,C++ native,AFC2,5141572,1530732,3.358898,70.2283,True,True,2473.2821,17.3716
govdocs1-thread000,000767.ps,fast,C++ native,AFC2,4928658,1509270,3.265591,69.3777,True,True,204.9818,18.7529
govdocs1-thread000,000767.ps,balanced,C++ native,AFC2,4928658,1295915,3.803226,73.7065,True,True,867.311,14.7929
govdocs1-thread000,000767.ps,maximum,C++ native,AFC2,4928658,1268785,3.884549,74.257,True,True,2194.9557,13.6273
govdocs1-thread000,000768.ps,fast,C++ native,AFC2,452744,61182,7.399954,86.4864,True,True,24.7836,1.2179
govdocs1-thread000,000768.ps,balanced,C++ native,AFC2,452744,55570,8.147274,87.726,True,True,81.3767,0.9861
govdocs1-thread000,000768.ps,maximum,C++ native,AFC2,452744,55186,8.203965,87.8108,True,True,187.2686,1.2548
govdocs1-thread000,000770.pdf,fast,C++ native,AFC3,46927,34478,1.361071,26.5284,True,True,263.1853,0.2906
govdocs1-thread000,000770.pdf,balanced,C++ native,AFC3,46927,33243,1.411636,29.1602,True,True,330.462,0.2308
govdocs1-thread000,000770.pdf,maximum,C++ native,AFC3,46927,32842,1.428872,30.0147,True,True,442.269,0.2451
govdocs1-thread000,000771.doc,fast,C++ native,AFC2,3030016,2636605,1.149211,12.9838,True,True,304.3411,15.6706
govdocs1-thread000,000771.doc,balanced,C++ native,AFC2,3030016,2611430,1.16029,13.8146,True,True,777.8992,14.2899
govdocs1-thread000,000771.doc,maximum,C++ native,AFC2,3030016,2588254,1.17068,14.5795,True,True,1771.2448,14.6706
govdocs1-thread000,000772.ps,fast,C++ native,AFC2,310380,145491,2.133328,53.1249,True,True,51.3069,1.9856
govdocs1-thread000,000772.ps,balanced,C++ native,AFC2,310380,131925,2.3527,57.4957,True,True,128.2116,1.9858
govdocs1-thread000,000772.ps,maximum,C++ native,AFC2,310380,130091,2.385868,58.0865,True,True,283.4212,2.4636
govdocs1-thread000,000773.ps,fast,C++ native,AFC2,317492,139433,2.277022,56.083,True,True,55.7626,2.2568
govdocs1-thread000,000773.ps,balanced,C++ native,AFC2,317492,126350,2.512798,60.2037,True,True,141.5787,1.8631
govdocs1-thread000,000773.ps,maximum,C++ native,AFC2,317492,124362,2.552966,60.8299,True,True,263.8728,1.7156
govdocs1-thread000,000774.ps,fast,C++ native,AFC2,4540613,1684825,2.695006,62.8943,True,True,182.1114,17.4068
govdocs1-thread000,000774.ps,balanced,C++ native,AFC2,4540613,1541261,2.946038,66.0561,True,True,744.4727,16.8616
govdocs1-thread000,000774.ps,maximum,C++ native,AFC2,4540613,1429760,3.175787,68.5117,True,True,1883.4279,16.9609
govdocs1-thread000,000775.xls,fast,C++ native,AFC2,96768,38306,2.526184,60.4146,True,True,16.9865,0.504
govdocs1-thread000,000775.xls,balanced,C++ native,AFC2,96768,35131,2.75449,63.6956,True,True,37.934,0.4963
govdocs1-thread000,000775.xls,maximum,C++ native,AFC2,96768,35131,2.75449,63.6956,True,True,77.3681,0.5096
govdocs1-thread000,000776.xls,fast,C++ native,AFC2,2082816,417095,4.993625,79.9745,True,True,114.9451,2.9595
govdocs1-thread000,000776.xls,balanced,C++ native,AFC2,2082816,395150,5.27095,81.0281,True,True,329.891,3.7249
govdocs1-thread000,000776.xls,maximum,C++ native,AFC2,2082816,385571,5.4019,81.488,True,True,611.1427,2.6319
govdocs1-thread000,000777.xls,fast,C++ native,AFC2,137728,51139,2.693209,62.8696,True,True,18.7673,0.7026
govdocs1-thread000,000777.xls,balanced,C++ native,AFC2,137728,46553,2.95852,66.1993,True,True,51.6977,0.7176
govdocs1-thread000,000777.xls,maximum,C++ native,AFC2,137728,43876,3.139028,68.143,True,True,94.355,0.6587
govdocs1-thread000,000778.xls,fast,C++ native,AFC2,150528,56369,2.670404,62.5525,True,True,20.9255,0.7477
govdocs1-thread000,000778.xls,balanced,C++ native,AFC2,150528,51122,2.944486,66.0382,True,True,52.1627,0.7786
govdocs1-thread000,000778.xls,maximum,C++ native,AFC2,150528,48033,3.133845,68.0903,True,True,101.0699,0.6846
govdocs1-thread000,000779.xls,fast,C++ native,AFC2,620032,278484,2.226455,55.0855,True,True,70.4068,2.8661
govdocs1-thread000,000779.xls,balanced,C++ native,AFC2,620032,247759,2.502561,60.0409,True,True,177.0959,2.5716
govdocs1-thread000,000779.xls,maximum,C++ native,AFC2,620032,239727,2.586409,61.3364,True,True,412.1835,2.899
govdocs1-thread000,000780.xls,fast,C++ native,AFC2,96768,40787,2.372521,57.8507,True,True,16.1033,0.591
govdocs1-thread000,000780.xls,balanced,C++ native,AFC2,96768,37340,2.591537,61.4129,True,True,41.128,0.5244
govdocs1-thread000,000780.xls,maximum,C++ native,AFC2,96768,36713,2.635797,62.0608,True,True,75.4839,0.5286
govdocs1-thread000,000781.xls,fast,C++ native,AFC2,282112,115923,2.433615,58.9089,True,True,39.617,1.6047
govdocs1-thread000,000781.xls,balanced,C++ native,AFC2,282112,106802,2.641449,62.142,True,True,110.1447,1.6942
govdocs1-thread000,000781.xls,maximum,C++ native,AFC2,282112,104631,2.696256,62.9115,True,True,224.2075,1.7131
govdocs1-thread000,000782.xls,fast,C++ native,AFC2,30720,14717,2.087382,52.0931,True,True,9.5528,0.2916
govdocs1-thread000,000782.xls,balanced,C++ native,AFC2,30720,13148,2.336477,57.2005,True,True,29.6599,0.2647
govdocs1-thread000,000782.xls,maximum,C++ native,AFC2,30720,13148,2.336477,57.2005,True,True,61.2942,0.222
govdocs1-thread000,000783.html,fast,C++ native,AFC2,149711,61871,2.419728,58.673,True,True,24.3174,1.0062
govdocs1-thread000,000783.html,balanced,C++ native,AFC2,149711,53712,2.787291,64.1229,True,True,58.7185,0.8946
govdocs1-thread000,000783.html,maximum,C++ native,AFC2,149711,53712,2.787291,64.1229,True,True,127.1124,0.9032
govdocs1-thread000,000784.html,fast,C++ native,AFC2,9842,5528,1.780391,43.8326,True,True,4.0655,0.0898
govdocs1-thread000,000784.html,balanced,C++ native,AFC2,9842,4930,1.996349,49.9086,True,True,10.1104,0.1066
govdocs1-thread000,000784.html,maximum,C++ native,AFC2,9842,4930,1.996349,49.9086,True,True,18.8416,0.0802
govdocs1-thread000,000785.html,fast,C++ native,AFC2,34473,17233,2.000406,50.0102,True,True,11.3772,0.3733
govdocs1-thread000,000785.html,balanced,C++ native,AFC2,34473,15545,2.217626,54.9067,True,True,29.9425,0.2547
govdocs1-thread000,000785.html,maximum,C++ native,AFC2,34473,15545,2.217626,54.9067,True,True,57.2134,0.2087
govdocs1-thread000,000786.gz,fast,C++ native,AFC1,282032,282040,0.999972,-0.0028,True,True,73.5109,0.0532
govdocs1-thread000,000786.gz,balanced,C++ native,AFC2,282032,282016,1.000057,0.0057,True,True,147.7927,1.7152
govdocs1-thread000,000786.gz,maximum,C++ native,AFC2,282032,282016,1.000057,0.0057,True,True,241.1966,1.855
govdocs1-thread000,000787.html,fast,C++ native,AFC2,17137,9130,1.876999,46.7235,True,True,8.7501,0.1562
govdocs1-thread000,000787.html,balanced,C++ native,AFC2,17137,7552,2.2692,55.9316,True,True,20.2238,0.125
govdocs1-thread000,000787.html,maximum,C++ native,AFC2,17137,7519,2.279159,56.1242,True,True,41.2849,0.1524
govdocs1-thread000,000788.doc,fast,C++ native,AFC2,34816,11723,2.969888,66.3287,True,True,8.5073,0.238
govdocs1-thread000,000788.doc,balanced,C++ native,AFC2,34816,11124,3.129809,68.0492,True,True,23.8038,0.2088
govdocs1-thread000,000788.doc,maximum,C++ native,AFC2,34816,11085,3.140821,68.1612,True,True,46.7128,0.2728
govdocs1-thread000,000789.html,fast,C++ native,AFC2,9541,5377,1.77441,43.6432,True,True,4.2186,0.1192
govdocs1-thread000,000789.html,balanced,C++ native,AFC2,9541,4992,1.911258,47.6784,True,True,9.5435,0.0975
govdocs1-thread000,000789.html,maximum,C++ native,AFC2,9541,4987,1.913174,47.7308,True,True,14.8145,0.1058
govdocs1-thread000,000790.doc,fast,C++ native,AFC2,77824,39784,1.956163,48.8795,True,True,15.3896,0.6059
govdocs1-thread000,000790.doc,balanced,C++ native,AFC2,77824,35636,2.183859,54.2095,True,True,35.8446,0.6326
govdocs1-thread000,000790.doc,maximum,C++ native,AFC2,77824,35545,2.18945,54.3264,True,True,71.8965,0.6429
govdocs1-thread000,000791.html,fast,C++ native,AFC2,61312,24887,2.463616,59.4093,True,True,13.292,0.4142
govdocs1-thread000,000791.html,balanced,C++ native,AFC2,61312,21049,2.912822,65.669,True,True,36.0244,0.2837
govdocs1-thread000,000791.html,maximum,C++ native,AFC2,61312,20899,2.933729,65.9137,True,True,79.406,0.3335
govdocs1-thread000,000792.html,fast,C++ native,AFC2,37681,18530,2.033513,50.824,True,True,11.2836,0.3715
govdocs1-thread000,000792.html,balanced,C++ native,AFC2,37681,15838,2.379151,57.9682,True,True,33.0373,0.2932
govdocs1-thread000,000792.html,maximum,C++ native,AFC2,37681,15691,2.40144,58.3583,True,True,60.1387,0.2384
govdocs1-thread000,000793.html,fast,C++ native,AFC2,9023,4788,1.884503,46.9356,True,True,3.705,0.0753
govdocs1-thread000,000793.html,balanced,C++ native,AFC2,9023,4466,2.020376,50.5043,True,True,8.619,0.073
govdocs1-thread000,000793.html,maximum,C++ native,AFC2,9023,4462,2.022187,50.5486,True,True,13.3446,0.0727
govdocs1-thread000,000794.html,fast,C++ native,AFC2,68613,28814,2.381238,58.005,True,True,12.0856,0.3659
govdocs1-thread000,000794.html,balanced,C++ native,AFC2,68613,25498,2.690917,62.8379,True,True,27.8612,0.3654
govdocs1-thread000,000794.html,maximum,C++ native,AFC2,68613,24625,2.786315,64.1103,True,True,46.455,0.2954
govdocs1-thread000,000795.doc,fast,C++ native,AFC2,826368,392993,2.102755,52.4433,True,True,113.2774,4.9948
govdocs1-thread000,000795.doc,balanced,C++ native,AFC2,826368,340199,2.429072,58.832,True,True,287.7919,4.2212
govdocs1-thread000,000795.doc,maximum,C++ native,AFC2,826368,337029,2.45192,59.2156,True,True,602.377,3.9461
govdocs1-thread000,000796.doc,fast,C++ native,AFC2,108032,52402,2.061601,51.494,True,True,17.9121,0.7694
govdocs1-thread000,000796.doc,balanced,C++ native,AFC2,108032,48327,2.235438,55.266,True,True,50.4632,0.7516
govdocs1-thread000,000796.doc,maximum,C++ native,AFC2,108032,47660,2.266723,55.8834,True,True,109.0064,0.754
govdocs1-thread000,000797.html,fast,C++ native,AFC2,25869,10964,2.359449,57.6172,True,True,8.7204,0.175
govdocs1-thread000,000797.html,balanced,C++ native,AFC2,25869,8981,2.880414,65.2828,True,True,22.9696,0.1586
govdocs1-thread000,000797.html,maximum,C++ native,AFC2,25869,8649,2.990982,66.5662,True,True,46.5476,0.1718
govdocs1-thread000,000798.html,fast,C++ native,AFC2,335,272,1.231618,18.806,True,True,0.7018,0.0153
govdocs1-thread000,000798.html,balanced,C++ native,AFC2,335,272,1.231618,18.806,True,True,1.5208,0.0156
govdocs1-thread000,000798.html,maximum,C++ native,AFC2,335,272,1.231618,18.806,True,True,2.1142,0.0167
govdocs1-thread000,000799.doc,fast,C++ native,AFC2,149504,56733,2.635221,62.0525,True,True,19.6033,0.8797
govdocs1-thread000,000799.doc,balanced,C++ native,AFC2,149504,52366,2.854982,64.9735,True,True,54.4898,0.877
govdocs1-thread000,000799.doc,maximum,C++ native,AFC2,149504,51596,2.897589,65.4885,True,True,119.8938,0.7895
govdocs1-thread000,000800.html,fast,C++ native,AFC2,2516,1607,1.56565,36.1288,True,True,1.532,0.0416
govdocs1-thread000,000800.html,balanced,C++ native,AFC2,2516,1578,1.594423,37.2814,True,True,2.8881,0.0408
govdocs1-thread000,000800.html,maximum,C++ native,AFC2,2516,1578,1.594423,37.2814,True,True,5.0344,0.0324
govdocs1-thread000,000801.doc,fast,C++ native,AFC2,6149120,4525064,1.358902,26.4112,True,True,384.232,27.2748
govdocs1-thread000,000801.doc,balanced,C++ native,AFC2,6149120,4377042,1.404857,28.8184,True,True,1262.4497,27.6246
govdocs1-thread000,000801.doc,maximum,C++ native,AFC2,6149120,4359734,1.410435,29.0999,True,True,4734.2392,25.5409
govdocs1-thread000,000802.doc,fast,C++ native,AFC2,228864,96116,2.381123,58.003,True,True,34.4223,1.3665
govdocs1-thread000,000802.doc,balanced,C++ native,AFC2,228864,86323,2.651252,62.282,True,True,87.7805,1.2037
govdocs1-thread000,000802.doc,maximum,C++ native,AFC2,228864,86102,2.658057,62.3785,True,True,181.4272,1.2688
govdocs1-thread000,000803.rtf,fast,C++ native,AFC2,45138,14728,3.064775,67.3712,True,True,9.8742,0.2516
govdocs1-thread000,000803.rtf,balanced,C++ native,AFC2,45138,11436,3.947009,74.6644,True,True,26.3691,0.227
govdocs1-thread000,000803.rtf,maximum,C++ native,AFC2,45138,11327,3.984992,74.9058,True,True,51.7488,0.2344
govdocs1-thread000,000804.doc,fast,C++ native,AFC2,130048,51057,2.547114,60.7399,True,True,20.1149,0.8497
govdocs1-thread000,000804.doc,balanced,C++ native,AFC2,130048,44548,2.919278,65.745,True,True,51.2105,0.838
govdocs1-thread000,000804.doc,maximum,C++ native,AFC2,130048,44548,2.919278,65.745,True,True,103.219,0.8845
govdocs1-thread000,000805.html,fast,C++ native,AFC2,4938,2809,1.757921,43.1146,True,True,2.0756,0.0559
govdocs1-thread000,000805.html,balanced,C++ native,AFC2,4938,2577,1.916182,47.8129,True,True,4.8247,0.0804
govdocs1-thread000,000805.html,maximum,C++ native,AFC2,4938,2577,1.916182,47.8129,True,True,7.7654,0.0787
govdocs1-thread000,000806.doc,fast,C++ native,AFC2,55296,20381,2.713115,63.142,True,True,11.3229,0.2902
govdocs1-thread000,000806.doc,balanced,C++ native,AFC2,55296,18252,3.029586,66.9922,True,True,36.8413,0.3222
govdocs1-thread000,000806.doc,maximum,C++ native,AFC2,55296,18071,3.05993,67.3195,True,True,76.524,0.3045
govdocs1-thread000,000807.pdf,fast,C++ native,AFC2,2768386,574630,4.817684,79.2431,True,True,2480.0654,4.8624
govdocs1-thread000,000807.pdf,balanced,C++ native,AFC2,2768386,516392,5.361016,81.3468,True,True,3155.5638,4.5732
govdocs1-thread000,000807.pdf,maximum,C++ native,AFC2,2768386,516392,5.361016,81.3468,True,True,4319.7486,5.032
govdocs1-thread000,000808.html,fast,C++ native,AFC2,5334,3326,1.603728,37.6453,True,True,2.4587,0.0502
govdocs1-thread000,000808.html,balanced,C++ native,AFC2,5334,3143,1.697105,41.0761,True,True,7.696,0.0665
govdocs1-thread000,000808.html,maximum,C++ native,AFC2,5334,3143,1.697105,41.0761,True,True,10.8813,0.059
govdocs1-thread000,000809.pdf,fast,C++ native,AFC3,32034,27453,1.166867,14.3004,True,True,20.2697,0.1798
govdocs1-thread000,000809.pdf,balanced,C++ native,AFC3,32034,26774,1.196459,16.4201,True,True,41.0505,0.2169
govdocs1-thread000,000809.pdf,maximum,C++ native,AFC3,32034,26742,1.197891,16.5199,True,True,76.5421,0.1793
govdocs1-thread000,000810.pdf,fast,C++ native,AFC3,30055,24626,1.220458,18.0636,True,True,141.663,0.1817
govdocs1-thread000,000810.pdf,balanced,C++ native,AFC3,30055,23962,1.254278,20.2728,True,True,199.97,0.1449
govdocs1-thread000,000810.pdf,maximum,C++ native,AFC3,30055,23949,1.254958,20.3161,True,True,318.7457,0.1604
govdocs1-thread000,000811.pdf,fast,C++ native,AFC3,69137,62889,1.09935,9.0371,True,True,88.9285,0.265
govdocs1-thread000,000811.pdf,balanced,C++ native,AFC3,69137,61670,1.12108,10.8003,True,True,149.2439,0.2429
govdocs1-thread000,000811.pdf,maximum,C++ native,AFC3,69137,61670,1.12108,10.8003,True,True,204.1219,0.232
govdocs1-thread000,000812.html,fast,C++ native,AFC2,9164,5356,1.710978,41.5539,True,True,4.3088,0.1125
govdocs1-thread000,000812.html,balanced,C++ native,AFC2,9164,4845,1.891434,47.1301,True,True,11.0342,0.0985
govdocs1-thread000,000812.html,maximum,C++ native,AFC2,9164,4815,1.903219,47.4574,True,True,18.901,0.0975
govdocs1-thread000,000813.pdf,fast,C++ native,AFC3,104965,92095,1.139747,12.2612,True,True,565.5475,0.31
govdocs1-thread000,000813.pdf,balanced,C++ native,AFC3,104965,90910,1.154603,13.3902,True,True,642.9187,0.2339
govdocs1-thread000,000813.pdf,maximum,C++ native,AFC3,104965,90794,1.156079,13.5007,True,True,748.3098,0.3005
govdocs1-thread000,000814.html,fast,C++ native,AFC2,2753,1705,1.614663,38.0676,True,True,2.0383,0.039
govdocs1-thread000,000814.html,balanced,C++ native,AFC2,2753,1506,1.828021,45.296,True,True,4.6724,0.0326
govdocs1-thread000,000814.html,maximum,C++ native,AFC2,2753,1506,1.828021,45.296,True,True,6.9956,0.0324
govdocs1-thread000,000815.html,fast,C++ native,AFC2,30810,13827,2.228249,55.1217,True,True,9.1848,0.2472
govdocs1-thread000,000815.html,balanced,C++ native,AFC2,30810,11021,2.795572,64.2291,True,True,26.5473,0.194
govdocs1-thread000,000815.html,maximum,C++ native,AFC2,30810,11021,2.795572,64.2291,True,True,55.6426,0.2262
govdocs1-thread000,000816.pdf,fast,C++ native,AFC3,43914,37832,1.160763,13.8498,True,True,103.0974,0.2436
govdocs1-thread000,000816.pdf,balanced,C++ native,AFC3,43914,37275,1.178109,15.1182,True,True,147.1409,0.3452
govdocs1-thread000,000816.pdf,maximum,C++ native,AFC3,43914,37211,1.180135,15.2639,True,True,201.9959,0.2283
govdocs1-thread000,000817.pdf,fast,C++ native,AFC3,1471951,1394557,1.055497,5.2579,True,True,2201.0516,2.8441
govdocs1-thread000,000817.pdf,balanced,C++ native,AFC3,1471951,1392172,1.057305,5.4199,True,True,2632.9374,2.5682
govdocs1-thread000,000817.pdf,maximum,C++ native,AFC3,1471951,1390642,1.058469,5.5239,True,True,3283.2445,2.3511
govdocs1-thread000,000818.pdf,fast,C++ native,AFC3,23182,19981,1.160202,13.8081,True,True,19.7738,0.1792
govdocs1-thread000,000818.pdf,balanced,C++ native,AFC3,23182,19508,1.188333,15.8485,True,True,43.251,0.1654
govdocs1-thread000,000818.pdf,maximum,C++ native,AFC3,23182,19457,1.191448,16.0685,True,True,68.9416,0.1504
govdocs1-thread000,000819.html,fast,C++ native,AFC2,11630,6635,1.752826,42.9493,True,True,5.5448,0.1133
govdocs1-thread000,000819.html,balanced,C++ native,AFC2,11630,5486,2.119942,52.8289,True,True,12.76,0.1099
govdocs1-thread000,000819.html,maximum,C++ native,AFC2,11630,5483,2.121102,52.8547,True,True,20.6673,0.0889
govdocs1-thread000,000820.html,fast,C++ native,AFC2,10954,6011,1.822326,45.1251,True,True,4.455,0.1332
govdocs1-thread000,000820.html,balanced,C++ native,AFC2,10954,5352,2.046712,51.1411,True,True,11.3461,0.1137
govdocs1-thread000,000820.html,maximum,C++ native,AFC2,10954,5282,2.073836,51.7802,True,True,20.3694,0.1099
govdocs1-thread000,000821.html,fast,C++ native,AFC2,17868,6906,2.587315,61.3499,True,True,6.2094,0.1306
govdocs1-thread000,000821.html,balanced,C++ native,AFC2,17868,6276,2.847036,64.8758,True,True,17.0978,0.1392
govdocs1-thread000,000821.html,maximum,C++ native,AFC2,17868,6249,2.859337,65.0269,True,True,34.4512,0.145
govdocs1-thread000,000823.html,fast,C++ native,AFC2,16647,7252,2.295505,56.4366,True,True,7.504,0.1579
govdocs1-thread000,000823.html,balanced,C++ native,AFC2,16647,5945,2.800168,64.2879,True,True,19.2902,0.1302
govdocs1-thread000,000823.html,maximum,C++ native,AFC2,16647,5933,2.805832,64.3599,True,True,38.0763,0.1267
govdocs1-thread000,000824.html,fast,C++ native,AFC2,8441,4788,1.762949,43.2769,True,True,4.0002,0.1168
govdocs1-thread000,000824.html,balanced,C++ native,AFC2,8441,4441,1.900698,47.3878,True,True,9.6997,0.1014
govdocs1-thread000,000824.html,maximum,C++ native,AFC2,8441,4437,1.902412,47.4351,True,True,20.7987,0.1256
govdocs1-thread000,000825.pdf,fast,C++ native,AFC3,46623,42304,1.102094,9.2637,True,True,60.6934,0.1385
govdocs1-thread000,000825.pdf,balanced,C++ native,AFC3,46623,41697,1.118138,10.5656,True,True,119.897,0.1362
govdocs1-thread000,000825.pdf,maximum,C++ native,AFC3,46623,41630,1.119938,10.7093,True,True,196.9511,0.1463
govdocs1-thread000,000826.pdf,fast,C++ native,AFC2,1863437,1824859,1.02114,2.0703,True,True,2403.9832,10.4203
govdocs1-thread000,000826.pdf,balanced,C++ native,AFC2,1863437,1822075,1.0227,2.2197,True,True,3027.8124,10.4527
govdocs1-thread000,000826.pdf,maximum,C++ native,AFC2,1863437,1819151,1.024344,2.3766,True,True,4142.9951,10.2429
govdocs1-thread000,000827.txt,fast,C++ native,AFC2,992,622,1.594855,37.2984,True,True,1.0885,0.0224
govdocs1-thread000,000827.txt,balanced,C++ native,AFC2,992,622,1.594855,37.2984,True,True,2.1065,0.0283
govdocs1-thread000,000827.txt,maximum,C++ native,AFC2,992,622,1.594855,37.2984,True,True,3.0075,0.0211
govdocs1-thread000,000828.txt,fast,C++ native,AFC2,1513,958,1.579332,36.6821,True,True,1.1085,0.028
govdocs1-thread000,000828.txt,balanced,C++ native,AFC2,1513,958,1.579332,36.6821,True,True,3.5696,0.0283
govdocs1-thread000,000828.txt,maximum,C++ native,AFC2,1513,958,1.579332,36.6821,True,True,4.8232,0.03
govdocs1-thread000,000829.txt,fast,C++ native,AFC2,1426,848,1.681604,40.533,True,True,0.9015,0.025
govdocs1-thread000,000829.txt,balanced,C++ native,AFC2,1426,828,1.722222,41.9355,True,True,2.6017,0.0255
govdocs1-thread000,000829.txt,maximum,C++ native,AFC2,1426,828,1.722222,41.9355,True,True,3.9099,0.0252
govdocs1-thread000,000830.html,fast,C++ native,AFC2,89891,32404,2.774071,63.9519,True,True,15.4434,0.4711
govdocs1-thread000,000830.html,balanced,C++ native,AFC2,89891,28742,3.127514,68.0257,True,True,38.1489,0.3865
govdocs1-thread000,000830.html,maximum,C++ native,AFC2,89891,27236,3.300448,69.7011,True,True,67.8851,0.4128
govdocs1-thread000,000831.txt,fast,C++ native,AFC2,1483,895,1.656983,39.6494,True,True,1.1187,0.0288
govdocs1-thread000,000831.txt,balanced,C++ native,AFC2,1483,887,1.671928,40.1888,True,True,2.3273,0.0246
govdocs1-thread000,000831.txt,maximum,C++ native,AFC2,1483,887,1.671928,40.1888,True,True,3.3464,0.0454
govdocs1-thread000,000832.txt,fast,C++ native,AFC2,3409,1954,1.744626,42.6811,True,True,1.6399,0.0399
govdocs1-thread000,000832.txt,balanced,C++ native,AFC2,3409,1865,1.827882,45.2919,True,True,3.471,0.0426
govdocs1-thread000,000832.txt,maximum,C++ native,AFC2,3409,1865,1.827882,45.2919,True,True,5.96,0.0508
govdocs1-thread000,000833.txt,fast,C++ native,AFC2,3392,1962,1.728848,42.158,True,True,1.6356,0.043
govdocs1-thread000,000833.txt,balanced,C++ native,AFC2,3392,1882,1.802338,44.5165,True,True,3.3281,0.0456
govdocs1-thread000,000833.txt,maximum,C++ native,AFC2,3392,1882,1.802338,44.5165,True,True,6.4525,0.0433
govdocs1-thread000,000834.pdf,fast,C++ native,AFC3,51588,39626,1.301873,23.1876,True,True,79.6279,0.2711
govdocs1-thread000,000834.pdf,balanced,C++ native,AFC3,51588,38595,1.33665,25.1861,True,True,120.8134,0.3406
govdocs1-thread000,000834.pdf,maximum,C++ native,AFC3,51588,38435,1.342214,25.4962,True,True,189.1559,0.2706
govdocs1-thread000,000835.txt,fast,C++ native,AFC2,21301,9703,2.1953,54.4481,True,True,8.9172,0.1676
govdocs1-thread000,000835.txt,balanced,C++ native,AFC2,21301,7296,2.919545,65.7481,True,True,21.3368,0.1642
govdocs1-thread000,000835.txt,maximum,C++ native,AFC2,21301,7110,2.995921,66.6213,True,True,37.7196,0.1586
govdocs1-thread000,000836.txt,fast,C++ native,AFC2,8464,4604,1.838401,45.6049,True,True,3.7699,0.1078
govdocs1-thread000,000836.txt,balanced,C++ native,AFC2,8464,4154,2.037554,50.9216,True,True,9.6613,0.0857
govdocs1-thread000,000836.txt,maximum,C++ native,AFC2,8464,4154,2.037554,50.9216,True,True,14.8196,0.0911
govdocs1-thread000,000837.txt,fast,C++ native,AFC2,8189,4508,1.816548,44.9505,True,True,3.1898,0.0866
govdocs1-thread000,000837.txt,balanced,C++ native,AFC2,8189,4251,1.92637,48.0889,True,True,7.3987,0.1175
govdocs1-thread000,000837.txt,maximum,C++ native,AFC2,8189,4251,1.92637,48.0889,True,True,16.3382,0.0797
govdocs1-thread000,000838.pdf,fast,C++ native,AFC3,40395,28999,1.392979,28.2114,True,True,231.394,0.2109
govdocs1-thread000,000838.pdf,balanced,C++ native,AFC3,40395,27999,1.44273,30.687,True,True,303.8268,0.2082
govdocs1-thread000,000838.pdf,maximum,C++ native,AFC3,40395,27927,1.44645,30.8652,True,True,425.3527,0.1728
govdocs1-thread000,000839.pdf,fast,C++ native,AFC3,185106,169782,1.090257,8.2785,True,True,462.969,0.4228
govdocs1-thread000,000839.pdf,balanced,C++ native,AFC3,185106,167869,1.102681,9.312,True,True,611.7145,0.551
govdocs1-thread000,000839.pdf,maximum,C++ native,AFC3,185106,167832,1.102924,9.332,True,True,830.3218,0.411
govdocs1-thread000,000840.pdf,fast,C++ native,AFC2,13138,10991,1.195342,16.3419,True,True,8.2081,0.135
govdocs1-thread000,000840.pdf,balanced,C++ native,AFC2,13138,10418,1.261087,20.7033,True,True,20.773,0.1096
govdocs1-thread000,000840.pdf,maximum,C++ native,AFC2,13138,10418,1.261087,20.7033,True,True,33.9242,0.1115
govdocs1-thread000,000841.txt,fast,C++ native,AFC2,8960,5136,1.744548,42.6786,True,True,3.8247,0.0813
govdocs1-thread000,000841.txt,balanced,C++ native,AFC2,8960,4773,1.877226,46.7299,True,True,9.6921,0.0803
govdocs1-thread000,000841.txt,maximum,C++ native,AFC2,8960,4773,1.877226,46.7299,True,True,17.7193,0.0843
govdocs1-thread000,000842.txt,fast,C++ native,AFC2,823,562,1.464413,31.7132,True,True,1.0133,0.0394
govdocs1-thread000,000842.txt,balanced,C++ native,AFC2,823,557,1.477558,32.3208,True,True,2.3869,0.0214
govdocs1-thread000,000842.txt,maximum,C++ native,AFC2,823,557,1.477558,32.3208,True,True,3.9696,0.023
govdocs1-thread000,000843.pdf,fast,C++ native,AFC3,119705,107720,1.111261,10.0121,True,True,684.7838,0.2877
govdocs1-thread000,000843.pdf,balanced,C++ native,AFC3,119705,106498,1.124012,11.033,True,True,755.0587,0.2676
govdocs1-thread000,000843.pdf,maximum,C++ native,AFC3,119705,106407,1.124973,11.109,True,True,867.003,0.2796
govdocs1-thread000,000844.txt,fast,C++ native,AFC2,9163,5104,1.795259,44.2977,True,True,4.2735,0.0916
govdocs1-thread000,000844.txt,balanced,C++ native,AFC2,9163,4712,1.94461,48.5758,True,True,10.8606,0.1033
govdocs1-thread000,000844.txt,maximum,C++ native,AFC2,9163,4712,1.94461,48.5758,True,True,18.8892,0.1016
govdocs1-thread000,000845.swf,fast,C++ native,AFC2,336600,326686,1.030347,2.9453,True,True,85.0705,2.0228
govdocs1-thread000,000845.swf,balanced,C++ native,AFC2,336600,325482,1.034159,3.303,True,True,196.2537,2.1709
govdocs1-thread000,000845.swf,maximum,C++ native,AFC2,336600,325468,1.034203,3.3072,True,True,368.3642,2.3147
govdocs1-thread000,000846.txt,fast,C++ native,AFC2,20699,9855,2.100355,52.389,True,True,8.6953,0.1436
govdocs1-thread000,000846.txt,balanced,C++ native,AFC2,20699,8313,2.489955,59.8386,True,True,21.1608,0.1447
govdocs1-thread000,000846.txt,maximum,C++ native,AFC2,20699,7740,2.674289,62.6069,True,True,38.9414,0.1968
govdocs1-thread000,000847.txt,fast,C++ native,AFC2,33059,14646,2.257203,55.6974,True,True,10.8401,0.2653
govdocs1-thread000,000847.txt,balanced,C++ native,AFC2,33059,12660,2.611295,61.7048,True,True,26.9624,0.2185
govdocs1-thread000,000847.txt,maximum,C++ native,AFC2,33059,12324,2.682489,62.7212,True,True,54.1295,0.2124
govdocs1-thread000,000848.txt,fast,C++ native,AFC2,27934,14190,1.968569,49.2017,True,True,9.4802,0.226
govdocs1-thread000,000848.txt,balanced,C++ native,AFC2,27934,12335,2.264613,55.8423,True,True,26.1563,0.2278
govdocs1-thread000,000848.txt,maximum,C++ native,AFC2,27934,12335,2.264613,55.8423,True,True,51.9663,0.2327
govdocs1-thread000,000849.txt,fast,C++ native,AFC2,40403,20181,2.002032,50.0507,True,True,11.7416,0.4054
govdocs1-thread000,000849.txt,balanced,C++ native,AFC2,40403,17912,2.255639,55.6667,True,True,30.6985,0.3927
govdocs1-thread000,000849.txt,maximum,C++ native,AFC2,40403,17878,2.259928,55.7508,True,True,66.6006,0.3697
govdocs1-thread000,000850.txt,fast,C++ native,AFC2,44597,21521,2.072255,51.7434,True,True,12.7546,0.347
govdocs1-thread000,000850.txt,balanced,C++ native,AFC2,44597,18924,2.356637,57.5667,True,True,36.9115,0.3804
govdocs1-thread000,000850.txt,maximum,C++ native,AFC2,44597,18882,2.361879,57.6608,True,True,76.222,0.3755
govdocs1-thread000,000851.txt,fast,C++ native,AFC2,12507,6311,1.981778,49.5403,True,True,4.3872,0.1194
govdocs1-thread000,000851.txt,balanced,C++ native,AFC2,12507,5659,2.210108,54.7533,True,True,10.4653,0.1196
govdocs1-thread000,000851.txt,maximum,C++ native,AFC2,12507,5659,2.210108,54.7533,True,True,16.366,0.0963
govdocs1-thread000,000852.txt,fast,C++ native,AFC2,16458,8722,1.886953,47.0045,True,True,6.8767,0.1411
govdocs1-thread000,000852.txt,balanced,C++ native,AFC2,16458,7746,2.12471,52.9347,True,True,16.8371,0.1362
govdocs1-thread000,000852.txt,maximum,C++ native,AFC2,16458,7746,2.12471,52.9347,True,True,32.9248,0.1531
govdocs1-thread000,000853.pdf,fast,C++ native,AFC3,456708,432943,1.054892,5.2035,True,True,2765.2414,0.8554
govdocs1-thread000,000853.pdf,balanced,C++ native,AFC3,456708,431180,1.059205,5.5896,True,True,2959.7448,1.1191
govdocs1-thread000,000853.pdf,maximum,C++ native,AFC3,456708,430890,1.059918,5.6531,True,True,3212.3253,1.0225
govdocs1-thread000,000854.pdf,fast,C++ native,AFC3,267421,240833,1.1104,9.9424,True,True,2110.8182,0.503
govdocs1-thread000,000854.pdf,balanced,C++ native,AFC3,267421,238713,1.120262,10.7351,True,True,2483.9966,0.7459
govdocs1-thread000,000854.pdf,maximum,C++ native,AFC3,267421,238661,1.120506,10.7546,True,True,3144.473,0.5971
govdocs1-thread000,000855.txt,fast,C++ native,AFC2,4211,2519,1.671695,40.1805,True,True,2.2654,0.0647
govdocs1-thread000,000855.txt,balanced,C++ native,AFC2,4211,2443,1.7237,41.9853,True,True,6.2096,0.0813
govdocs1-thread000,000855.txt,maximum,C++ native,AFC2,4211,2443,1.7237,41.9853,True,True,10.4643,0.065
govdocs1-thread000,000856.txt,fast,C++ native,AFC2,3872,2300,1.683478,40.5992,True,True,2.4655,0.0621
govdocs1-thread000,000856.txt,balanced,C++ native,AFC2,3872,2186,1.771272,43.5434,True,True,5.9002,0.0676
govdocs1-thread000,000856.txt,maximum,C++ native,AFC2,3872,2186,1.771272,43.5434,True,True,9.8506,0.0921
govdocs1-thread000,000857.txt,fast,C++ native,AFC2,58343,29475,1.979406,49.4798,True,True,15.2467,0.5205
govdocs1-thread000,000857.txt,balanced,C++ native,AFC2,58343,26011,2.243013,55.4171,True,True,41.1395,0.468
govdocs1-thread000,000857.txt,maximum,C++ native,AFC2,58343,25972,2.246381,55.4839,True,True,94.7172,0.5286
govdocs1-thread000,000858.txt,fast,C++ native,AFC2,186576,62636,2.978734,66.4287,True,True,21.7396,0.9119
govdocs1-thread000,000858.txt,balanced,C++ native,AFC2,186576,53014,3.519372,71.5858,True,True,54.1354,0.7996
govdocs1-thread000,000858.txt,maximum,C++ native,AFC2,186576,51232,3.641786,72.5409,True,True,127.2103,0.8949
govdocs1-thread000,000859.pdf,fast,C++ native,AFC6,4119909,2323993,1.772772,43.5912,True,True,5929.8831,33.8997
govdocs1-thread000,000859.pdf,balanced,C++ native,AFC2,4119909,2165863,1.902202,47.4293,True,True,6750.3731,14.8875
govdocs1-thread000,000859.pdf,maximum,C++ native,AFC2,4119909,2149727,1.91648,47.821,True,True,8304.8791,14.0495
govdocs1-thread000,000860.txt,fast,C++ native,AFC2,43436,21759,1.996231,49.9056,True,True,13.2106,0.3218
govdocs1-thread000,000860.txt,balanced,C++ native,AFC2,43436,19134,2.270095,55.949,True,True,33.9816,0.4302
govdocs1-thread000,000860.txt,maximum,C++ native,AFC2,43436,19134,2.270095,55.949,True,True,79.1501,0.3643
govdocs1-thread000,000861.txt,fast,C++ native,AFC2,36197,16690,2.168784,53.8912,True,True,11.2483,0.3079
govdocs1-thread000,000861.txt,balanced,C++ native,AFC2,36197,14684,2.465064,59.4331,True,True,31.7996,0.2483
govdocs1-thread000,000861.txt,maximum,C++ native,AFC2,36197,14671,2.467248,59.469,True,True,56.6791,0.315
govdocs1-thread000,000862.txt,fast,C++ native,AFC2,19449,10292,1.88972,47.0821,True,True,6.6188,0.2397
govdocs1-thread000,000862.txt,balanced,C++ native,AFC2,19449,9264,2.099417,52.3677,True,True,21.144,0.2059
govdocs1-thread000,000862.txt,maximum,C++ native,AFC2,19449,9262,2.09987,52.378,True,True,36.9274,0.1852
govdocs1-thread000,000863.txt,fast,C++ native,AFC2,56582,28282,2.000636,50.0159,True,True,15.7231,0.4313
govdocs1-thread000,000863.txt,balanced,C++ native,AFC2,56582,24642,2.296161,56.449,True,True,49.1578,0.3331
govdocs1-thread000,000863.txt,maximum,C++ native,AFC2,56582,24642,2.296161,56.449,True,True,88.9223,0.3639
govdocs1-thread000,000864.txt,fast,C++ native,AFC2,21704,9196,2.360157,57.6299,True,True,7.145,0.1853
govdocs1-thread000,000864.txt,balanced,C++ native,AFC2,21704,7544,2.876988,65.2414,True,True,20.5391,0.1548
govdocs1-thread000,000864.txt,maximum,C++ native,AFC2,21704,7410,2.929015,65.8588,True,True,36.8296,0.1694
govdocs1-thread000,000865.gz,fast,C++ native,AFC2,266146,254133,1.047271,4.5137,True,True,73.5526,1.8885
govdocs1-thread000,000865.gz,balanced,C++ native,AFC2,266146,252100,1.055716,5.2776,True,True,179.7951,1.9133
govdocs1-thread000,000865.gz,maximum,C++ native,AFC2,266146,252092,1.055749,5.2806,True,True,333.955,1.7644
govdocs1-thread000,000866.txt,fast,C++ native,AFC2,68396,24259,2.819407,64.5316,True,True,12.8598,0.3898
govdocs1-thread000,000866.txt,balanced,C++ native,AFC2,68396,21420,3.193091,68.6824,True,True,26.8747,0.36
govdocs1-thread000,000866.txt,maximum,C++ native,AFC2,68396,19861,3.443734,70.9618,True,True,51.9141,0.352
govdocs1-thread000,000867.jpg,fast,C++ native,AFC1,25745,25753,0.999689,-0.0311,True,True,8.1296,0.0114
govdocs1-thread000,000867.jpg,balanced,C++ native,AFC1,25745,25753,0.999689,-0.0311,True,True,16.8972,0.0396
govdocs1-thread000,000867.jpg,maximum,C++ native,AFC1,25745,25753,0.999689,-0.0311,True,True,33.0107,0.0295
govdocs1-thread000,000868.jpg,fast,C++ native,AFC1,25831,25839,0.99969,-0.031,True,True,8.7091,0.0251
govdocs1-thread000,000868.jpg,balanced,C++ native,AFC1,25831,25839,0.99969,-0.031,True,True,20.367,0.0334
govdocs1-thread000,000868.jpg,maximum,C++ native,AFC1,25831,25839,0.99969,-0.031,True,True,31.6924,0.0247
govdocs1-thread000,000869.jpg,fast,C++ native,AFC1,5143,5150,0.998641,-0.1361,True,True,2.9306,0.0201
govdocs1-thread000,000869.jpg,balanced,C++ native,AFC1,5143,5150,0.998641,-0.1361,True,True,7.0427,0.0125
govdocs1-thread000,000869.jpg,maximum,C++ native,AFC1,5143,5150,0.998641,-0.1361,True,True,10.3688,0.0128
govdocs1-thread000,000870.jpg,fast,C++ native,AFC1,145826,145834,0.999945,-0.0055,True,True,35.8794,0.0285
govdocs1-thread000,000870.jpg,balanced,C++ native,AFC1,145826,145834,0.999945,-0.0055,True,True,69.1193,0.0329
govdocs1-thread000,000870.jpg,maximum,C++ native,AFC1,145826,145834,0.999945,-0.0055,True,True,109.1253,0.0813
govdocs1-thread000,000871.jpg,fast,C++ native,AFC1,12657,12664,0.999447,-0.0553,True,True,5.8566,0.026
govdocs1-thread000,000871.jpg,balanced,C++ native,AFC1,12657,12664,0.999447,-0.0553,True,True,11.1263,0.0144
govdocs1-thread000,000871.jpg,maximum,C++ native,AFC1,12657,12664,0.999447,-0.0553,True,True,19.3326,0.0152
govdocs1-thread000,000872.jpg,fast,C++ native,AFC2,73959,73483,1.006478,0.6436,True,True,17.8315,0.4002
govdocs1-thread000,000872.jpg,balanced,C++ native,AFC2,73959,73245,1.009748,0.9654,True,True,36.5808,0.4337
govdocs1-thread000,000872.jpg,maximum,C++ native,AFC2,73959,73245,1.009748,0.9654,True,True,56.66,0.5971
govdocs1-thread000,000873.jpg,fast,C++ native,AFC1,34755,34763,0.99977,-0.023,True,True,10.8518,0.0342
govdocs1-thread000,000873.jpg,balanced,C++ native,AFC1,34755,34763,0.99977,-0.023,True,True,21.8864,0.0308
govdocs1-thread000,000873.jpg,maximum,C++ native,AFC1,34755,34763,0.99977,-0.023,True,True,38.0661,0.0195
govdocs1-thread000,000874.jpg,fast,C++ native,AFC1,5726,5733,0.998779,-0.1222,True,True,2.5279,0.0107
govdocs1-thread000,000874.jpg,balanced,C++ native,AFC1,5726,5733,0.998779,-0.1222,True,True,6.461,0.0115
govdocs1-thread000,000874.jpg,maximum,C++ native,AFC1,5726,5733,0.998779,-0.1222,True,True,14.3484,0.0134
govdocs1-thread000,000875.html,fast,C++ native,AFC2,17105,6523,2.62226,61.865,True,True,6.4871,0.111
govdocs1-thread000,000875.html,balanced,C++ native,AFC2,17105,5635,3.035492,67.0564,True,True,17.0483,0.1237
govdocs1-thread000,000875.html,maximum,C++ native,AFC2,17105,5413,3.159985,68.3543,True,True,32.9034,0.1446
govdocs1-thread000,000876.jpg,fast,C++ native,AFC1,1234732,1234740,0.999994,-0.0006,True,True,262.3856,0.1982
govdocs1-thread000,000876.jpg,balanced,C++ native,AFC1,1234732,1234740,0.999994,-0.0006,True,True,706.6659,0.4539
govdocs1-thread000,000876.jpg,maximum,C++ native,AFC1,1234732,1234740,0.999994,-0.0006,True,True,1631.1431,0.3712
govdocs1-thread000,000877.html,fast,C++ native,AFC2,65798,23199,2.836243,64.7421,True,True,10.6765,0.3263
govdocs1-thread000,000877.html,balanced,C++ native,AFC2,65798,18243,3.606753,72.2742,True,True,23.8116,0.2847
govdocs1-thread000,000877.html,maximum,C++ native,AFC2,65798,17403,3.780842,73.5509,True,True,40.6708,0.3035
govdocs1-thread000,000878.pdf,fast,C++ native,AFC3,47134,42551,1.107706,9.7233,True,True,48.9873,0.1862
govdocs1-thread000,000878.pdf,balanced,C++ native,AFC3,47134,41911,1.124621,11.0812,True,True,78.7137,0.1774
govdocs1-thread000,000878.pdf,maximum,C++ native,AFC3,47134,41911,1.124621,11.0812,True,True,116.9451,0.1933
govdocs1-thread000,000879.jpg,fast,C++ native,AFC1,994547,994555,0.999992,-0.0008,True,True,232.2458,0.2558
govdocs1-thread000,000879.jpg,balanced,C++ native,AFC1,994547,994555,0.999992,-0.0008,True,True,629.1592,0.1892
govdocs1-thread000,000879.jpg,maximum,C++ native,AFC1,994547,994555,0.999992,-0.0008,True,True,1309.991,1.2219
govdocs1-thread000,000880.jpg,fast,C++ native,AFC1,109152,109160,0.999927,-0.0073,True,True,22.294,0.0413
govdocs1-thread000,000880.jpg,balanced,C++ native,AFC1,109152,109160,0.999927,-0.0073,True,True,38.6763,0.0265
govdocs1-thread000,000880.jpg,maximum,C++ native,AFC1,109152,109160,0.999927,-0.0073,True,True,64.2854,0.0548
govdocs1-thread000,000881.jpg,fast,C++ native,AFC2,130944,122668,1.067467,6.3203,True,True,24.5558,0.8593
govdocs1-thread000,000881.jpg,balanced,C++ native,AFC2,130944,121324,1.079292,7.3467,True,True,62.096,0.8389
govdocs1-thread000,000881.jpg,maximum,C++ native,AFC2,130944,121318,1.079345,7.3512,True,True,109.5761,0.8655
govdocs1-thread000,000882.pdf,fast,C++ native,AFC3,19607,15971,1.227663,18.5444,True,True,128.6489,0.1642
govdocs1-thread000,000882.pdf,balanced,C++ native,AFC3,19607,15598,1.25702,20.4468,True,True,176.5762,0.1217
govdocs1-thread000,000882.pdf,maximum,C++ native,AFC3,19607,15598,1.25702,20.4468,True,True,271.1701,0.127
govdocs1-thread000,000883.jpg,fast,C++ native,AFC1,57816,57824,0.999862,-0.0138,True,True,15.7436,0.0143
govdocs1-thread000,000883.jpg,balanced,C++ native,AFC1,57816,57824,0.999862,-0.0138,True,True,33.0945,0.0373
govdocs1-thread000,000883.jpg,maximum,C++ native,AFC1,57816,57824,0.999862,-0.0138,True,True,57.245,0.0413
govdocs1-thread000,000884.jpg,fast,C++ native,AFC2,103940,103355,1.00566,0.5628,True,True,21.928,0.6353
govdocs1-thread000,000884.jpg,balanced,C++ native,AFC2,103940,103092,1.008226,0.8159,True,True,47.7362,0.6588
govdocs1-thread000,000884.jpg,maximum,C++ native,AFC2,103940,103092,1.008226,0.8159,True,True,70.9415,0.645
govdocs1-thread000,000885.pdf,fast,C++ native,AFC3,52185,42029,1.241643,19.4615,True,True,189.8171,0.2769
govdocs1-thread000,000885.pdf,balanced,C++ native,AFC3,52185,40194,1.298328,22.9779,True,True,251.2005,0.2218
govdocs1-thread000,000885.pdf,maximum,C++ native,AFC3,52185,40107,1.301144,23.1446,True,True,380.3324,0.2331
govdocs1-thread000,000886.pdf,fast,C++ native,AFC3,376076,358411,1.049287,4.6972,True,True,42.9879,0.4923
govdocs1-thread000,000886.pdf,balanced,C++ native,AFC3,376076,355683,1.057335,5.4226,True,True,65.1756,0.4471
govdocs1-thread000,000886.pdf,maximum,C++ native,AFC3,376076,355683,1.057335,5.4226,True,True,96.424,0.5469
govdocs1-thread000,000887.pdf,fast,C++ native,AFC3,1307071,1199938,1.089282,8.1964,True,True,2204.6592,2.4059
govdocs1-thread000,000887.pdf,balanced,C++ native,AFC3,1307071,1195559,1.093272,8.5314,True,True,2620.4855,3.4762
govdocs1-thread000,000887.pdf,maximum,C++ native,AFC3,1307071,1195559,1.093272,8.5314,True,True,3278.2467,3.9271
govdocs1-thread000,000888.jpg,fast,C++ native,AFC2,2723425,2709183,1.005257,0.5229,True,True,327.8459,16.8058
govdocs1-thread000,000888.jpg,balanced,C++ native,AFC2,2723425,2707141,1.006015,0.5979,True,True,883.5856,16.8371
govdocs1-thread000,000888.jpg,maximum,C++ native,AFC2,2723425,2707141,1.006015,0.5979,True,True,2545.1543,16.5806
govdocs1-thread000,000889.jpg,fast,C++ native,AFC2,48406,47563,1.017724,1.7415,True,True,15.8254,0.2742
govdocs1-thread000,000889.jpg,balanced,C++ native,AFC2,48406,47470,1.019718,1.9336,True,True,32.4357,0.3369
govdocs1-thread000,000889.jpg,maximum,C++ native,AFC2,48406,47470,1.019718,1.9336,True,True,49.3929,0.3127
govdocs1-thread000,000890.jpg,fast,C++ native,AFC2,21392,21102,1.013743,1.3556,True,True,7.4425,0.1678
govdocs1-thread000,000890.jpg,balanced,C++ native,AFC2,21392,20964,1.020416,2.0007,True,True,19.4595,0.1624
govdocs1-thread000,000890.jpg,maximum,C++ native,AFC2,21392,20964,1.020416,2.0007,True,True,33.4533,0.1345
govdocs1-thread000,000891.html,fast,C++ native,AFC2,22226,11927,1.863503,46.3376,True,True,8.5054,0.1596
govdocs1-thread000,000891.html,balanced,C++ native,AFC2,22226,10522,2.112336,52.659,True,True,23.6254,0.1744
govdocs1-thread000,000891.html,maximum,C++ native,AFC2,22226,10507,2.115352,52.7265,True,True,47.7378,0.1877
govdocs1-thread000,000892.html,fast,C++ native,AFC2,18395,10066,1.827439,45.2786,True,True,7.1669,0.2015
govdocs1-thread000,000892.html,balanced,C++ native,AFC2,18395,8825,2.084419,52.025,True,True,19.7936,0.1453
govdocs1-thread000,000892.html,maximum,C++ native,AFC2,18395,8825,2.084419,52.025,True,True,35.7512,0.1178
govdocs1-thread000,000893.html,fast,C++ native,AFC2,28262,14348,1.969752,49.2322,True,True,9.9294,0.3117
govdocs1-thread000,000893.html,balanced,C++ native,AFC2,28262,12427,2.274242,56.0293,True,True,29.3745,0.294
govdocs1-thread000,000893.html,maximum,C++ native,AFC2,28262,12303,2.297163,56.468,True,True,55.6119,0.254
govdocs1-thread000,000894.html,fast,C++ native,AFC2,21757,11296,1.92608,48.0811,True,True,8.4759,0.2046
govdocs1-thread000,000894.html,balanced,C++ native,AFC2,21757,10101,2.153945,53.5736,True,True,23.4777,0.2022
govdocs1-thread000,000894.html,maximum,C++ native,AFC2,21757,10042,2.1666,53.8447,True,True,44.4585,0.1738
govdocs1-thread000,000895.html,fast,C++ native,AFC2,36204,18516,1.955282,48.8565,True,True,11.1041,0.4617
govdocs1-thread000,000895.html,balanced,C++ native,AFC2,36204,16298,2.221377,54.9829,True,True,29.0446,0.2559
govdocs1-thread000,000895.html,maximum,C++ native,AFC2,36204,16235,2.229997,55.1569,True,True,73.5398,0.3491
govdocs1-thread000,000896.jpg,fast,C++ native,AFC2,24174,23681,1.020818,2.0394,True,True,8.8421,0.1434
govdocs1-thread000,000896.jpg,balanced,C++ native,AFC2,24174,23566,1.0258,2.5151,True,True,19.2637,0.1388
govdocs1-thread000,000896.jpg,maximum,C++ native,AFC2,24174,23566,1.0258,2.5151,True,True,35.688,0.1531
govdocs1-thread000,000897.jpg,fast,C++ native,AFC2,57596,44772,1.286429,22.2654,True,True,14.9071,0.3465
govdocs1-thread000,000897.jpg,balanced,C++ native,AFC2,57596,44772,1.286429,22.2654,True,True,35.9637,0.3885
govdocs1-thread000,000897.jpg,maximum,C++ native,AFC2,57596,44588,1.291738,22.5849,True,True,66.8681,0.385
govdocs1-thread000,000898.html,fast,C++ native,AFC2,22593,12889,1.75289,42.9514,True,True,8.7107,0.1843
govdocs1-thread000,000898.html,balanced,C++ native,AFC2,22593,11428,1.976986,49.418,True,True,24.8572,0.1791
govdocs1-thread000,000898.html,maximum,C++ native,AFC2,22593,11422,1.978025,49.4445,True,True,60.4014,0.1636
govdocs1-thread000,000899.pdf,fast,C++ native,AFC3,135640,114310,1.186598,15.7254,True,True,698.2362,0.3443
govdocs1-thread000,000899.pdf,balanced,C++ native,AFC3,135640,112436,1.206375,17.107,True,True,797.0664,0.3475
govdocs1-thread000,000899.pdf,maximum,C++ native,AFC3,135640,112240,1.208482,17.2515,True,True,935.3994,0.3984
govdocs1-thread000,000900.jpg,fast,C++ native,AFC1,17267,17275,0.999537,-0.0463,True,True,6.6329,0.0188
govdocs1-thread000,000900.jpg,balanced,C++ native,AFC1,17267,17275,0.999537,-0.0463,True,True,14.2555,0.0115
govdocs1-thread000,000900.jpg,maximum,C++ native,AFC1,17267,17275,0.999537,-0.0463,True,True,28.8911,0.0275
govdocs1-thread000,000901.pdf,fast,C++ native,AFC3,24248,19355,1.252803,20.179,True,True,18.0034,0.1915
govdocs1-thread000,000901.pdf,balanced,C++ native,AFC3,24248,18587,1.304568,23.3463,True,True,38.6219,0.1382
govdocs1-thread000,000901.pdf,maximum,C++ native,AFC3,24248,18461,1.313472,23.8659,True,True,72.1277,0.1543
govdocs1-thread000,000902.jpg,fast,C++ native,AFC2,29629,29124,1.01734,1.7044,True,True,9.8212,0.2662
govdocs1-thread000,000902.jpg,balanced,C++ native,AFC2,29629,28971,1.022712,2.2208,True,True,25.2119,0.1602
govdocs1-thread000,000902.jpg,maximum,C++ native,AFC2,29629,28971,1.022712,2.2208,True,True,41.9042,0.1907
govdocs1-thread000,000903.jpg,fast,C++ native,AFC1,99121,99129,0.999919,-0.0081,True,True,22.1025,0.0237
govdocs1-thread000,000903.jpg,balanced,C++ native,AFC1,99121,99129,0.999919,-0.0081,True,True,37.6916,0.0395
govdocs1-thread000,000903.jpg,maximum,C++ native,AFC1,99121,99129,0.999919,-0.0081,True,True,60.4047,0.047
govdocs1-thread000,000904.pdf,fast,C++ native,AFC2,320888,268125,1.196785,16.4428,True,True,99.2548,1.8881
govdocs1-thread000,000904.pdf,balanced,C++ native,AFC2,320888,264652,1.21249,17.5251,True,True,187.3385,2.0558
govdocs1-thread000,000904.pdf,maximum,C++ native,AFC2,320888,262043,1.224562,18.3382,True,True,334.0834,2.143
govdocs1-thread000,000905.jpg,fast,C++ native,AFC1,9322,9329,0.99925,-0.0751,True,True,4.8266,0.0109
govdocs1-thread000,000905.jpg,balanced,C++ native,AFC1,9322,9329,0.99925,-0.0751,True,True,11.5885,0.0107
govdocs1-thread000,000905.jpg,maximum,C++ native,AFC1,9322,9329,0.99925,-0.0751,True,True,17.7135,0.0193
govdocs1-thread000,000906.jpg,fast,C++ native,AFC2,17571,17502,1.003942,0.3927,True,True,7.6073,0.1292
govdocs1-thread000,000906.jpg,balanced,C++ native,AFC2,17571,17493,1.004459,0.4439,True,True,16.9497,0.1194
govdocs1-thread000,000906.jpg,maximum,C++ native,AFC2,17571,17493,1.004459,0.4439,True,True,30.0436,0.1436
govdocs1-thread000,000907.html,fast,C++ native,AFC2,37497,18782,1.996433,49.9107,True,True,11.4834,0.3522
govdocs1-thread000,000907.html,balanced,C++ native,AFC2,37497,15455,2.426205,58.7834,True,True,29.3102,0.2926
govdocs1-thread000,000907.html,maximum,C++ native,AFC2,37497,15455,2.426205,58.7834,True,True,55.8215,0.2858
govdocs1-thread000,000908.jpg,fast,C++ native,AFC1,12412,12419,0.999436,-0.0564,True,True,5.1586,0.0153
govdocs1-thread000,000908.jpg,balanced,C++ native,AFC1,12412,12419,0.999436,-0.0564,True,True,10.7266,0.0133
govdocs1-thread000,000908.jpg,maximum,C++ native,AFC1,12412,12419,0.999436,-0.0564,True,True,17.2834,0.02
govdocs1-thread000,000909.jpg,fast,C++ native,AFC1,9906,9913,0.999294,-0.0707,True,True,3.5592,0.0101
govdocs1-thread000,000909.jpg,balanced,C++ native,AFC1,9906,9913,0.999294,-0.0707,True,True,8.9169,0.011
govdocs1-thread000,000909.jpg,maximum,C++ native,AFC1,9906,9913,0.999294,-0.0707,True,True,15.9156,0.0228
govdocs1-thread000,000910.jpg,fast,C++ native,AFC1,35942,35950,0.999777,-0.0223,True,True,12.272,0.0211
govdocs1-thread000,000910.jpg,balanced,C++ native,AFC1,35942,35950,0.999777,-0.0223,True,True,26.9974,0.0242
govdocs1-thread000,000910.jpg,maximum,C++ native,AFC1,35942,35950,0.999777,-0.0223,True,True,40.4633,0.0304
govdocs1-thread000,000911.doc,fast,C++ native,AFC2,46080,16493,2.793913,64.2079,True,True,10.0506,0.2864
govdocs1-thread000,000911.doc,balanced,C++ native,AFC2,46080,14926,3.08723,67.6085,True,True,28.823,0.2239
govdocs1-thread000,000911.doc,maximum,C++ native,AFC2,46080,14702,3.134267,68.0946,True,True,55.9328,0.241
govdocs1-thread000,000912.jpg,fast,C++ native,AFC1,14692,14699,0.999524,-0.0476,True,True,5.2383,0.017
govdocs1-thread000,000912.jpg,balanced,C++ native,AFC1,14692,14699,0.999524,-0.0476,True,True,10.7173,0.0143
govdocs1-thread000,000912.jpg,maximum,C++ native,AFC1,14692,14699,0.999524,-0.0476,True,True,21.3928,0.0228
govdocs1-thread000,000913.doc,fast,C++ native,AFC2,174592,69441,2.51425,60.2267,True,True,21.364,0.8946
govdocs1-thread000,000913.doc,balanced,C++ native,AFC2,174592,63518,2.748701,63.6192,True,True,54.5329,0.7861
govdocs1-thread000,000913.doc,maximum,C++ native,AFC2,174592,62273,2.803655,64.3323,True,True,115.333,1.0056
govdocs1-thread000,000916.html,fast,C++ native,AFC2,9902,5558,1.781576,43.8699,True,True,3.9033,0.0969
govdocs1-thread000,000916.html,balanced,C++ native,AFC2,9902,4625,2.140973,53.2923,True,True,10.5369,0.0747
govdocs1-thread000,000916.html,maximum,C++ native,AFC2,9902,4625,2.140973,53.2923,True,True,15.8858,0.0988
govdocs1-thread000,000917.html,fast,C++ native,AFC2,90363,29578,3.055075,67.2676,True,True,11.2472,0.3562
govdocs1-thread000,000917.html,balanced,C++ native,AFC2,90363,25723,3.512926,71.5337,True,True,28.6483,0.368
govdocs1-thread000,000917.html,maximum,C++ native,AFC2,90363,22809,3.961726,74.7585,True,True,54.2878,0.2412
govdocs1-thread000,000918.html,fast,C++ native,AFC2,60120,26344,2.282114,56.181,True,True,13.7328,0.4413
govdocs1-thread000,000918.html,balanced,C++ native,AFC2,60120,23045,2.608809,61.6683,True,True,40.1978,0.3529
govdocs1-thread000,000918.html,maximum,C++ native,AFC2,60120,22480,2.674377,62.6081,True,True,84.1496,0.3296
govdocs1-thread000,000919.html,fast,C++ native,AFC2,36522,14970,2.439679,59.011,True,True,9.8066,0.2438
govdocs1-thread000,000919.html,balanced,C++ native,AFC2,36522,12229,2.986507,66.5161,True,True,27.963,0.2208
govdocs1-thread000,000919.html,maximum,C++ native,AFC2,36522,12122,3.012869,66.809,True,True,57.473,0.2142
govdocs1-thread000,000920.txt,fast,C++ native,AFC2,3302465,661645,4.991294,79.9651,True,True,102.8045,8.6086
govdocs1-thread000,000920.txt,balanced,C++ native,AFC2,3302465,579093,5.702823,82.4648,True,True,415.4924,7.3484
govdocs1-thread000,000920.txt,maximum,C++ native,AFC2,3302465,571495,5.778642,82.6949,True,True,1059.869,6.2214
govdocs1-thread000,000921.txt,fast,C++ native,AFC2,547799,136467,4.01415,75.0881,True,True,51.373,1.4904
govdocs1-thread000,000921.txt,balanced,C++ native,AFC2,547799,120852,4.532809,77.9386,True,True,118.2023,1.3641
govdocs1-thread000,000921.txt,maximum,C++ native,AFC2,547799,120852,4.532809,77.9386,True,True,262.2567,1.3387
govdocs1-thread000,000922.java,fast,C++ native,AFC2,14152,5506,2.570287,61.0938,True,True,4.6379,0.1527
govdocs1-thread000,000922.java,balanced,C++ native,AFC2,14152,4966,2.849778,64.9096,True,True,13.093,0.0844
govdocs1-thread000,000922.java,maximum,C++ native,AFC2,14152,4966,2.849778,64.9096,True,True,20.8605,0.0884
govdocs1-thread000,000923.xml,fast,C++ native,AFC2,13498,5585,2.416831,58.6235,True,True,4.4886,0.1044
govdocs1-thread000,000923.xml,balanced,C++ native,AFC2,13498,3817,3.536285,71.7217,True,True,10.8976,0.0624
govdocs1-thread000,000923.xml,maximum,C++ native,AFC2,13498,3817,3.536285,71.7217,True,True,19.4903,0.0674
govdocs1-thread000,000924.txt,fast,C++ native,AFC2,5799402,2372179,2.444757,59.0961,True,True,389.0825,25.8596
govdocs1-thread000,000924.txt,balanced,C++ native,AFC2,5799402,2266342,2.558926,60.9211,True,True,1142.2082,23.171
govdocs1-thread000,000924.txt,maximum,C++ native,AFC2,5799402,2242397,2.586251,61.334,True,True,4953.9579,24.7243
govdocs1-thread000,000925.txt,fast,C++ native,AFC2,501907,168804,2.973312,66.3675,True,True,66.6623,2.1647
govdocs1-thread000,000925.txt,balanced,C++ native,AFC2,501907,154196,3.254994,69.278,True,True,185.0778,2.0358
govdocs1-thread000,000925.txt,maximum,C++ native,AFC2,501907,149283,3.362118,70.2568,True,True,352.074,2.2671
govdocs1-thread000,000926.txt,fast,C++ native,AFC2,226440,85887,2.636487,62.0707,True,True,37.3385,1.7006
govdocs1-thread000,000926.txt,balanced,C++ native,AFC2,226440,76699,2.95232,66.1283,True,True,92.4764,1.3426
govdocs1-thread000,000926.txt,maximum,C++ native,AFC2,226440,75909,2.983045,66.4772,True,True,185.5402,1.3484
govdocs1-thread000,000927.txt,fast,C++ native,AFC2,501907,167000,3.005431,66.7269,True,True,63.1181,2.0234
govdocs1-thread000,000927.txt,balanced,C++ native,AFC2,501907,154862,3.240995,69.1453,True,True,166.3576,2.2706
govdocs1-thread000,000927.txt,maximum,C++ native,AFC2,501907,149934,3.34752,70.1271,True,True,360.1328,2.1601
govdocs1-thread000,000928.txt,fast,C++ native,AFC2,262808,100998,2.602111,61.5697,True,True,42.956,1.7707
govdocs1-thread000,000928.txt,balanced,C++ native,AFC2,262808,92926,2.828143,64.6411,True,True,113.3674,1.6176
govdocs1-thread000,000928.txt,maximum,C++ native,AFC2,262808,92501,2.841137,64.8028,True,True,200.6254,1.3459
govdocs1-thread000,000929.txt,fast,C++ native,AFC2,356264,125547,2.837694,64.7601,True,True,50.1111,2.1048
govdocs1-thread000,000929.txt,balanced,C++ native,AFC2,356264,106359,3.349637,70.146,True,True,126.5863,1.6236
govdocs1-thread000,000929.txt,maximum,C++ native,AFC2,356264,104972,3.393896,70.5353,True,True,277.3511,1.4694
govdocs1-thread000,000930.txt,fast,C++ native,AFC2,422950,124062,3.409183,70.6675,True,True,44.9334,1.8095
govdocs1-thread000,000930.txt,balanced,C++ native,AFC2,422950,116650,3.625804,72.4199,True,True,124.1187,1.7127
govdocs1-thread000,000930.txt,maximum,C++ native,AFC2,422950,115864,3.6504,72.6057,True,True,267.1643,1.6533
govdocs1-thread000,000931.txt,fast,C++ native,AFC2,836423,274590,3.04608,67.1709,True,True,91.5651,3.6135
govdocs1-thread000,000931.txt,balanced,C++ native,AFC2,836423,245326,3.409435,70.6696,True,True,222.5421,3.6767
govdocs1-thread000,000931.txt,maximum,C++ native,AFC2,836423,242005,3.456222,71.0667,True,True,469.9378,3.7566
govdocs1-thread000,000932.txt,fast,C++ native,AFC2,913990,286501,3.190181,68.6538,True,True,97.4697,4.2348
govdocs1-thread000,000932.txt,balanced,C++ native,AFC2,913990,253456,3.606109,72.2693,True,True,221.4863,3.5774
govdocs1-thread000,000932.txt,maximum,C++ native,AFC2,913990,249726,3.659971,72.6774,True,True,482.7744,4.0397
govdocs1-thread000,000933.txt,fast,C++ native,AFC2,1640607,570737,2.874541,65.2118,True,True,216.2305,9.2033
govdocs1-thread000,000933.txt,balanced,C++ native,AFC2,1640607,542948,3.021665,66.9057,True,True,517.0867,8.7604
govdocs1-thread000,000933.txt,maximum,C++ native,AFC2,1640607,542527,3.02401,66.9313,True,True,1116.206,8.356
govdocs1-thread000,000934.txt,fast,C++ native,AFC2,1165752,481063,2.423283,58.7337,True,True,188.9225,7.1573
govdocs1-thread000,000934.txt,balanced,C++ native,AFC2,1165752,450881,2.585498,61.3227,True,True,466.9897,5.7409
govdocs1-thread000,000934.txt,maximum,C++ native,AFC2,1165752,446794,2.609149,61.6733,True,True,951.5798,6.2814
govdocs1-thread000,000935.txt,fast,C++ native,AFC2,126412,59981,2.107534,52.5512,True,True,24.3363,0.9065
govdocs1-thread000,000935.txt,balanced,C++ native,AFC2,126412,57307,2.205874,54.6665,True,True,45.2008,0.7782
govdocs1-thread000,000935.txt,maximum,C++ native,AFC2,126412,57307,2.205874,54.6665,True,True,86.1542,0.6418
govdocs1-thread000,000936.txt,fast,C++ native,AFC2,282052,57962,4.866154,79.4499,True,True,21.9041,0.979
govdocs1-thread000,000936.txt,balanced,C++ native,AFC2,282052,53234,5.298343,81.1262,True,True,59.4482,0.8192
govdocs1-thread000,000936.txt,maximum,C++ native,AFC2,282052,53234,5.298343,81.1262,True,True,130.0275,0.9218
govdocs1-thread000,000937.txt,fast,C++ native,AFC2,300289,107577,2.791387,64.1755,True,True,39.5811,1.5581
govdocs1-thread000,000937.txt,balanced,C++ native,AFC2,300289,95117,3.157049,68.3248,True,True,96.0654,1.4214
govdocs1-thread000,000937.txt,maximum,C++ native,AFC2,300289,93499,3.211681,68.8637,True,True,218.322,1.6164
govdocs1-thread000,000938.txt,fast,C++ native,AFC2,29393421,11844775,2.481552,59.7026,True,True,2049.534,134.7515
govdocs1-thread000,000938.txt,balanced,C++ native,AFC2,29393421,11548107,2.545302,60.7119,True,True,9780.2538,143.4192
govdocs1-thread000,000938.txt,maximum,C++ native,AFC2,29393421,11121287,2.642987,62.164,True,True,30249.0647,111.4876
govdocs1-thread000,000939.txt,fast,C++ native,AFC2,119678,56204,2.12935,53.0373,True,True,21.7148,0.7376
govdocs1-thread000,000939.txt,balanced,C++ native,AFC2,119678,53252,2.24739,55.5039,True,True,46.6032,0.6671
govdocs1-thread000,000939.txt,maximum,C++ native,AFC2,119678,53163,2.251152,55.5783,True,True,86.2333,0.6674
govdocs1-thread000,000940.txt,fast,C++ native,AFC2,167487,70776,2.366438,57.7424,True,True,25.5682,0.698
govdocs1-thread000,000940.txt,balanced,C++ native,AFC2,167487,62130,2.695751,62.9046,True,True,65.2341,1.0027
govdocs1-thread000,000940.txt,maximum,C++ native,AFC2,167487,61769,2.711506,63.1201,True,True,128.8245,0.9263
govdocs1-thread000,000941.txt,fast,C++ native,AFC2,437315,178795,2.445902,59.1153,True,True,66.2917,2.1747
govdocs1-thread000,000941.txt,balanced,C++ native,AFC2,437315,160283,2.728393,63.3484,True,True,173.727,1.9562
govdocs1-thread000,000941.txt,maximum,C++ native,AFC2,437315,158490,2.759259,63.7584,True,True,352.7057,1.9127
govdocs1-thread000,000942.txt,fast,C++ native,AFC2,425167,171050,2.48563,59.7687,True,True,68.3968,2.9813
govdocs1-thread000,000942.txt,balanced,C++ native,AFC2,425167,162878,2.61034,61.6908,True,True,178.1252,2.6191
govdocs1-thread000,000942.txt,maximum,C++ native,AFC2,425167,162878,2.61034,61.6908,True,True,357.9371,2.4061
govdocs1-thread000,000943.pdf,fast,C++ native,AFC2,51770,39647,1.305773,23.417,True,True,16.5357,0.3942
govdocs1-thread000,000943.pdf,balanced,C++ native,AFC2,51770,39116,1.323499,24.4427,True,True,36.1355,0.3803
govdocs1-thread000,000943.pdf,maximum,C++ native,AFC2,51770,39116,1.323499,24.4427,True,True,55.8189,0.3821
govdocs1-thread000,000944.doc,fast,C++ native,AFC2,571904,296714,1.927459,48.1182,True,True,60.4805,2.2884
govdocs1-thread000,000944.doc,balanced,C++ native,AFC2,571904,279616,2.045319,51.1079,True,True,168.2362,2.5569
govdocs1-thread000,000944.doc,maximum,C++ native,AFC2,571904,273289,2.092671,52.2142,True,True,370.0709,2.4746
govdocs1-thread000,000945.pdf,fast,C++ native,AFC3,29269,23321,1.255049,20.3218,True,True,90.1196,0.1487
govdocs1-thread000,000945.pdf,balanced,C++ native,AFC3,29269,22427,1.305079,23.3763,True,True,115.0562,0.1778
govdocs1-thread000,000945.pdf,maximum,C++ native,AFC3,29269,22118,1.323311,24.432,True,True,153.2121,0.1608
govdocs1-thread000,000946.doc,fast,C++ native,AFC2,31232,10151,3.076741,67.4981,True,True,8.5579,0.2106
govdocs1-thread000,000946.doc,balanced,C++ native,AFC2,31232,9608,3.250624,69.2367,True,True,24.2228,0.2318
govdocs1-thread000,000946.doc,maximum,C++ native,AFC2,31232,9608,3.250624,69.2367,True,True,49.9836,0.2515
govdocs1-thread000,000947.html,fast,C++ native,AFC2,308,294,1.047619,4.5455,True,True,0.7012,0.0181
govdocs1-thread000,000947.html,balanced,C++ native,AFC2,308,294,1.047619,4.5455,True,True,1.6525,0.016
govdocs1-thread000,000947.html,maximum,C++ native,AFC2,308,294,1.047619,4.5455,True,True,2.3131,0.0157
govdocs1-thread000,000948.doc,fast,C++ native,AFC2,62976,41049,1.534166,34.818,True,True,15.3253,0.4442
govdocs1-thread000,000948.doc,balanced,C++ native,AFC2,62976,38845,1.621213,38.3178,True,True,43.5179,0.4161
govdocs1-thread000,000948.doc,maximum,C++ native,AFC2,62976,38845,1.621213,38.3178,True,True,87.1519,0.4557
govdocs1-thread000,000949.doc,fast,C++ native,AFC2,69120,30458,2.269355,55.9346,True,True,11.4965,0.3549
govdocs1-thread000,000949.doc,balanced,C++ native,AFC2,69120,28375,2.435947,58.9482,True,True,27.7645,0.4289
govdocs1-thread000,000949.doc,maximum,C++ native,AFC2,69120,27455,2.517574,60.2792,True,True,53.9163,0.3574
govdocs1-thread000,000950.doc,fast,C++ native,AFC2,171520,78404,2.187643,54.2887,True,True,24.0865,0.9567
govdocs1-thread000,000950.doc,balanced,C++ native,AFC2,171520,72313,2.371911,57.8399,True,True,63.1437,0.9462
govdocs1-thread000,000950.doc,maximum,C++ native,AFC2,171520,71335,2.40443,58.4101,True,True,132.6858,0.9936
govdocs1-thread000,000951.html,fast,C++ native,AFC2,308,294,1.047619,4.5455,True,True,0.8587,0.0182
govdocs1-thread000,000951.html,balanced,C++ native,AFC2,308,294,1.047619,4.5455,True,True,1.7336,0.0168
govdocs1-thread000,000951.html,maximum,C++ native,AFC2,308,294,1.047619,4.5455,True,True,2.346,0.0154
govdocs1-thread000,000952.doc,fast,C++ native,AFC2,247296,82651,2.992051,66.5781,True,True,21.8269,0.93
govdocs1-thread000,000952.doc,balanced,C++ native,AFC2,247296,71997,3.43481,70.8863,True,True,60.171,0.8007
govdocs1-thread000,000952.doc,maximum,C++ native,AFC2,247296,68150,3.628701,72.4419,True,True,119.9675,1.0586
govdocs1-thread000,000953.doc,fast,C++ native,AFC2,101376,49925,2.030566,50.7526,True,True,13.056,0.4421
govdocs1-thread000,000953.doc,balanced,C++ native,AFC2,101376,47280,2.144162,53.3617,True,True,33.3684,0.5366
govdocs1-thread000,000953.doc,maximum,C++ native,AFC2,101376,47140,2.15053,53.4998,True,True,74.4579,0.4148
govdocs1-thread000,000954.pdf,fast,C++ native,AFC3,69431,56938,1.219414,17.9934,True,True,181.6588,0.3087
govdocs1-thread000,000954.pdf,balanced,C++ native,AFC3,69431,55528,1.250378,20.0242,True,True,223.5506,0.2307
govdocs1-thread000,000954.pdf,maximum,C++ native,AFC3,69431,55487,1.251302,20.0832,True,True,272.9069,0.2096
govdocs1-thread000,000955.pdf,fast,C++ native,AFC2,193435,102493,1.8873,47.0142,True,True,193.1843,1.6665
govdocs1-thread000,000955.pdf,balanced,C++ native,AFC2,193435,97414,1.9857,49.6399,True,True,268.5552,1.3024
govdocs1-thread000,000955.pdf,maximum,C++ native,AFC2,193435,95814,2.018859,50.4671,True,True,375.7942,1.1348
govdocs1-thread000,000956.pdf,fast,C++ native,AFC3,277775,206188,1.347193,25.7716,True,True,1491.1872,0.6766
govdocs1-thread000,000956.pdf,balanced,C++ native,AFC3,277775,200771,1.383541,27.7217,True,True,1698.2629,0.6918
govdocs1-thread000,000956.pdf,maximum,C++ native,AFC3,277775,200771,1.383541,27.7217,True,True,2113.8454,0.8366
govdocs1-thread000,000957.doc,fast,C++ native,AFC2,46592,19092,2.440394,59.023,True,True,12.2549,0.3499
govdocs1-thread000,000957.doc,balanced,C++ native,AFC2,46592,17115,2.72229,63.2662,True,True,39.623,0.2895
govdocs1-thread000,000957.doc,maximum,C++ native,AFC2,46592,17057,2.731547,63.3907,True,True,69.3532,0.2928
govdocs1-thread000,000958.doc,fast,C++ native,AFC2,652800,518207,1.259728,20.6178,True,True,123.1504,3.9668
govdocs1-thread000,000958.doc,balanced,C++ native,AFC2,652800,509848,1.280382,21.8983,True,True,306.7902,3.3687
govdocs1-thread000,000958.doc,maximum,C++ native,AFC2,652800,506679,1.28839,22.3837,True,True,597.9456,3.9453
govdocs1-thread000,000959.xls,fast,C++ native,AFC2,31744,8096,3.920949,74.496,True,True,8.7258,0.1746
govdocs1-thread000,000959.xls,balanced,C++ native,AFC2,31744,7455,4.258082,76.5152,True,True,21.2887,0.1694
govdocs1-thread000,000959.xls,maximum,C++ native,AFC2,31744,7387,4.297279,76.7295,True,True,45.3107,0.1478
govdocs1-thread000,000960.doc,fast,C++ native,AFC2,78336,29584,2.647918,62.2345,True,True,10.7708,0.3765
govdocs1-thread000,000960.doc,balanced,C++ native,AFC2,78336,26745,2.928996,65.8586,True,True,30.1073,0.3981
govdocs1-thread000,000960.doc,maximum,C++ native,AFC2,78336,26745,2.928996,65.8586,True,True,65.6626,0.407
govdocs1-thread000,000961.doc,fast,C++ native,AFC2,1376768,660629,2.084026,52.016,True,True,129.875,4.8534
govdocs1-thread000,000961.doc,balanced,C++ native,AFC2,1376768,591822,2.326321,57.0137,True,True,335.8539,5.1961
govdocs1-thread000,000961.doc,maximum,C++ native,AFC2,1376768,579144,2.377246,57.9345,True,True,746.2609,5.178
govdocs1-thread000,000962.jpg,fast,C++ native,AFC1,209546,209554,0.999962,-0.0038,True,True,50.4806,0.0471
govdocs1-thread000,000962.jpg,balanced,C++ native,AFC2,209546,209332,1.001022,0.1021,True,True,113.4109,1.362
govdocs1-thread000,000962.jpg,maximum,C++ native,AFC2,209546,209332,1.001022,0.1021,True,True,177.8204,1.3331
govdocs1-thread000,000963.doc,fast,C++ native,AFC2,113152,30191,3.747872,73.3182,True,True,9.2562,0.3487
govdocs1-thread000,000963.doc,balanced,C++ native,AFC2,113152,24419,4.633769,78.4193,True,True,26.5586,0.3588
govdocs1-thread000,000963.doc,maximum,C++ native,AFC2,113152,24036,4.707605,78.7578,True,True,51.816,0.4054
govdocs1-thread000,000964.doc,fast,C++ native,AFC2,424448,119431,3.553918,71.862,True,True,35.5487,1.724
govdocs1-thread000,000964.doc,balanced,C++ native,AFC2,424448,106736,3.976615,74.853,True,True,101.2737,1.56
govdocs1-thread000,000964.doc,maximum,C++ native,AFC2,424448,104962,4.043825,75.2709,True,True,216.1687,1.5578
govdocs1-thread000,000965.doc,fast,C++ native,AFC2,238080,159951,1.488456,32.8163,True,True,38.3204,1.1563
govdocs1-thread000,000965.doc,balanced,C++ native,AFC2,238080,155151,1.534505,34.8324,True,True,92.467,1.1746
govdocs1-thread000,000965.doc,maximum,C++ native,AFC2,238080,153235,1.553692,35.6372,True,True,195.4795,1.3833
govdocs1-thread000,000966.doc,fast,C++ native,AFC2,1344000,1086318,1.237207,19.1728,True,True,198.8289,6.5329
govdocs1-thread000,000966.doc,balanced,C++ native,AFC2,1344000,1055001,1.273932,21.5029,True,True,513.4164,7.677
govdocs1-thread000,000966.doc,maximum,C++ native,AFC2,1344000,1047824,1.282658,22.0369,True,True,1112.9965,8.0472
govdocs1-thread000,000967.doc,fast,C++ native,AFC2,48128,20876,2.305422,56.624,True,True,10.995,0.4111
govdocs1-thread000,000967.doc,balanced,C++ native,AFC2,48128,18536,2.596461,61.486,True,True,39.2282,0.2986
govdocs1-thread000,000967.doc,maximum,C++ native,AFC2,48128,18490,2.60292,61.5816,True,True,68.6691,0.3733
govdocs1-thread000,000968.jpg,fast,C++ native,AFC1,12253,12260,0.999429,-0.0571,True,True,5.1161,0.0246
govdocs1-thread000,000968.jpg,balanced,C++ native,AFC1,12253,12260,0.999429,-0.0571,True,True,10.654,0.0144
govdocs1-thread000,000968.jpg,maximum,C++ native,AFC1,12253,12260,0.999429,-0.0571,True,True,19.3956,0.0139
govdocs1-thread000,000969.jpg,fast,C++ native,AFC1,1710,1717,0.995923,-0.4094,True,True,2.0654,0.0102
govdocs1-thread000,000969.jpg,balanced,C++ native,AFC1,1710,1717,0.995923,-0.4094,True,True,5.9403,0.013
govdocs1-thread000,000969.jpg,maximum,C++ native,AFC1,1710,1717,0.995923,-0.4094,True,True,8.7535,0.011
govdocs1-thread000,000970.doc,fast,C++ native,AFC2,43520,15331,2.838693,64.7725,True,True,9.7923,0.3372
govdocs1-thread000,000970.doc,balanced,C++ native,AFC2,43520,14323,3.03847,67.0887,True,True,27.5577,0.2618
govdocs1-thread000,000970.doc,maximum,C++ native,AFC2,43520,14203,3.064141,67.3644,True,True,50.6254,0.2711
govdocs1-thread000,000971.doc,fast,C++ native,AFC2,73216,20806,3.518985,71.5827,True,True,9.1035,0.3317
govdocs1-thread000,000971.doc,balanced,C++ native,AFC2,73216,15654,4.677143,78.6194,True,True,21.5868,0.2574
govdocs1-thread000,000971.doc,maximum,C++ native,AFC2,73216,14670,4.990866,79.9634,True,True,32.7659,0.2968
govdocs1-thread000,000972.gif,fast,C++ native,AFC1,24614,24622,0.999675,-0.0325,True,True,7.5361,0.0283
govdocs1-thread000,000972.gif,balanced,C++ native,AFC1,24614,24622,0.999675,-0.0325,True,True,17.8262,0.0236
govdocs1-thread000,000972.gif,maximum,C++ native,AFC1,24614,24622,0.999675,-0.0325,True,True,28.083,0.0269
govdocs1-thread000,000973.doc,fast,C++ native,AFC2,428032,156034,2.743197,63.5462,True,True,42.5045,1.8114
govdocs1-thread000,000973.doc,balanced,C++ native,AFC2,428032,139845,3.06076,67.3284,True,True,119.8608,1.7124
govdocs1-thread000,000973.doc,maximum,C++ native,AFC2,428032,135275,3.164162,68.3961,True,True,276.9547,2.2603
govdocs1-thread000,000974.doc,fast,C++ native,AFC2,285184,149246,1.910832,47.6668,True,True,42.6287,1.8179
govdocs1-thread000,000974.doc,balanced,C++ native,AFC2,285184,137947,2.067345,51.6288,True,True,112.2012,1.5886
govdocs1-thread000,000974.doc,maximum,C++ native,AFC2,285184,136155,2.094554,52.2571,True,True,229.2721,1.6316
govdocs1-thread000,000975.xml,fast,C++ native,AFC2,33479,13792,2.427422,58.804,True,True,10.0973,0.2715
govdocs1-thread000,000975.xml,balanced,C++ native,AFC2,33479,11622,2.880657,65.2857,True,True,29.3344,0.2398
govdocs1-thread000,000975.xml,maximum,C++ native,AFC2,33479,11311,2.959862,66.2146,True,True,53.889,0.2089
govdocs1-thread000,000976.doc,fast,C++ native,AFC2,129536,48553,2.66793,62.5178,True,True,15.1286,0.5825
govdocs1-thread000,000976.doc,balanced,C++ native,AFC2,129536,44805,2.891106,65.4112,True,True,38.7399,0.5466
govdocs1-thread000,000976.doc,maximum,C++ native,AFC2,129536,43419,2.983394,66.4811,True,True,74.5345,0.6076
govdocs1-thread000,000977.doc,fast,C++ native,AFC2,38400,10030,3.828514,73.8802,True,True,8.2355,0.2579
govdocs1-thread000,000977.doc,balanced,C++ native,AFC2,38400,9087,4.225817,76.3359,True,True,23.7076,0.1739
govdocs1-thread000,000977.doc,maximum,C++ native,AFC2,38400,9087,4.225817,76.3359,True,True,39.4989,0.1532
govdocs1-thread000,000978.xml,fast,C++ native,AFC2,156498,46387,3.373747,70.3594,True,True,17.236,0.7762
govdocs1-thread000,000978.xml,balanced,C++ native,AFC2,156498,38853,4.027952,75.1735,True,True,45.9834,0.6935
govdocs1-thread000,000978.xml,maximum,C++ native,AFC2,156498,38853,4.027952,75.1735,True,True,90.3889,0.6467
govdocs1-thread000,000979.doc,fast,C++ native,AFC2,1795072,1654351,1.085061,7.8393,True,True,248.6222,10.3558
govdocs1-thread000,000979.doc,balanced,C++ native,AFC2,1795072,1645606,1.090827,8.3265,True,True,680.7696,9.6489
govdocs1-thread000,000979.doc,maximum,C++ native,AFC2,1795072,1635939,1.097273,8.865,True,True,1514.909,9.6081
govdocs1-thread000,000980.ps,fast,C++ native,AFC2,6327212,1891826,3.3445,70.1002,True,True,194.3018,17.0394
govdocs1-thread000,000980.ps,balanced,C++ native,AFC2,6327212,1692988,3.737305,73.2427,True,True,722.3244,16.2136
govdocs1-thread000,000980.ps,maximum,C++ native,AFC2,6327212,1634169,3.871822,74.1724,True,True,2999.1445,15.9354
govdocs1-thread000,000981.doc,fast,C++ native,AFC2,33280,10714,3.106216,67.8065,True,True,11.6919,0.2236
govdocs1-thread000,000981.doc,balanced,C++ native,AFC2,33280,9841,3.38177,70.4297,True,True,21.2742,0.1462
govdocs1-thread000,000981.doc,maximum,C++ native,AFC2,33280,9841,3.38177,70.4297,True,True,45.0778,0.2012
govdocs1-thread000,000982.ppt,fast,C++ native,AFC2,1104384,933580,1.182956,15.466,True,True,236.5473,6.5858
govdocs1-thread000,000982.ppt,balanced,C++ native,AFC2,1104384,917226,1.204048,16.9468,True,True,634.3903,7.6273
govdocs1-thread000,000982.ppt,maximum,C++ native,AFC2,1104384,915134,1.2068,17.1362,True,True,1345.7895,7.1251
govdocs1-thread000,000983.ppt,fast,C++ native,AFC2,92160,41858,2.20173,54.5812,True,True,14.6627,0.4572
govdocs1-thread000,000983.ppt,balanced,C++ native,AFC2,92160,38221,2.41124,58.5276,True,True,31.1062,0.4047
govdocs1-thread000,000983.ppt,maximum,C++ native,AFC2,92160,36686,2.51213,60.1931,True,True,57.9458,0.4421
govdocs1-thread000,000984.ppt,fast,C++ native,AFC2,923136,788454,1.170818,14.5896,True,True,196.0965,5.436
govdocs1-thread000,000984.ppt,balanced,C++ native,AFC2,923136,780296,1.183059,15.4733,True,True,457.6794,4.9656
govdocs1-thread000,000984.ppt,maximum,C++ native,AFC2,923136,773234,1.193864,16.2383,True,True,862.4742,5.0366
govdocs1-thread000,000985.ppt,fast,C++ native,AFC2,1238016,884737,1.399304,28.5359,True,True,203.4324,5.3941
govdocs1-thread000,000985.ppt,balanced,C++ native,AFC2,1238016,858542,1.441998,30.6518,True,True,472.6759,6.0007
govdocs1-thread000,000985.ppt,maximum,C++ native,AFC2,1238016,855809,1.446603,30.8725,True,True,976.5155,6.1382
govdocs1-thread000,000986.ppt,fast,C++ native,AFC2,275456,239951,1.147968,12.8895,True,True,54.7359,1.5783
govdocs1-thread000,000986.ppt,balanced,C++ native,AFC2,275456,236368,1.165369,14.1903,True,True,143.3239,1.7149
govdocs1-thread000,000986.ppt,maximum,C++ native,AFC2,275456,235605,1.169143,14.4673,True,True,279.5826,1.7464
govdocs1-thread000,000987.ppt,fast,C++ native,AFC2,1231360,1178488,1.044864,4.2938,True,True,229.1234,6.8155
govdocs1-thread000,000987.ppt,balanced,C++ native,AFC2,1231360,1175217,1.047772,4.5594,True,True,634.3457,6.7011
govdocs1-thread000,000987.ppt,maximum,C++ native,AFC2,1231360,1172915,1.049829,4.7464,True,True,1314.4041,7.2087
govdocs1-thread000,000988.ppt,fast,C++ native,AFC2,130560,92973,1.404279,28.7891,True,True,29.9846,1.0105
govdocs1-thread000,000988.ppt,balanced,C++ native,AFC2,130560,91685,1.424006,29.7756,True,True,67.7066,0.8049
govdocs1-thread000,000988.ppt,maximum,C++ native,AFC2,130560,89809,1.453752,31.2125,True,True,105.5307,0.6522
govdocs1-thread000,000989.ppt,fast,C++ native,AFC2,358400,276602,1.295725,22.8231,True,True,61.1762,1.8631
govdocs1-thread000,000989.ppt,balanced,C++ native,AFC2,358400,271916,1.318054,24.1306,True,True,170.5091,2.2251
govdocs1-thread000,000989.ppt,maximum,C++ native,AFC2,358400,270787,1.32355,24.4456,True,True,391.1602,2.1926
govdocs1-thread000,000990.ppt,fast,C++ native,AFC2,584704,494722,1.181884,15.3893,True,True,115.1931,4.0381
govdocs1-thread000,000990.ppt,balanced,C++ native,AFC2,584704,487188,1.200161,16.6778,True,True,267.3566,2.9514
govdocs1-thread000,000990.ppt,maximum,C++ native,AFC2,584704,484812,1.206043,17.0842,True,True,523.2733,3.7114
govdocs1-thread000,000991.ppt,fast,C++ native,AFC2,343040,255268,1.343843,25.5865,True,True,61.9972,1.8696
govdocs1-thread000,000991.ppt,balanced,C++ native,AFC2,343040,247749,1.384627,27.7784,True,True,161.8988,1.8852
govdocs1-thread000,000991.ppt,maximum,C++ native,AFC2,343040,246526,1.391496,28.1349,True,True,298.7772,1.685
govdocs1-thread000,000992.ppt,fast,C++ native,AFC2,70144,36674,1.912636,47.7161,True,True,11.7432,0.3752
govdocs1-thread000,000992.ppt,balanced,C++ native,AFC2,70144,34437,2.036879,50.9053,True,True,29.906,0.3629
govdocs1-thread000,000992.ppt,maximum,C++ native,AFC2,70144,33833,2.073242,51.7664,True,True,56.0917,0.372
govdocs1-thread000,000993.ppt,fast,C++ native,AFC2,401920,145682,2.758886,63.7535,True,True,40.2439,1.7377
govdocs1-thread000,000993.ppt,balanced,C++ native,AFC2,401920,131364,3.05959,67.3159,True,True,104.5093,1.6164
govdocs1-thread000,000993.ppt,maximum,C++ native,AFC2,401920,121893,3.297318,69.6723,True,True,253.418,2.2514
govdocs1-thread000,000994.ppt,fast,C++ native,AFC2,1641984,1410405,1.164193,14.1036,True,True,247.1428,8.4942
govdocs1-thread000,000994.ppt,balanced,C++ native,AFC2,1641984,1364488,1.20337,16.9,True,True,713.6866,8.2854
govdocs1-thread000,000994.ppt,maximum,C++ native,AFC2,1641984,1286090,1.276726,21.6746,True,True,1582.81,7.6934
govdocs1-thread000,000995.ppt,fast,C++ native,AFC2,116736,33440,3.490909,71.3542,True,True,12.136,0.4981
govdocs1-thread000,000995.ppt,balanced,C++ native,AFC2,116736,29557,3.949521,74.6805,True,True,35.0601,0.4862
govdocs1-thread000,000995.ppt,maximum,C++ native,AFC2,116736,23377,4.993626,79.9745,True,True,61.934,0.4582
govdocs1-thread000,000996.ps,fast,C++ native,AFC2,1062610,704236,1.508883,33.7258,True,True,148.3373,6.3994
govdocs1-thread000,000996.ps,balanced,C++ native,AFC2,1062610,670870,1.583928,36.8658,True,True,373.8009,6.3193
govdocs1-thread000,000996.ps,maximum,C++ native,AFC2,1062610,668136,1.59041,37.1231,True,True,786.1753,6.9745
govdocs1-thread000,000997.ppt,fast,C++ native,AFC2,62976,31648,1.989889,49.7459,True,True,11.2594,0.2804
govdocs1-thread000,000997.ppt,balanced,C++ native,AFC2,62976,30235,2.082884,51.9896,True,True,40.4331,0.3191
govdocs1-thread000,000997.ppt,maximum,C++ native,AFC2,62976,30212,2.08447,52.0262,True,True,73.9424,0.2845
govdocs1-thread000,000998.ppt,fast,C++ native,AFC2,453632,416623,1.088831,8.1584,True,True,100.8424,2.6344
govdocs1-thread000,000998.ppt,balanced,C++ native,AFC2,453632,412482,1.099762,9.0712,True,True,256.7801,3.0111
govdocs1-thread000,000998.ppt,maximum,C++ native,AFC2,453632,411187,1.103226,9.3567,True,True,549.558,3.1759
govdocs1-thread000,000999.ppt,fast,C++ native,AFC2,430592,290408,1.482714,32.5561,True,True,68.0425,2.2346
govdocs1-thread000,000999.ppt,balanced,C++ native,AFC2,430592,279595,1.540056,35.0673,True,True,172.972,2.2004
govdocs1-thread000,000999.ppt,maximum,C++ native,AFC2,430592,271323,1.587009,36.9884,True,True,360.0081,2.1861
